image_path,important_labels
/kaggle/input/datasets/mihailodin1/all-image-skin/100.jpg,"[""asymmetry:выраженная"", ""palette:монотонная"", ""color_homogeneity:цвет неоднородный"", ""dominant_hue:красноватый"", ""color_distance_euclidean:сильный"", ""std_H_lesion:высокая"", ""delta_S_center_periphery:выше"", ""shape:округлая"", ""borders:умеренно неровные"", ""texture:преимущественно однородная""]"
/kaggle/input/datasets/mihailodin1/all-image-skin/1000.jpg,"[""asymmetry:умеренная"", ""palette:монотонная"", ""color_homogeneity:цвет умеренно неоднородный"", ""rim:тёмный ободок по краю"", ""delta_H_center_periphery:оттенок_как_периферия"", ""delta_V_top_bottom:слабая"", ""shape:овальная"", ""solidity:высокая"", ""borders:умеренно неровные"", ""texture:преимущественно однородная""]"
/kaggle/input/datasets/mihailodin1/all-image-skin/1001.jpg,"[""asymmetry:умеренная"", ""palette:монотонная"", ""color_distance_euclidean:умеренный"", ""mean_S_lesion:средняя"", ""rim:без выраженного ободка"", ""delta_H_center_periphery:оттенок_как_периферия"", ""shape:овальная"", ""solidity:высокая"", ""borders:умеренно неровные"", ""texture_coarseness:гладкая""]"
/kaggle/input/datasets/mihailodin1/all-image-skin/1002.jpg,"[""asymmetry:выраженная"", ""contrast:выраженный"", ""dominant_hue:желтовато-коричневый"", ""color_distance_euclidean:очень_сильный"", ""delta_V_center_periphery:значительно_темнее"", ""elongation:умеренно вытянутая"", ""shape:овальная"", ""borders:умеренно неровные"", ""texture:преимущественно однородная"", ""structure_order:хаотичная""]"
/kaggle/input/datasets/mihailodin1/all-image-skin/1003.jpg,"[""asymmetry:выраженная"", ""contrast:выраженный"", ""dominant_hue:желтовато-коричневый"", ""delta_S_center_periphery:умеренно_выше"", ""delta_V_top_bottom:слабая"", ""shape:овальная"", ""eccentricity:сильно_вытянутая"", ""borders:умеренно неровные"", ""texture:преимущественно однородная"", ""structure_order:хаотичная""]"
/kaggle/input/datasets/mihailodin1/all-image-skin/1004.jpg,"[""asymmetry:выраженная"", ""palette:монотонная"", ""dominant_hue:коричневый"", ""rim:тёмный ободок по краю"", ""delta_V_center_periphery:значительно_темнее"", ""shape:округлая"", ""solidity:высокая"", ""fractal_dimension:сильно_изрезанная"", ""texture:преимущественно однородная"", ""structure_order:хаотичная""]"
/kaggle/input/datasets/mihailodin1/all-image-skin/1005.jpg,"[""asymmetry:выраженная"", ""contrast:выраженный"", ""color_homogeneity:цвет неоднородный"", ""std_V_lesion:высокая"", ""rim:без выраженного ободка"", ""delta_S_center_periphery:умеренно_выше"", ""elongation:вытянутая"", ""shape:неправильная"", ""borders:фестончатые"", ""structure_order:хаотичная""]"
/kaggle/input/datasets/mihailodin1/all-image-skin/1006.jpg,"[""asymmetry:выраженная"", ""contrast:выраженный"", ""color_homogeneity:цвет неоднородный"", ""dominant_hue:красноватый"", ""rim:тёмный ободок по краю"", ""delta_V_center_periphery:значительно_темнее"", ""shape:округлая"", ""perimeter:средний"", ""borders:умеренно неровные"", ""texture:преимущественно однородная""]"
/kaggle/input/datasets/mihailodin1/all-image-skin/1007.jpg,"[""asymmetry:выраженная"", ""contrast:выраженный"", ""palette:монотонная"", ""dominant_hue:красноватый"", ""rim:тёмный ободок по краю"", ""delta_V_center_periphery:значительно_темнее"", ""shape:округлая"", ""solidity:высокая"", ""borders:умеренно неровные"", ""structure_order:хаотичная""]"
/kaggle/input/datasets/mihailodin1/all-image-skin/1008.jpg,"[""asymmetry:выраженная"", ""contrast:выраженный"", ""color_homogeneity:цвет неоднородный"", ""rim:тёмный ободок по краю"", ""delta_S_center_periphery:умеренно_выше"", ""delta_V_center_periphery:темнее"", ""shape:округлая"", ""fractal_dimension:умеренно_изрезанная"", ""texture:преимущественно однородная"", ""glcm_energy:высокая""]"
/kaggle/input/datasets/mihailodin1/all-image-skin/1009.jpg,"[""asymmetry:выраженная"", ""contrast:умеренный"", ""color_homogeneity:цвет неоднородный"", ""rim:без выраженного ободка"", ""delta_V_center_periphery:равная"", ""shape:неправильная"", ""eccentricity:сильно_вытянутая"", ""fractal_dimension:умеренно_изрезанная"", ""texture:преимущественно однородная"", ""texture_coarseness:гладкая""]"
/kaggle/input/datasets/mihailodin1/all-image-skin/101.jpg,"[""asymmetry:выраженная"", ""color_homogeneity:цвет неоднородный"", ""dominant_hue:желтовато-коричневый"", ""rim:тёмный ободок по краю"", ""delta_V_center_periphery:темнее"", ""shape:овальная"", ""eccentricity:умеренно_вытянутая"", ""fractal_dimension:умеренно_изрезанная"", ""texture:умеренно неоднородная"", ""structure_order:хаотичная""]"
/kaggle/input/datasets/mihailodin1/all-image-skin/1010.jpg,"[""asymmetry:выраженная"", ""color_homogeneity:цвет неоднородный"", ""dominant_hue:желтовато-коричневый"", ""rim:без выраженного ободка"", ""delta_V_center_periphery:равная"", ""lobulation:лобуляции слабые"", ""shape:округлая"", ""borders:ровные"", ""texture:преимущественно однородная"", ""structure_order:хаотичная""]"
/kaggle/input/datasets/mihailodin1/all-image-skin/1011.jpg,"[""asymmetry:выраженная"", ""contrast:выраженный"", ""dominant_hue:красноватый"", ""rim:тёмный ободок по краю"", ""delta_V_center_periphery:значительно_темнее"", ""lobulation:лобуляции слабые"", ""shape:овальная"", ""eccentricity:умеренно_вытянутая"", ""fractal_dimension:умеренно_изрезанная"", ""structure_order:хаотичная""]"
/kaggle/input/datasets/mihailodin1/all-image-skin/1012.jpg,"[""asymmetry:выраженная"", ""contrast:выраженный"", ""dominant_hue:красноватый"", ""delta_V_center_periphery:значительно_темнее"", ""delta_V_inner_rim:темнее_центра"", ""lobulation:лобуляции слабые"", ""shape:округлая"", ""fractal_dimension:умеренно_изрезанная"", ""texture:преимущественно однородная"", ""structure_order:хаотичная""]"
/kaggle/input/datasets/mihailodin1/all-image-skin/1013.jpg,"[""asymmetry:выраженная"", ""palette:монотонная"", ""dominant_hue:красноватый"", ""delta_V_center_periphery:значительно_темнее"", ""delta_V_top_bottom:сильная_низ_верх"", ""shape:овальная"", ""eccentricity:сильно_вытянутая"", ""borders:умеренно неровные"", ""texture_coarseness:гладкая"", ""structure_order:хаотичная""]"
/kaggle/input/datasets/mihailodin1/all-image-skin/1014.jpg,"[""asymmetry:выраженная"", ""contrast:выраженный"", ""dominant_hue:красноватый"", ""rim:тёмный ободок по краю"", ""delta_V_center_periphery:значительно_темнее"", ""shape:овальная"", ""area:маленький"", ""borders:умеренно неровные"", ""texture_coarseness:гладкая"", ""structure_order:хаотичная""]"
/kaggle/input/datasets/mihailodin1/all-image-skin/1015.jpg,"[""asymmetry:выраженная"", ""dominant_hue:красноватый"", ""rim:тёмный ободок по краю"", ""delta_V_center_periphery:значительно_темнее"", ""lobulation:лобуляции отсутствуют"", ""shape:округлая"", ""borders:ровные"", ""fractal_dimension:умеренно_изрезанная"", ""texture_coarseness:гладкая"", ""structure_order:хаотичная""]"
/kaggle/input/datasets/mihailodin1/all-image-skin/1016.jpg,"[""asymmetry:выраженная"", ""pigmentation:с примесью красного или синего"", ""dominant_hue:красноватый"", ""color_distance_euclidean:выраженный"", ""rim:тёмный ободок по краю"", ""delta_V_inner_rim:слегка_темнее"", ""area:очень_маленький"", ""perimeter:маленький"", ""fractal_dimension:сильно_изрезанная"", ""texture:преимущественно однородная""]"
/kaggle/input/datasets/mihailodin1/all-image-skin/1017.jpg,"[""asymmetry:выраженная"", ""dominant_hue:красноватый"", ""color_distance_euclidean:выраженный"", ""rim:тёмный ободок по краю"", ""delta_V_inner_rim:слегка_темнее"", ""lobulation:лобуляции слабые"", ""shape:округлая"", ""radial_variance:высокая"", ""texture:преимущественно однородная"", ""structure_order:хаотичная""]"
/kaggle/input/datasets/mihailodin1/all-image-skin/1018.jpg,"[""asymmetry:выраженная"", ""pigmentation:с примесью красного или синего"", ""color_distance_euclidean:умеренный"", ""rim:тёмный ободок по краю"", ""delta_V_center_periphery:темнее"", ""lobulation:лобуляции слабые"", ""borders:умеренно неровные"", ""perimeter_area_ratio:среднее"", ""texture:преимущественно однородная"", ""structure_order:хаотичная""]"
/kaggle/input/datasets/mihailodin1/all-image-skin/1019.jpg,"[""asymmetry:выраженная"", ""contrast:выраженный"", ""dominant_hue:красноватый"", ""rim:тёмный ободок по краю"", ""delta_V_inner_rim:слегка_темнее"", ""lobulation:лобуляции отсутствуют"", ""shape:овальная"", ""area:очень_маленький"", ""borders:умеренно неровные"", ""structure_order:хаотичная""]"
/kaggle/input/datasets/mihailodin1/all-image-skin/102.jpg,"[""asymmetry:выраженная"", ""pigmentation:с примесью красного или синего"", ""color_distance_euclidean:умеренный"", ""rim:тёмный ободок по краю"", ""delta_S_top_bottom:сильная_верх_низ"", ""shape:неправильная"", ""perimeter:большой"", ""borders:фестончатые"", ""structure_order:хаотичная""]"
/kaggle/input/datasets/mihailodin1/all-image-skin/1020.jpg,"[""asymmetry:выраженная"", ""contrast:выраженный"", ""dominant_hue:красноватый"", ""color_distance_euclidean:сильный"", ""rim:тёмный ободок по краю"", ""delta_V_center_periphery:значительно_темнее"", ""delta_V_inner_rim:темнее_центра"", ""shape:округлая"", ""area:очень_маленький"", ""texture:преимущественно однородная""]"
/kaggle/input/datasets/mihailodin1/all-image-skin/1021.jpg,"[""asymmetry:выраженная"", ""contrast:выраженный"", ""pigmentation:с примесью красного или синего"", ""color_distance_euclidean:умеренный"", ""rim:без выраженного ободка"", ""delta_V_inner_rim:одинаковый"", ""elongation:вытянутая"", ""shape:неправильная"", ""fractal_dimension:слабо_изрезанная"", ""texture_coarseness:гладкая""]"
/kaggle/input/datasets/mihailodin1/all-image-skin/1022.jpg,"[""asymmetry:выраженная"", ""contrast:выраженный"", ""dominant_hue:желтовато-коричневый"", ""color_distance_euclidean:выраженный"", ""delta_S_center_periphery:умеренно_выше"", ""delta_V_left_right:сильная_право_лево"", ""elongation:вытянутая"", ""shape:овальная"", ""radial_variance:высокая"", ""structure_order:хаотичная""]"
/kaggle/input/datasets/mihailodin1/all-image-skin/1023.jpg,"[""asymmetry:выраженная"", ""contrast:выраженный"", ""dominant_hue:красноватый"", ""color_distance_euclidean:сильный"", ""rim:тёмный ободок по краю"", ""delta_V_inner_rim:темнее_центра"", ""delta_V_left_right:слабая"", ""shape:округлая"", ""borders:умеренно неровные"", ""texture:преимущественно однородная""]"
/kaggle/input/datasets/mihailodin1/all-image-skin/1024.jpg,"[""asymmetry:выраженная"", ""contrast:выраженный"", ""pigmentation:с примесью красного или синего"", ""color_distance_euclidean:выраженный"", ""rim:тёмный ободок по краю"", ""delta_V_inner_rim:слегка_темнее"", ""shape:округлая"", ""area:маленький"", ""fractal_dimension:умеренно_изрезанная"", ""texture_coarseness:гладкая""]"
/kaggle/input/datasets/mihailodin1/all-image-skin/1025.jpg,"[""asymmetry:выраженная"", ""dominant_hue:коричневый"", ""color_distance_euclidean:выраженный"", ""rim:тёмный ободок по краю"", ""delta_V_center_periphery:темнее"", ""shape:округлая"", ""area:маленький"", ""borders:ровные"", ""texture_coarseness:гладкая"", ""structure_order:хаотичная""]"
/kaggle/input/datasets/mihailodin1/all-image-skin/1026.jpg,"[""asymmetry:выраженная"", ""dominant_hue:красноватый"", ""color_distance_euclidean:сильный"", ""delta_S_center_periphery:выше"", ""delta_V_inner_rim:слегка_темнее"", ""elongation:умеренно вытянутая"", ""shape:округлая"", ""area:маленький"", ""borders:ровные"", ""texture_coarseness:гладкая""]"
/kaggle/input/datasets/mihailodin1/all-image-skin/1027.jpg,"[""asymmetry:выраженная"", ""palette:монотонная"", ""color_homogeneity:цвет неоднородный"", ""dominant_hue:красноватый"", ""delta_V_center_periphery:темнее"", ""delta_V_inner_rim:слегка_темнее"", ""delta_V_left_right:слабая"", ""shape:овальная"", ""perimeter_area_ratio:среднее"", ""texture:преимущественно однородная""]"
/kaggle/input/datasets/mihailodin1/all-image-skin/1028.jpg,"[""asymmetry:выраженная"", ""contrast:выраженный"", ""pigmentation:с примесью красного или синего"", ""color_distance_euclidean:умеренный"", ""delta_V_center_periphery:темнее"", ""elongation:умеренно вытянутая"", ""shape:неправильная"", ""perimeter:большой"", ""fractal_dimension:слабо_изрезанная"", ""lbp_std:высокий""]"
/kaggle/input/datasets/mihailodin1/all-image-skin/1029.jpg,"[""asymmetry:выраженная"", ""color_homogeneity:цвет неоднородный"", ""color_distance_euclidean:умеренный"", ""delta_V_inner_rim:слегка_темнее"", ""delta_V_left_right:сильная_право_лево"", ""shape:неправильная"", ""eccentricity:умеренно_вытянутая"", ""fractal_dimension:умеренно_изрезанная"", ""texture:умеренно неоднородная"", ""lbp_std:высокий""]"
/kaggle/input/datasets/mihailodin1/all-image-skin/103.jpg,"[""contrast:выраженный"", ""dominant_hue:желтовато-коричневый"", ""color_distance_euclidean:выраженный"", ""delta_V_center_periphery:темнее"", ""delta_V_left_right:слабая"", ""shape:овальная"", ""eccentricity:сильно_вытянутая"", ""fractal_dimension:умеренно_изрезанная"", ""structure_order:хаотичная"", ""lbp_std:средний""]"
/kaggle/input/datasets/mihailodin1/all-image-skin/1030.jpg,"[""asymmetry:выраженная"", ""dominant_hue:желтовато-коричневый"", ""color_balance_R:повышен"", ""color_distance_euclidean:выраженный"", ""delta_V_center_periphery:значительно_темнее"", ""shape:овальная"", ""perimeter:большой"", ""borders:умеренно неровные"", ""texture_coarseness:гладкая"", ""lbp_std:высокий""]"
/kaggle/input/datasets/mihailodin1/all-image-skin/1031.jpg,"[""contrast:выраженный"", ""color_homogeneity:цвет неоднородный"", ""color_distance_euclidean:выраженный"", ""delta_H_center_periphery:оттенок_как_периферия"", ""delta_V_inner_rim:слегка_темнее"", ""shape:неправильная"", ""eccentricity:сильно_вытянутая"", ""borders:фестончатые"", ""structure_order:хаотичная"", ""lbp_std:высокий""]"
/kaggle/input/datasets/mihailodin1/all-image-skin/1032.jpg,"[""contrast:выраженный"", ""color_homogeneity:цвет неоднородный"", ""color_distance_euclidean:сильный"", ""delta_V_center_periphery:значительно_темнее"", ""elongation:умеренно вытянутая"", ""shape:округлая"", ""borders:умеренно неровные"", ""texture:преимущественно однородная"", ""structure_order:хаотичная"", ""lbp_std:высокий""]"
/kaggle/input/datasets/mihailodin1/all-image-skin/1033.jpg,"[""dominant_hue:желтовато-коричневый"", ""color_distance_euclidean:умеренный"", ""rim:тёмный ободок по краю"", ""delta_V_center_periphery:темнее"", ""delta_S_left_right:сильная_право_лево"", ""elongation:вытянутая"", ""eccentricity:сильно_вытянутая"", ""fractal_dimension:умеренно_изрезанная"", ""texture:преимущественно однородная"", ""lbp_std:высокий""]"
/kaggle/input/datasets/mihailodin1/all-image-skin/1034.jpg,"[""asymmetry:выраженная"", ""color_homogeneity:цвет неоднородный"", ""color_distance_euclidean:сильный"", ""rim:тёмный ободок по краю"", ""delta_V_top_bottom:сильная_верх_низ"", ""delta_S_left_right:слабая"", ""shape:округлая"", ""eccentricity:умеренно_вытянутая"", ""borders:умеренно неровные"", ""texture:преимущественно однородная""]"
/kaggle/input/datasets/mihailodin1/all-image-skin/1035.jpg,"[""asymmetry:выраженная"", ""dominant_hue:желтовато-коричневый"", ""color_distance_euclidean:выраженный"", ""delta_V_center_periphery:темнее"", ""delta_V_left_right:сильная_право_лево"", ""shape:неправильная"", ""perimeter:очень_большой"", ""eccentricity:умеренно_вытянутая"", ""borders:фестончатые"", ""lbp_std:высокий""]"
/kaggle/input/datasets/mihailodin1/all-image-skin/1036.jpg,"[""contrast:выраженный"", ""dominant_hue:желтовато-коричневый"", ""color_distance_euclidean:выраженный"", ""delta_S_center_periphery:выше"", ""delta_V_center_periphery:значительно_темнее"", ""shape:овальная"", ""eccentricity:округлая"", ""fractal_dimension:умеренно_изрезанная"", ""glcm_entropy:высокая"", ""lbp_std:низкий""]"
/kaggle/input/datasets/mihailodin1/all-image-skin/1037.jpg,"[""asymmetry:выраженная"", ""color_homogeneity:цвет неоднородный"", ""color_distance_euclidean:выраженный"", ""delta_V_center_periphery:темнее"", ""delta_V_left_right:слабая"", ""elongation:умеренно вытянутая"", ""shape:неправильная"", ""borders:фестончатые"", ""texture:преимущественно однородная"", ""lbp_std:средний""]"
/kaggle/input/datasets/mihailodin1/all-image-skin/1038.jpg,"[""asymmetry:выраженная"", ""color_homogeneity:цвет неоднородный"", ""color_distance_euclidean:выраженный"", ""delta_V_center_periphery:равная"", ""delta_V_inner_rim:слегка_темнее"", ""shape:неправильная"", ""perimeter:большой"", ""eccentricity:сильно_вытянутая"", ""texture_coarseness:гладкая"", ""glcm_entropy:высокая""]"
/kaggle/input/datasets/mihailodin1/all-image-skin/1039.jpg,"[""asymmetry:выраженная"", ""dominant_hue:красноватый"", ""color_distance_euclidean:выраженный"", ""delta_V_center_periphery:значительно_темнее"", ""delta_V_top_bottom:слабая"", ""shape:округлая"", ""eccentricity:умеренно_вытянутая"", ""fractal_dimension:сильно_изрезанная"", ""texture:преимущественно однородная"", ""structure_order:хаотичная""]"
/kaggle/input/datasets/mihailodin1/all-image-skin/104.jpg,"[""asymmetry:выраженная"", ""contrast:выраженный"", ""color_homogeneity:цвет неоднородный"", ""color_distance_euclidean:выраженный"", ""delta_S_center_periphery:выше"", ""delta_V_top_bottom:слабая"", ""shape:овальная"", ""eccentricity:умеренно_вытянутая"", ""fractal_dimension:умеренно_изрезанная"", ""structure_order:хаотичная""]"
/kaggle/input/datasets/mihailodin1/all-image-skin/1040.jpg,"[""asymmetry:выраженная"", ""color_homogeneity:цвет неоднородный"", ""color_distance_euclidean:выраженный"", ""delta_V_center_periphery:значительно_темнее"", ""delta_V_left_right:слабая"", ""shape:округлая"", ""perimeter:средний"", ""fractal_dimension:сильно_изрезанная"", ""texture:преимущественно однородная"", ""structure_order:хаотичная""]"
/kaggle/input/datasets/mihailodin1/all-image-skin/1041.jpg,"[""asymmetry:выраженная"", ""contrast:выраженный"", ""color_homogeneity:цвет неоднородный"", ""color_distance_euclidean:выраженный"", ""delta_V_center_periphery:темнее"", ""delta_V_inner_rim:одинаковый"", ""shape:округлая"", ""eccentricity:сильно_вытянутая"", ""fractal_dimension:слабо_изрезанная"", ""structure_order:хаотичная""]"
/kaggle/input/datasets/mihailodin1/all-image-skin/1042.jpg,"[""contrast:выраженный"", ""color_homogeneity:цвет неоднородный"", ""color_distance_euclidean:умеренный"", ""delta_H_center_periphery:оттенок_как_периферия"", ""delta_V_inner_rim:слегка_темнее"", ""shape:овальная"", ""eccentricity:сильно_вытянутая"", ""fractal_dimension:умеренно_изрезанная"", ""texture:преимущественно однородная"", ""structure_order:хаотичная""]"
/kaggle/input/datasets/mihailodin1/all-image-skin/1043.jpg,"[""asymmetry:выраженная"", ""color_homogeneity:цвет неоднородный"", ""color_distance_euclidean:выраженный"", ""delta_H_center_periphery:оттенок_как_периферия"", ""delta_V_inner_rim:слегка_темнее"", ""elongation:умеренно вытянутая"", ""eccentricity:округлая"", ""fractal_dimension:сильно_изрезанная"", ""texture:преимущественно однородная"", ""structure_order:хаотичная""]"
/kaggle/input/datasets/mihailodin1/all-image-skin/1044.jpg,"[""asymmetry:выраженная"", ""contrast:выраженный"", ""color_homogeneity:цвет неоднородный"", ""color_distance_euclidean:выраженный"", ""delta_S_center_periphery:значительно_выше"", ""delta_V_top_bottom:сильная_низ_верх"", ""delta_S_left_right:сильная_право_лево"", ""shape:округлая"", ""perimeter:средний"", ""eccentricity:сильно_вытянутая""]"
/kaggle/input/datasets/mihailodin1/all-image-skin/1045.jpg,"[""asymmetry:выраженная"", ""color_homogeneity:цвет неоднородный"", ""color_distance_euclidean:умеренный"", ""delta_H_center_periphery:оттенок_как_периферия"", ""delta_V_inner_rim:слегка_темнее"", ""shape:неправильная"", ""eccentricity:сильно_вытянутая"", ""fractal_dimension:умеренно_изрезанная"", ""texture_coarseness:гладкая"", ""structure_order:хаотичная""]"
/kaggle/input/datasets/mihailodin1/all-image-skin/1046.jpg,"[""asymmetry:выраженная"", ""dominant_hue:желтовато-коричневый"", ""color_distance_euclidean:выраженный"", ""delta_V_center_periphery:темнее"", ""delta_V_left_right:сильная_лево_право"", ""shape:неправильная"", ""area:маленький"", ""eccentricity:сильно_вытянутая"", ""fractal_dimension:умеренно_изрезанная"", ""structure_order:хаотичная""]"
/kaggle/input/datasets/mihailodin1/all-image-skin/1047.jpg,"[""asymmetry:выраженная"", ""palette:монотонная"", ""dominant_hue:желтовато-коричневый"", ""color_distance_euclidean:выраженный"", ""delta_S_center_periphery:равна"", ""delta_V_inner_rim:слегка_темнее"", ""shape:округлая"", ""area:маленький"", ""eccentricity:сильно_вытянутая"", ""texture:преимущественно однородная""]"
/kaggle/input/datasets/mihailodin1/all-image-skin/1048.jpg,"[""asymmetry:выраженная"", ""contrast:выраженный"", ""dominant_hue:желтовато-коричневый"", ""color_distance_euclidean:сильный"", ""delta_S_center_periphery:выше"", ""delta_V_left_right:слабая"", ""shape:овальная"", ""area:маленький"", ""borders:умеренно неровные"", ""glcm_energy:высокая""]"
/kaggle/input/datasets/mihailodin1/all-image-skin/1049.jpg,"[""asymmetry:выраженная"", ""color_homogeneity:цвет неоднородный"", ""color_distance_euclidean:выраженный"", ""delta_H_center_periphery:оттенок_как_периферия"", ""delta_V_center_periphery:значительно_темнее"", ""elongation:умеренно вытянутая"", ""shape:округлая"", ""area:маленький"", ""fractal_dimension:сильно_изрезанная"", ""structure_order:хаотичная""]"
/kaggle/input/datasets/mihailodin1/all-image-skin/105.jpg,"[""contrast:умеренный"", ""color_homogeneity:цвет неоднородный"", ""color_distance_euclidean:умеренный"", ""delta_S_center_periphery:умеренно_выше"", ""delta_V_top_bottom:слабая"", ""lobulation:лобуляции слабые"", ""shape:овальная"", ""area:маленький"", ""radial_variance:средняя"", ""structure_order:хаотичная""]"
/kaggle/input/datasets/mihailodin1/all-image-skin/1050.jpg,"[""asymmetry:выраженная"", ""color_homogeneity:цвет неоднородный"", ""color_distance_euclidean:сильный"", ""delta_V_center_periphery:значительно_темнее"", ""delta_V_left_right:сильная_право_лево"", ""elongation:вытянутая"", ""shape:овальная"", ""area:маленький"", ""radial_variance:высокая"", ""texture:преимущественно однородная""]"
/kaggle/input/datasets/mihailodin1/all-image-skin/1051.jpg,"[""contrast:выраженный"", ""dominant_hue:желтовато-коричневый"", ""color_distance_euclidean:выраженный"", ""delta_V_center_periphery:темнее"", ""delta_V_top_bottom:слабая"", ""shape:овальная"", ""perimeter:большой"", ""eccentricity:умеренно_вытянутая"", ""fractal_dimension:сильно_изрезанная"", ""structure_order:хаотичная""]"
/kaggle/input/datasets/mihailodin1/all-image-skin/1052.jpg,"[""asymmetry:выраженная"", ""color_balance_R:повышен"", ""color_distance_euclidean:выраженный"", ""delta_H_center_periphery:оттенок_как_периферия"", ""delta_V_inner_rim:слегка_темнее"", ""elongation:умеренно вытянутая"", ""shape:овальная"", ""eccentricity:округлая"", ""borders:умеренно неровные"", ""structure_order:хаотичная""]"
/kaggle/input/datasets/mihailodin1/all-image-skin/1053.jpg,"[""asymmetry:выраженная"", ""color_homogeneity:цвет неоднородный"", ""color_distance_euclidean:сильный"", ""delta_S_center_periphery:умеренно_выше"", ""delta_V_inner_rim:слегка_темнее"", ""shape:овальная"", ""perimeter:средний"", ""borders:умеренно неровные"", ""texture:преимущественно однородная"", ""structure_order:хаотичная""]"
/kaggle/input/datasets/mihailodin1/all-image-skin/1054.jpg,"[""asymmetry:выраженная"", ""palette:монотонная"", ""pigmentation:с примесью красного или синего"", ""color_distance_euclidean:выраженный"", ""delta_V_center_periphery:темнее"", ""delta_V_left_right:слабая"", ""shape:округлая"", ""eccentricity:умеренно_вытянутая"", ""borders:умеренно неровные"", ""texture_coarseness:гладкая""]"
/kaggle/input/datasets/mihailodin1/all-image-skin/1055.jpg,"[""asymmetry:выраженная"", ""color_homogeneity:цвет неоднородный"", ""color_distance_euclidean:выраженный"", ""delta_H_center_periphery:оттенок_как_периферия"", ""elongation:умеренно вытянутая"", ""shape:овальная"", ""area:маленький"", ""fractal_dimension:слабо_изрезанная"", ""texture:преимущественно однородная"", ""texture_coarseness:гладкая""]"
/kaggle/input/datasets/mihailodin1/all-image-skin/1056.jpg,"[""asymmetry:выраженная"", ""palette:монотонная"", ""color_homogeneity:цвет неоднородный"", ""color_distance_euclidean:выраженный"", ""delta_H_center_periphery:оттенок_как_периферия"", ""delta_V_center_periphery:темнее"", ""delta_V_left_right:слабая"", ""lobulation:лобуляции слабые"", ""shape:округлая"", ""area:очень_маленький""]"
/kaggle/input/datasets/mihailodin1/all-image-skin/1057.jpg,"[""asymmetry:выраженная"", ""color_homogeneity:цвет неоднородный"", ""dominant_hue:красноватый"", ""color_distance_euclidean:выраженный"", ""rim:тёмный ободок по краю"", ""delta_V_inner_rim:темнее_центра"", ""shape:овальная"", ""eccentricity:сильно_вытянутая"", ""fractal_dimension:умеренно_изрезанная"", ""texture_coarseness:гладкая""]"
/kaggle/input/datasets/mihailodin1/all-image-skin/1058.jpg,"[""asymmetry:выраженная"", ""dominant_hue:красноватый"", ""color_balance_R:повышен"", ""delta_H_center_periphery:оттенок_как_периферия"", ""delta_V_inner_rim:слегка_темнее"", ""elongation:умеренно вытянутая"", ""shape:овальная"", ""perimeter_area_ratio:среднее"", ""texture:преимущественно однородная"", ""structure_order:хаотичная""]"
/kaggle/input/datasets/mihailodin1/all-image-skin/1059.jpg,"[""asymmetry:выраженная"", ""color_homogeneity:цвет неоднородный"", ""dominant_hue:красноватый"", ""color_distance_euclidean:выраженный"", ""delta_V_center_periphery:темнее"", ""delta_V_left_right:слабая"", ""shape:овальная"", ""eccentricity:умеренно_вытянутая"", ""structure_order:хаотичная"", ""lbp_std:высокий""]"
/kaggle/input/datasets/mihailodin1/all-image-skin/106.jpg,"[""asymmetry:выраженная"", ""dominant_hue:красноватый"", ""color_distance_euclidean:выраженный"", ""delta_H_center_periphery:оттенок_как_периферия"", ""delta_S_center_periphery:умеренно_выше"", ""delta_V_top_bottom:слабая"", ""shape:округлая"", ""area:маленький"", ""borders:умеренно неровные"", ""structure_order:хаотичная""]"
/kaggle/input/datasets/mihailodin1/all-image-skin/1060.jpg,"[""asymmetry:выраженная"", ""contrast:выраженный"", ""dominant_hue:красноватый"", ""color_distance_euclidean:сильный"", ""rim:тёмный ободок по краю"", ""delta_V_inner_rim:темнее_центра"", ""elongation:умеренно вытянутая"", ""shape:округлая"", ""area:маленький"", ""lbp_std:высокий""]"
/kaggle/input/datasets/mihailodin1/all-image-skin/1061.jpg,"[""color_homogeneity:цвет умеренно неоднородный"", ""dominant_hue:красноватый"", ""color_distance_euclidean:выраженный"", ""delta_S_center_periphery:умеренно_выше"", ""elongation:вытянутая"", ""shape:овальная"", ""perimeter:маленький"", ""fractal_dimension:сильно_изрезанная"", ""structure_order:хаотичная"", ""glcm_energy:высокая""]"
/kaggle/input/datasets/mihailodin1/all-image-skin/1062.jpg,"[""pigmentation:с примесью красного или синего"", ""color_homogeneity:цвет неоднородный"", ""color_distance_euclidean:выраженный"", ""delta_V_center_periphery:значительно_темнее"", ""delta_V_top_bottom:слабая"", ""shape:овальная"", ""perimeter:средний"", ""eccentricity:умеренно_вытянутая"", ""fractal_dimension:сильно_изрезанная"", ""lbp_std:низкий""]"
/kaggle/input/datasets/mihailodin1/all-image-skin/1063.jpg,"[""asymmetry:выраженная"", ""palette:монотонная"", ""color_homogeneity:цвет неоднородный"", ""color_distance_euclidean:выраженный"", ""mean_V_lesion:средняя"", ""delta_H_center_periphery:оттенок_как_периферия"", ""delta_V_center_periphery:значительно_темнее"", ""delta_V_top_bottom:слабая"", ""shape:овальная"", ""radial_variance:средняя""]"
/kaggle/input/datasets/mihailodin1/all-image-skin/1064.jpg,"[""palette:монотонная"", ""color_homogeneity:цвет неоднородный"", ""color_distance_euclidean:умеренный"", ""delta_S_center_periphery:умеренно_выше"", ""delta_V_top_bottom:слабая"", ""shape:овальная"", ""eccentricity:сильно_вытянутая"", ""fractal_dimension:сильно_изрезанная"", ""structure_order:хаотичная"", ""lbp_std:средний""]"
/kaggle/input/datasets/mihailodin1/all-image-skin/1065.jpg,"[""asymmetry:выраженная"", ""pigmentation:с примесью красного или синего"", ""color_distance_euclidean:умеренный"", ""delta_S_center_periphery:умеренно_выше"", ""delta_S_top_bottom:сильная_верх_низ"", ""elongation:умеренно вытянутая"", ""shape:округлая"", ""fractal_dimension:слабо_изрезанная"", ""texture:преимущественно однородная"", ""structure_order:хаотичная""]"
/kaggle/input/datasets/mihailodin1/all-image-skin/1066.jpg,"[""asymmetry:выраженная"", ""dominant_hue:красноватый"", ""delta_H_center_periphery:оттенок_как_периферия"", ""delta_V_inner_rim:слегка_темнее"", ""lobulation:лобуляции слабые"", ""shape:овальная"", ""eccentricity:умеренно_вытянутая"", ""fractal_dimension:сильно_изрезанная"", ""structure_order:хаотичная"", ""glcm_energy:высокая""]"
/kaggle/input/datasets/mihailodin1/all-image-skin/1067.jpg,"[""contrast:выраженный"", ""palette:монотонная"", ""color_homogeneity:цвет неоднородный"", ""color_distance_euclidean:выраженный"", ""delta_H_center_periphery:оттенок_как_периферия"", ""delta_V_inner_rim:темнее_центра"", ""elongation:вытянутая"", ""eccentricity:сильно_вытянутая"", ""radial_variance:высокая"", ""structure_order:хаотичная""]"
/kaggle/input/datasets/mihailodin1/all-image-skin/1068.jpg,"[""contrast:выраженный"", ""palette:монотонная"", ""color_homogeneity:цвет неоднородный"", ""color_distance_euclidean:сильный"", ""delta_H_center_periphery:оттенок_как_периферия"", ""delta_V_inner_rim:темнее_центра"", ""delta_V_top_bottom:слабая"", ""lobulation:лобуляции слабые"", ""shape:округлая"", ""perimeter:средний""]"
/kaggle/input/datasets/mihailodin1/all-image-skin/1069.jpg,"[""asymmetry:выраженная"", ""palette:монотонная"", ""pigmentation:с примесью красного или синего"", ""color_homogeneity:цвет неоднородный"", ""color_distance_euclidean:выраженный"", ""delta_H_center_periphery:оттенок_как_периферия"", ""delta_S_center_periphery:выше"", ""delta_V_left_right:слабая"", ""shape:овальная"", ""eccentricity:умеренно_вытянутая""]"
/kaggle/input/datasets/mihailodin1/all-image-skin/107.jpg,"[""contrast:выраженный"", ""palette:монотонная"", ""color_homogeneity:цвет неоднородный"", ""color_distance_euclidean:выраженный"", ""delta_S_center_periphery:выше"", ""delta_V_inner_rim:слегка_темнее"", ""shape:округлая"", ""eccentricity:умеренно_вытянутая"", ""fractal_dimension:сильно_изрезанная"", ""glcm_energy:высокая""]"
/kaggle/input/datasets/mihailodin1/all-image-skin/1070.jpg,"[""asymmetry:выраженная"", ""palette:монотонная"", ""color_homogeneity:цвет неоднородный"", ""color_distance_euclidean:выраженный"", ""delta_H_center_periphery:оттенок_как_периферия"", ""delta_V_inner_rim:слегка_темнее"", ""delta_V_top_bottom:слабая"", ""lobulation:лобуляции слабые"", ""shape:овальная"", ""borders:умеренно неровные""]"
/kaggle/input/datasets/mihailodin1/all-image-skin/1071.jpg,"[""asymmetry:выраженная"", ""color_balance_R:повышен"", ""color_distance_euclidean:выраженный"", ""delta_S_center_periphery:умеренно_выше"", ""delta_V_inner_rim:слегка_темнее"", ""percent_outlier_dark_pixels:умеренно"", ""shape:овальная"", ""fractal_dimension:сильно_изрезанная"", ""texture:преимущественно однородная"", ""glcm_energy:высокая""]"
/kaggle/input/datasets/mihailodin1/all-image-skin/1072.jpg,"[""asymmetry:выраженная"", ""color_homogeneity:цвет неоднородный"", ""color_distance_euclidean:выраженный"", ""delta_V_left_right:сильная_право_лево"", ""elongation:умеренно вытянутая"", ""shape:овальная"", ""convexity:высокая"", ""texture_coarseness:гладкая"", ""structure_order:хаотичная"", ""glcm_energy:высокая""]"
/kaggle/input/datasets/mihailodin1/all-image-skin/1073.jpg,"[""palette:монотонная"", ""color_homogeneity:цвет неоднородный"", ""delta_V_center_periphery:темнее"", ""delta_V_top_bottom:слабая"", ""shape:овальная"", ""perimeter:средний"", ""eccentricity:умеренно_вытянутая"", ""fractal_dimension:сильно_изрезанная"", ""texture:преимущественно однородная"", ""glcm_energy:средняя""]"
/kaggle/input/datasets/mihailodin1/all-image-skin/1074.jpg,"[""asymmetry:выраженная"", ""color_homogeneity:цвет умеренно неоднородный"", ""dominant_hue:красноватый"", ""color_distance_euclidean:выраженный"", ""rim:тёмный ободок по краю"", ""delta_H_center_periphery:оттенок_как_периферия"", ""delta_V_top_bottom:слабая"", ""shape:овальная"", ""area:маленький"", ""eccentricity:умеренно_вытянутая""]"
/kaggle/input/datasets/mihailodin1/all-image-skin/1075.jpg,"[""contrast:выраженный"", ""palette:монотонная"", ""color_homogeneity:цвет неоднородный"", ""delta_V_center_periphery:значительно_темнее"", ""delta_V_left_right:слабая"", ""elongation:умеренно вытянутая"", ""eccentricity:округлая"", ""fractal_dimension:умеренно_изрезанная"", ""texture:преимущественно однородная"", ""glcm_energy:высокая""]"
/kaggle/input/datasets/mihailodin1/all-image-skin/1076.jpg,"[""asymmetry:выраженная"", ""dominant_hue:желтовато-коричневый"", ""color_distance_euclidean:выраженный"", ""delta_V_center_periphery:темнее"", ""delta_V_top_bottom:слабая"", ""lobulation:лобуляции слабые"", ""shape:овальная"", ""borders:умеренно неровные"", ""texture:преимущественно однородная"", ""structure_order:хаотичная""]"
/kaggle/input/datasets/mihailodin1/all-image-skin/1077.jpg,"[""contrast:умеренный"", ""dominant_hue:желтовато-коричневый"", ""delta_S_center_periphery:умеренно_выше"", ""delta_V_top_bottom:слабая"", ""shape:округлая"", ""area:крупный"", ""eccentricity:умеренно_вытянутая"", ""fractal_dimension:слабо_изрезанная"", ""texture:умеренно неоднородная"", ""structure_order:хаотичная""]"
/kaggle/input/datasets/mihailodin1/all-image-skin/1078.jpg,"[""asymmetry:выраженная"", ""contrast:умеренный"", ""color_homogeneity:цвет неоднородный"", ""dominant_hue:синеватый"", ""color_distance_euclidean:умеренный"", ""delta_S_center_periphery:умеренно_выше"", ""delta_V_left_right:слабая"", ""shape:неправильная"", ""perimeter:большой"", ""fractal_dimension:слабо_изрезанная""]"
/kaggle/input/datasets/mihailodin1/all-image-skin/1079.jpg,"[""contrast:низкий"", ""dominant_hue:синеватый"", ""color_distance_euclidean:очень_слабый"", ""rim:без выраженного ободка"", ""delta_V_center_periphery:равная"", ""delta_V_top_bottom:слабая"", ""shape:округлая"", ""area:крупный"", ""eccentricity:умеренно_вытянутая"", ""fractal_dimension:слабо_изрезанная""]"
/kaggle/input/datasets/mihailodin1/all-image-skin/108.jpg,"[""asymmetry:выраженная"", ""contrast:выраженный"", ""dominant_hue:желтовато-коричневый"", ""color_distance_euclidean:выраженный"", ""delta_S_center_periphery:выше"", ""delta_V_top_bottom:слабая"", ""shape:неправильная"", ""eccentricity:сильно_вытянутая"", ""fractal_dimension:умеренно_изрезанная"", ""texture_coarseness:гладкая""]"
/kaggle/input/datasets/mihailodin1/all-image-skin/1080.jpg,"[""asymmetry:выраженная"", ""contrast:умеренный"", ""color_homogeneity:цвет неоднородный"", ""rim:тёмный ободок по краю"", ""delta_H_center_periphery:краснее_периферии"", ""delta_V_left_right:слабая"", ""shape:овальная"", ""eccentricity:умеренно_вытянутая"", ""fractal_dimension:умеренно_изрезанная"", ""structure_order:хаотичная""]"
/kaggle/input/datasets/mihailodin1/all-image-skin/1081.jpg,"[""asymmetry:выраженная"", ""color_homogeneity:цвет неоднородный"", ""color_distance_euclidean:очень_слабый"", ""entropy_H_lesion:высокое"", ""lobulation:лобуляции слабые"", ""perimeter:очень_большой"", ""eccentricity:умеренно_вытянутая"", ""fractal_dimension:слабо_изрезанная"", ""texture_coarseness:гладкая"", ""structure_order:хаотичная""]"
/kaggle/input/datasets/mihailodin1/all-image-skin/1082.jpg,"[""asymmetry:выраженная"", ""contrast:выраженный"", ""color_homogeneity:цвет неоднородный"", ""delta_V_center_periphery:темнее"", ""delta_V_left_right:слабая"", ""delta_S_left_right:слабая"", ""shape:округлая"", ""perimeter:большой"", ""glcm_entropy:высокая"", ""lbp_mean:высокое""]"
/kaggle/input/datasets/mihailodin1/all-image-skin/1083.jpg,"[""palette:монотонная"", ""color_homogeneity:цвет неоднородный"", ""color_distance_euclidean:умеренный"", ""delta_S_center_periphery:выше"", ""percent_outlier_dark_pixels:много"", ""shape:округлая"", ""perimeter:средний"", ""eccentricity:сильно_вытянутая"", ""fractal_dimension:умеренно_изрезанная"", ""structure_order:хаотичная""]"
/kaggle/input/datasets/mihailodin1/all-image-skin/1084.jpg,"[""asymmetry:выраженная"", ""palette:монотонная"", ""color_homogeneity:цвет умеренно неоднородный"", ""color_distance_euclidean:умеренный"", ""delta_V_center_periphery:темнее"", ""delta_V_top_bottom:слабая"", ""shape:овальная"", ""perimeter:средний"", ""eccentricity:округлая"", ""lbp_mean:низкое""]"
/kaggle/input/datasets/mihailodin1/all-image-skin/1085.jpg,"[""contrast:выраженный"", ""color_homogeneity:цвет неоднородный"", ""color_distance_euclidean:выраженный"", ""rim:тёмный ободок по краю"", ""delta_V_center_periphery:значительно_темнее"", ""delta_V_top_bottom:слабая"", ""elongation:умеренно вытянутая"", ""shape:округлая"", ""borders:умеренно неровные"", ""structure_order:хаотичная""]"
/kaggle/input/datasets/mihailodin1/all-image-skin/1086.jpg,"[""palette:монотонная"", ""color_homogeneity:цвет неоднородный"", ""color_distance_euclidean:умеренный"", ""delta_V_center_periphery:темнее"", ""delta_V_top_bottom:слабая"", ""shape:округлая"", ""solidity:низкая"", ""fractal_dimension:умеренно_изрезанная"", ""texture_coarseness:гладкая"", ""structure_order:хаотичная""]"
/kaggle/input/datasets/mihailodin1/all-image-skin/1087.jpg,"[""asymmetry:выраженная"", ""contrast:выраженный"", ""color_homogeneity:цвет неоднородный"", ""color_distance_euclidean:выраженный"", ""delta_H_center_periphery:оттенок_как_периферия"", ""delta_V_inner_rim:слегка_темнее"", ""delta_V_top_bottom:слабая"", ""shape:овальная"", ""perimeter:средний"", ""borders:умеренно неровные""]"
/kaggle/input/datasets/mihailodin1/all-image-skin/1088.jpg,"[""asymmetry:выраженная"", ""contrast:низкий"", ""dominant_hue:красноватый"", ""color_distance_euclidean:очень_слабый"", ""delta_S_center_periphery:ниже"", ""delta_S_left_right:сильная_право_лево"", ""elongation:вытянутая"", ""shape:неправильная"", ""area:маленький"", ""structure_order:хаотичная""]"
/kaggle/input/datasets/mihailodin1/all-image-skin/1089.jpg,"[""asymmetry:выраженная"", ""palette:монотонная"", ""color_homogeneity:цвет неоднородный"", ""color_distance_euclidean:выраженный"", ""delta_S_center_periphery:выше"", ""delta_V_left_right:слабая"", ""shape:округлая"", ""perimeter:средний"", ""eccentricity:умеренно_вытянутая"", ""fractal_dimension:слабо_изрезанная""]"
/kaggle/input/datasets/mihailodin1/all-image-skin/109.jpg,"[""asymmetry:выраженная"", ""contrast:выраженный"", ""color_homogeneity:цвет неоднородный"", ""color_distance_euclidean:сильный"", ""rim:тёмный ободок по краю"", ""delta_V_inner_rim:темнее_центра"", ""delta_V_top_bottom:слабая"", ""elongation:умеренно вытянутая"", ""shape:овальная"", ""borders:умеренно неровные""]"
/kaggle/input/datasets/mihailodin1/all-image-skin/1090.jpg,"[""asymmetry:выраженная"", ""contrast:выраженный"", ""color_homogeneity:цвет неоднородный"", ""color_distance_euclidean:сильный"", ""rim:тёмный ободок по краю"", ""delta_V_center_periphery:значительно_темнее"", ""delta_V_top_bottom:слабая"", ""elongation:умеренно вытянутая"", ""shape:округлая"", ""perimeter:средний""]"
/kaggle/input/datasets/mihailodin1/all-image-skin/1091.jpg,"[""asymmetry:выраженная"", ""palette:монотонная"", ""color_distance_euclidean:выраженный"", ""rim:тёмный ободок по краю"", ""delta_S_center_periphery:умеренно_выше"", ""delta_V_inner_rim:слегка_темнее"", ""elongation:вытянутая"", ""shape:овальная"", ""borders:умеренно неровные"", ""lbp_std:средний""]"
/kaggle/input/datasets/mihailodin1/all-image-skin/1092.jpg,"[""asymmetry:выраженная"", ""palette:монотонная"", ""color_distance_euclidean:выраженный"", ""rim:тёмный ободок по краю"", ""delta_S_center_periphery:умеренно_выше"", ""delta_V_top_bottom:слабая"", ""shape:округлая"", ""perimeter:средний"", ""borders:умеренно неровные"", ""structure_order:хаотичная""]"
/kaggle/input/datasets/mihailodin1/all-image-skin/1093.jpg,"[""asymmetry:выраженная"", ""palette:монотонная"", ""color_homogeneity:цвет неоднородный"", ""color_distance_euclidean:выраженный"", ""delta_H_center_periphery:оттенок_как_периферия"", ""delta_V_left_right:слабая"", ""shape:овальная"", ""perimeter:большой"", ""eccentricity:умеренно_вытянутая"", ""fractal_dimension:умеренно_изрезанная""]"
/kaggle/input/datasets/mihailodin1/all-image-skin/1094.jpg,"[""asymmetry:выраженная"", ""palette:монотонная"", ""color_homogeneity:цвет неоднородный"", ""color_distance_euclidean:очень_слабый"", ""delta_V_center_periphery:светлее"", ""delta_V_top_bottom:слабая"", ""shape:неправильная"", ""perimeter:большой"", ""eccentricity:умеренно_вытянутая"", ""fractal_dimension:слабо_изрезанная""]"
/kaggle/input/datasets/mihailodin1/all-image-skin/1095.jpg,"[""asymmetry:выраженная"", ""palette:монотонная"", ""color_homogeneity:цвет неоднородный"", ""color_distance_euclidean:выраженный"", ""delta_V_center_periphery:темнее"", ""delta_V_left_right:слабая"", ""lobulation:лобуляции слабые"", ""shape:овальная"", ""fractal_dimension:умеренно_изрезанная"", ""structure_order:хаотичная""]"
/kaggle/input/datasets/mihailodin1/all-image-skin/1096.jpg,"[""asymmetry:выраженная"", ""contrast:выраженный"", ""color_homogeneity:цвет неоднородный"", ""color_distance_euclidean:умеренный"", ""rim:тёмный ободок по краю"", ""delta_V_inner_rim:слегка_темнее"", ""shape:овальная"", ""perimeter:средний"", ""borders:умеренно неровные"", ""structure_order:хаотичная""]"
/kaggle/input/datasets/mihailodin1/all-image-skin/1097.jpg,"[""asymmetry:умеренная"", ""palette:монотонная"", ""dominant_hue:красноватый"", ""color_distance_euclidean:умеренный"", ""rim:без выраженного ободка"", ""delta_V_inner_rim:одинаковый"", ""shape:овальная"", ""eccentricity:умеренно_вытянутая"", ""radial_variance:высокая"", ""glcm_entropy:высокая""]"
/kaggle/input/datasets/mihailodin1/all-image-skin/1098.jpg,"[""asymmetry:выраженная"", ""palette:монотонная"", ""color_homogeneity:цвет неоднородный"", ""color_distance_euclidean:выраженный"", ""rim:тёмный ободок по краю"", ""delta_S_center_periphery:выше"", ""delta_V_inner_rim:слегка_темнее"", ""lobulation:лобуляции слабые"", ""shape:овальная"", ""eccentricity:умеренно_вытянутая""]"
/kaggle/input/datasets/mihailodin1/all-image-skin/1099.jpg,"[""asymmetry:выраженная"", ""color_homogeneity:цвет неоднородный"", ""color_distance_euclidean:умеренный"", ""percent_dark_pixels:нет"", ""delta_H_center_periphery:краснее_периферии"", ""delta_V_inner_rim:одинаковый"", ""delta_V_top_bottom:слабая"", ""shape:овальная"", ""perimeter:большой"", ""lbp_mean:высокое""]"
/kaggle/input/datasets/mihailodin1/all-image-skin/110.jpg,"[""asymmetry:выраженная"", ""contrast:выраженный"", ""color_homogeneity:цвет неоднородный"", ""color_distance_euclidean:сильный"", ""rim:тёмный ободок по краю"", ""delta_V_center_periphery:значительно_темнее"", ""delta_V_top_bottom:слабая"", ""shape:овальная"", ""perimeter:большой"", ""fractal_dimension:умеренно_изрезанная""]"
/kaggle/input/datasets/mihailodin1/all-image-skin/1100.jpg,"[""asymmetry:выраженная"", ""palette:монотонная"", ""color_homogeneity:цвет неоднородный"", ""color_distance_euclidean:выраженный"", ""entropy_S_lesion:высокое"", ""delta_S_center_periphery:умеренно_выше"", ""delta_V_left_right:слабая"", ""elongation:умеренно вытянутая"", ""shape:овальная"", ""fractal_dimension:умеренно_изрезанная""]"
/kaggle/input/datasets/mihailodin1/all-image-skin/1101.jpg,"[""asymmetry:выраженная"", ""color_homogeneity:цвет неоднородный"", ""color_distance_euclidean:выраженный"", ""entropy_V_lesion:высокое"", ""delta_S_center_periphery:выше"", ""delta_V_inner_rim:слегка_темнее"", ""shape:овальная"", ""eccentricity:умеренно_вытянутая"", ""fractal_dimension:сильно_изрезанная"", ""structure_order:хаотичная""]"
/kaggle/input/datasets/mihailodin1/all-image-skin/1102.jpg,"[""asymmetry:выраженная"", ""color_homogeneity:цвет неоднородный"", ""color_distance_euclidean:умеренный"", ""entropy_V_lesion:низкое"", ""rim:без выраженного ободка"", ""delta_V_center_periphery:равная"", ""delta_S_left_right:сильная_лево_право"", ""delta_S_top_bottom:сильная_верх_низ"", ""shape:овальная"", ""eccentricity:сильно_вытянутая""]"
/kaggle/input/datasets/mihailodin1/all-image-skin/1103.jpg,"[""asymmetry:умеренная"", ""color_homogeneity:цвет неоднородный"", ""color_distance_euclidean:умеренный"", ""entropy_S_lesion:низкое"", ""delta_S_center_periphery:умеренно_выше"", ""delta_V_left_right:слабая"", ""shape:овальная"", ""eccentricity:умеренно_вытянутая"", ""radial_variance:средняя"", ""structure_order:хаотичная""]"
/kaggle/input/datasets/mihailodin1/all-image-skin/1104.jpg,"[""asymmetry:выраженная"", ""color_homogeneity:цвет неоднородный"", ""dominant_hue:коричневый"", ""color_distance_euclidean:умеренный"", ""delta_H_center_periphery:краснее_периферии"", ""delta_S_left_right:сильная_лево_право"", ""elongation:вытянутая"", ""shape:округлая"", ""fractal_dimension:слабо_изрезанная"", ""lbp_std:средний""]"
/kaggle/input/datasets/mihailodin1/all-image-skin/1105.jpg,"[""asymmetry:выраженная"", ""pigmentation:с примесью красного или синего"", ""color_distance_euclidean:выраженный"", ""delta_S_center_periphery:умеренно_выше"", ""delta_V_left_right:слабая"", ""shape:овальная"", ""perimeter:большой"", ""radial_variance:высокая"", ""fractal_dimension:умеренно_изрезанная"", ""structure_order:хаотичная""]"
/kaggle/input/datasets/mihailodin1/all-image-skin/1106.jpg,"[""asymmetry:выраженная"", ""palette:монотонная"", ""color_homogeneity:цвет неоднородный"", ""color_distance_euclidean:выраженный"", ""entropy_V_lesion:среднее"", ""rim:тёмный ободок по краю"", ""delta_V_inner_rim:слегка_темнее"", ""delta_V_top_bottom:слабая"", ""shape:овальная"", ""eccentricity:сильно_вытянутая""]"
/kaggle/input/datasets/mihailodin1/all-image-skin/1107.jpg,"[""asymmetry:выраженная"", ""color_homogeneity:цвет неоднородный"", ""color_distance_euclidean:выраженный"", ""entropy_V_lesion:среднее"", ""delta_H_center_periphery:краснее_периферии"", ""delta_V_left_right:слабая"", ""shape:овальная"", ""perimeter:средний"", ""fractal_dimension:сильно_изрезанная"", ""structure_order:хаотичная""]"
/kaggle/input/datasets/mihailodin1/all-image-skin/1108.jpg,"[""asymmetry:выраженная"", ""color_homogeneity:цвет неоднородный"", ""dominant_hue:желтовато-коричневый"", ""color_distance_euclidean:выраженный"", ""entropy_S_lesion:высокое"", ""delta_H_center_periphery:краснее_периферии"", ""delta_V_left_right:слабая"", ""shape:овальная"", ""perimeter:средний"", ""radial_variance:средняя""]"
/kaggle/input/datasets/mihailodin1/all-image-skin/1109.jpg,"[""palette:монотонная"", ""color_homogeneity:цвет неоднородный"", ""dominant_hue:желтовато-коричневый"", ""entropy_S_lesion:высокое"", ""rim:тёмный ободок по краю"", ""delta_V_left_right:слабая"", ""shape:овальная"", ""perimeter:средний"", ""fractal_dimension:сильно_изрезанная"", ""texture_coarseness:гладкая""]"
/kaggle/input/datasets/mihailodin1/all-image-skin/111.jpg,"[""asymmetry:выраженная"", ""palette:монотонная"", ""color_homogeneity:цвет неоднородный"", ""color_distance_euclidean:сильный"", ""entropy_V_lesion:высокое"", ""delta_H_center_periphery:оттенок_как_периферия"", ""delta_V_inner_rim:темнее_центра"", ""delta_V_top_bottom:слабая"", ""shape:овальная"", ""fractal_dimension:сильно_изрезанная""]"
/kaggle/input/datasets/mihailodin1/all-image-skin/1110.jpg,"[""asymmetry:выраженная"", ""color_homogeneity:цвет неоднородный"", ""dominant_hue:желтовато-коричневый"", ""entropy_V_lesion:среднее"", ""rim:тёмный ободок по краю"", ""delta_V_center_periphery:темнее"", ""delta_V_top_bottom:слабая"", ""shape:округлая"", ""radial_variance:низкая"", ""structure_order:хаотичная""]"
/kaggle/input/datasets/mihailodin1/all-image-skin/1111.jpg,"[""asymmetry:выраженная"", ""palette:монотонная"", ""dominant_hue:желтовато-коричневый"", ""color_distance_euclidean:сильный"", ""entropy_V_lesion:высокое"", ""delta_S_center_periphery:умеренно_выше"", ""delta_V_left_right:слабая"", ""shape:овальная"", ""radial_variance:высокая"", ""structure_order:хаотичная""]"
/kaggle/input/datasets/mihailodin1/all-image-skin/1112.jpg,"[""asymmetry:выраженная"", ""color_homogeneity:цвет неоднородный"", ""color_distance_euclidean:сильный"", ""entropy_V_lesion:высокое"", ""delta_S_center_periphery:умеренно_выше"", ""delta_V_left_right:слабая"", ""shape:овальная"", ""eccentricity:сильно_вытянутая"", ""convexity:средняя"", ""glcm_entropy:высокая""]"
/kaggle/input/datasets/mihailodin1/all-image-skin/1113.jpg,"[""palette:монотонная"", ""color_homogeneity:цвет неоднородный"", ""dominant_hue:желтовато-коричневый"", ""color_distance_euclidean:выраженный"", ""delta_S_center_periphery:выше"", ""delta_V_inner_rim:слегка_темнее"", ""elongation:умеренно вытянутая"", ""shape:овальная"", ""fractal_dimension:сильно_изрезанная"", ""structure_order:хаотичная""]"
/kaggle/input/datasets/mihailodin1/all-image-skin/1114.jpg,"[""asymmetry:выраженная"", ""color_homogeneity:цвет неоднородный"", ""dominant_hue:желтовато-коричневый"", ""color_distance_euclidean:сильный"", ""entropy_V_lesion:высокое"", ""delta_V_center_periphery:значительно_темнее"", ""delta_V_top_bottom:слабая"", ""lobulation:лобуляции слабые"", ""shape:овальная"", ""fractal_dimension:слабо_изрезанная""]"
/kaggle/input/datasets/mihailodin1/all-image-skin/1115.jpg,"[""asymmetry:выраженная"", ""palette:монотонная"", ""color_homogeneity:цвет неоднородный"", ""color_distance_euclidean:сильный"", ""mean_S_lesion:высокая"", ""delta_S_center_periphery:умеренно_выше"", ""delta_V_top_bottom:слабая"", ""shape:овальная"", ""perimeter:средний"", ""fractal_dimension:сильно_изрезанная""]"
/kaggle/input/datasets/mihailodin1/all-image-skin/1116.jpg,"[""contrast:выраженный"", ""color_homogeneity:цвет неоднородный"", ""color_distance_euclidean:умеренный"", ""entropy_S_lesion:высокое"", ""rim:тёмный ободок по краю"", ""delta_V_inner_rim:слегка_темнее"", ""delta_V_top_bottom:слабая"", ""delta_S_left_right:сильная_лево_право"", ""shape:овальная"", ""eccentricity:сильно_вытянутая""]"
/kaggle/input/datasets/mihailodin1/all-image-skin/1117.jpg,"[""asymmetry:выраженная"", ""color_homogeneity:цвет неоднородный"", ""color_distance_euclidean:выраженный"", ""std_H_lesion:высокая"", ""mean_V_lesion:высокая"", ""delta_H_center_periphery:оттенок_как_периферия"", ""delta_V_center_periphery:темнее"", ""delta_S_left_right:сильная_лево_право"", ""shape:овальная"", ""fractal_dimension:сильно_изрезанная""]"
/kaggle/input/datasets/mihailodin1/all-image-skin/1118.jpg,"[""asymmetry:выраженная"", ""dominant_hue:красноватый"", ""color_distance_euclidean:выраженный"", ""entropy_V_lesion:среднее"", ""delta_S_center_periphery:умеренно_выше"", ""delta_V_left_right:слабая"", ""shape:округлая"", ""perimeter:маленький"", ""fractal_dimension:сильно_изрезанная"", ""glcm_energy:высокая""]"
/kaggle/input/datasets/mihailodin1/all-image-skin/1119.jpg,"[""color_homogeneity:цвет неоднородный"", ""entropy_H_lesion:низкое"", ""std_H_lesion:низкая"", ""rim:тёмный ободок по краю"", ""delta_S_left_right:слабая"", ""delta_S_top_bottom:слабая"", ""elongation:умеренно вытянутая"", ""shape:неправильная"", ""fractal_dimension:сильно_изрезанная"", ""texture:преимущественно однородная""]"
/kaggle/input/datasets/mihailodin1/all-image-skin/112.jpg,"[""asymmetry:выраженная"", ""dominant_hue:желтовато-коричневый"", ""color_distance_euclidean:очень_сильный"", ""std_H_lesion:высокая"", ""delta_V_center_periphery:значительно_темнее"", ""delta_S_top_bottom:слабая"", ""shape:округлая"", ""eccentricity:умеренно_вытянутая"", ""radial_variance:низкая"", ""structure_order:хаотичная""]"
/kaggle/input/datasets/mihailodin1/all-image-skin/1120.jpg,"[""asymmetry:выраженная"", ""palette:монотонная"", ""color_homogeneity:цвет неоднородный"", ""color_distance_euclidean:умеренный"", ""entropy_V_lesion:низкое"", ""delta_S_center_periphery:умеренно_выше"", ""delta_S_left_right:слабая"", ""shape:овальная"", ""perimeter:большой"", ""fractal_dimension:сильно_изрезанная""]"
/kaggle/input/datasets/mihailodin1/all-image-skin/1121.jpg,"[""asymmetry:выраженная"", ""palette:монотонная"", ""color_homogeneity:цвет неоднородный"", ""color_distance_euclidean:выраженный"", ""std_H_lesion:высокая"", ""delta_V_center_periphery:темнее"", ""delta_V_top_bottom:слабая"", ""lobulation:лобуляции слабые"", ""elongation:умеренно вытянутая"", ""shape:овальная""]"
/kaggle/input/datasets/mihailodin1/all-image-skin/1122.jpg,"[""asymmetry:выраженная"", ""color_homogeneity:цвет неоднородный"", ""color_distance_euclidean:выраженный"", ""mean_S_lesion:высокая"", ""delta_H_center_periphery:оттенок_как_периферия"", ""delta_V_inner_rim:темнее_центра"", ""delta_V_top_bottom:слабая"", ""shape:овальная"", ""eccentricity:умеренно_вытянутая"", ""fractal_dimension:умеренно_изрезанная""]"
/kaggle/input/datasets/mihailodin1/all-image-skin/1123.jpg,"[""color_homogeneity:цвет неоднородный"", ""color_distance_euclidean:выраженный"", ""std_S_lesion:высокая"", ""delta_H_center_periphery:оттенок_как_периферия"", ""delta_V_center_periphery:значительно_темнее"", ""delta_V_top_bottom:слабая"", ""shape:овальная"", ""eccentricity:умеренно_вытянутая"", ""borders:умеренно неровные"", ""structure_order:хаотичная""]"
/kaggle/input/datasets/mihailodin1/all-image-skin/1124.jpg,"[""asymmetry:выраженная"", ""palette:монотонная"", ""color_homogeneity:цвет неоднородный"", ""color_distance_euclidean:выраженный"", ""std_V_lesion:низкая"", ""delta_S_center_periphery:умеренно_выше"", ""delta_V_left_right:слабая"", ""shape:овальная"", ""extent:низкое"", ""fractal_dimension:умеренно_изрезанная""]"
/kaggle/input/datasets/mihailodin1/all-image-skin/1125.jpg,"[""asymmetry:выраженная"", ""pigmentation:с примесью красного или синего"", ""color_distance_euclidean:выраженный"", ""std_H_lesion:высокая"", ""rim:тёмный ободок по краю"", ""delta_S_center_periphery:умеренно_выше"", ""delta_V_left_right:сильная_право_лево"", ""shape:овальная"", ""perimeter:средний"", ""fractal_dimension:сильно_изрезанная""]"
/kaggle/input/datasets/mihailodin1/all-image-skin/1126.jpg,"[""asymmetry:выраженная"", ""color_homogeneity:цвет неоднородный"", ""color_distance_euclidean:очень_слабый"", ""std_H_lesion:высокая"", ""delta_S_center_periphery:равна"", ""delta_V_inner_rim:одинаковый"", ""delta_S_left_right:сильная_право_лево"", ""shape:неправильная"", ""perimeter:очень_большой"", ""fractal_dimension:слабо_изрезанная""]"
/kaggle/input/datasets/mihailodin1/all-image-skin/1127.jpg,"[""asymmetry:выраженная"", ""color_homogeneity:цвет неоднородный"", ""color_distance_euclidean:выраженный"", ""std_H_lesion:высокая"", ""delta_H_center_periphery:оттенок_как_периферия"", ""delta_V_inner_rim:слегка_темнее"", ""delta_S_left_right:слабая"", ""lobulation:лобуляции слабые"", ""shape:овальная"", ""fractal_dimension:сильно_изрезанная""]"
/kaggle/input/datasets/mihailodin1/all-image-skin/1128.jpg,"[""pigmentation:с примесью красного или синего"", ""color_homogeneity:цвет неоднородный"", ""color_distance_euclidean:выраженный"", ""mean_V_lesion:высокая"", ""delta_S_center_periphery:умеренно_выше"", ""delta_V_left_right:слабая"", ""shape:овальная"", ""perimeter:маленький"", ""eccentricity:умеренно_вытянутая"", ""fractal_dimension:сильно_изрезанная""]"
/kaggle/input/datasets/mihailodin1/all-image-skin/1129.jpg,"[""asymmetry:выраженная"", ""color_homogeneity:цвет неоднородный"", ""color_distance_euclidean:выраженный"", ""std_H_lesion:высокая"", ""delta_S_center_periphery:выше"", ""delta_V_top_bottom:слабая"", ""shape:овальная"", ""eccentricity:умеренно_вытянутая"", ""fractal_dimension:сильно_изрезанная"", ""texture_coarseness:гладкая""]"
/kaggle/input/datasets/mihailodin1/all-image-skin/113.jpg,"[""asymmetry:выраженная"", ""color_homogeneity:цвет неоднородный"", ""color_distance_euclidean:выраженный"", ""std_S_lesion:высокая"", ""delta_S_center_periphery:выше"", ""delta_V_top_bottom:слабая"", ""shape:овальная"", ""perimeter:средний"", ""fractal_dimension:сильно_изрезанная"", ""structure_order:хаотичная""]"
/kaggle/input/datasets/mihailodin1/all-image-skin/1130.jpg,"[""color_homogeneity:цвет неоднородный"", ""color_balance_G:норма"", ""color_distance_euclidean:выраженный"", ""mean_S_lesion:средняя"", ""delta_H_center_periphery:оттенок_как_периферия"", ""delta_V_top_bottom:слабая"", ""shape:овальная"", ""eccentricity:умеренно_вытянутая"", ""fractal_dimension:сильно_изрезанная"", ""structure_order:хаотичная""]"
/kaggle/input/datasets/mihailodin1/all-image-skin/1131.jpg,"[""color_homogeneity:цвет неоднородный"", ""dominant_hue:желтовато-коричневый"", ""color_distance_euclidean:очень_сильный"", ""std_H_lesion:высокая"", ""delta_V_center_periphery:значительно_темнее"", ""delta_S_left_right:слабая"", ""shape:овальная"", ""solidity:высокая"", ""fractal_dimension:умеренно_изрезанная"", ""glcm_energy:средняя""]"
/kaggle/input/datasets/mihailodin1/all-image-skin/1132.jpg,"[""asymmetry:выраженная"", ""color_homogeneity:цвет неоднородный"", ""color_distance_euclidean:выраженный"", ""std_H_lesion:высокая"", ""delta_H_center_periphery:оттенок_как_периферия"", ""delta_V_left_right:слабая"", ""shape:овальная"", ""eccentricity:умеренно_вытянутая"", ""radial_variance:высокая"", ""structure_order:хаотичная""]"
/kaggle/input/datasets/mihailodin1/all-image-skin/1133.jpg,"[""palette:монотонная"", ""color_distance_euclidean:умеренный"", ""percent_dark_pixels:единичные"", ""delta_H_center_periphery:оттенок_как_периферия"", ""delta_V_left_right:слабая"", ""delta_V_top_bottom:сильная_верх_низ"", ""shape:неправильная"", ""eccentricity:умеренно_вытянутая"", ""fractal_dimension:слабо_изрезанная"", ""lbp_mean:среднее""]"
/kaggle/input/datasets/mihailodin1/all-image-skin/1134.jpg,"[""asymmetry:выраженная"", ""color_homogeneity:цвет неоднородный"", ""color_distance_euclidean:сильный"", ""mean_S_lesion:высокая"", ""delta_H_center_periphery:оттенок_как_периферия"", ""delta_V_inner_rim:слегка_темнее"", ""delta_V_top_bottom:слабая"", ""lobulation:лобуляции слабые"", ""perimeter:средний"", ""fractal_dimension:умеренно_изрезанная""]"
/kaggle/input/datasets/mihailodin1/all-image-skin/1135.jpg,"[""pigmentation:с примесью красного или синего"", ""color_homogeneity:цвет неоднородный"", ""dominant_hue:красноватый"", ""color_distance_euclidean:выраженный"", ""mean_V_lesion:средняя"", ""delta_S_center_periphery:умеренно_выше"", ""delta_S_left_right:слабая"", ""elongation:умеренно вытянутая"", ""shape:овальная"", ""perimeter:средний""]"
/kaggle/input/datasets/mihailodin1/all-image-skin/1136.jpg,"[""pigmentation:с примесью красного или синего"", ""entropy_S_lesion:среднее"", ""mean_V_lesion:высокая"", ""delta_H_center_periphery:оттенок_как_периферия"", ""delta_V_center_periphery:равная"", ""delta_V_top_bottom:слабая"", ""delta_S_top_bottom:сильная_верх_низ"", ""shape:овальная"", ""eccentricity:умеренно_вытянутая"", ""perimeter_area_ratio:среднее""]"
/kaggle/input/datasets/mihailodin1/all-image-skin/1137.jpg,"[""dominant_hue:желтовато-коричневый"", ""color_distance_euclidean:умеренный"", ""entropy_S_lesion:высокое"", ""std_S_lesion:высокая"", ""delta_S_center_periphery:выше"", ""delta_S_left_right:сильная_лево_право"", ""shape:округлая"", ""area:маленький"", ""eccentricity:сильно_вытянутая"", ""glcm_energy:высокая""]"
/kaggle/input/datasets/mihailodin1/all-image-skin/1138.jpg,"[""color_homogeneity:цвет неоднородный"", ""color_distance_euclidean:умеренный"", ""entropy_S_lesion:среднее"", ""mean_S_lesion:высокая"", ""delta_S_center_periphery:умеренно_выше"", ""delta_V_inner_rim:слегка_темнее"", ""delta_S_left_right:слабая"", ""elongation:умеренно вытянутая"", ""perimeter:средний"", ""eccentricity:округлая""]"
/kaggle/input/datasets/mihailodin1/all-image-skin/1139.jpg,"[""pigmentation:с примесью красного или синего"", ""entropy_S_lesion:высокое"", ""std_V_lesion:высокая"", ""delta_S_center_periphery:выше"", ""delta_V_left_right:слабая"", ""delta_S_left_right:сильная_лево_право"", ""elongation:вытянутая"", ""eccentricity:сильно_вытянутая"", ""radial_variance:высокая"", ""structure_order:хаотичная""]"
/kaggle/input/datasets/mihailodin1/all-image-skin/114.jpg,"[""dominant_hue:желтовато-коричневый"", ""color_distance_euclidean:выраженный"", ""std_H_lesion:высокая"", ""delta_H_center_periphery:оттенок_как_периферия"", ""delta_S_top_bottom:сильная_низ_верх"", ""shape:неправильная"", ""eccentricity:сильно_вытянутая"", ""borders:фестончатые"", ""convexity:низкая"", ""texture_coarseness:гладкая""]"
/kaggle/input/datasets/mihailodin1/all-image-skin/1140.jpg,"[""color_homogeneity:цвет неоднородный"", ""color_distance_euclidean:выраженный"", ""std_S_lesion:средняя"", ""delta_H_center_periphery:оттенок_как_периферия"", ""delta_V_inner_rim:слегка_темнее"", ""delta_S_left_right:слабая"", ""elongation:умеренно вытянутая"", ""perimeter:большой"", ""fractal_dimension:умеренно_изрезанная"", ""texture_coarseness:гладкая""]"
/kaggle/input/datasets/mihailodin1/all-image-skin/1141.jpg,"[""color_homogeneity:цвет неоднородный"", ""color_distance_euclidean:умеренный"", ""std_H_lesion:высокая"", ""mean_V_lesion:высокая"", ""delta_H_center_periphery:оттенок_как_периферия"", ""delta_V_inner_rim:слегка_темнее"", ""delta_S_left_right:слабая"", ""elongation:умеренно вытянутая"", ""solidity:средняя"", ""fractal_dimension:слабо_изрезанная""]"
/kaggle/input/datasets/mihailodin1/all-image-skin/1142.jpg,"[""asymmetry:выраженная"", ""dominant_hue:желтовато-коричневый"", ""std_H_lesion:высокая"", ""std_V_lesion:высокая"", ""delta_S_center_periphery:выше"", ""delta_V_left_right:сильная_право_лево"", ""delta_S_top_bottom:сильная_верх_низ"", ""shape:округлая"", ""solidity:низкая"", ""fractal_dimension:умеренно_изрезанная""]"
/kaggle/input/datasets/mihailodin1/all-image-skin/1143.jpg,"[""color_homogeneity:цвет неоднородный"", ""color_distance_euclidean:выраженный"", ""std_H_lesion:высокая"", ""mean_S_lesion:средняя"", ""delta_S_center_periphery:умеренно_выше"", ""delta_V_inner_rim:слегка_темнее"", ""delta_V_top_bottom:слабая"", ""elongation:умеренно вытянутая"", ""fractal_dimension:умеренно_изрезанная"", ""structure_order:хаотичная""]"
/kaggle/input/datasets/mihailodin1/all-image-skin/1144.jpg,"[""pigmentation:с примесью красного или синего"", ""color_homogeneity:цвет неоднородный"", ""color_distance_euclidean:умеренный"", ""delta_H_center_periphery:оттенок_как_периферия"", ""delta_V_inner_rim:слегка_темнее"", ""delta_S_left_right:слабая"", ""shape:округлая"", ""eccentricity:умеренно_вытянутая"", ""borders:умеренно неровные"", ""texture_coarseness:гладкая""]"
/kaggle/input/datasets/mihailodin1/all-image-skin/1145.jpg,"[""color_homogeneity:цвет неоднородный"", ""color_distance_euclidean:выраженный"", ""std_H_lesion:высокая"", ""mean_V_lesion:высокая"", ""delta_H_center_periphery:краснее_периферии"", ""delta_V_inner_rim:слегка_темнее"", ""delta_S_left_right:слабая"", ""elongation:умеренно вытянутая"", ""shape:овальная"", ""structure_order:хаотичная""]"
/kaggle/input/datasets/mihailodin1/all-image-skin/1146.jpg,"[""dominant_hue:желтовато-коричневый"", ""color_distance_euclidean:умеренный"", ""std_H_lesion:высокая"", ""mean_S_lesion:средняя"", ""delta_H_center_periphery:краснее_периферии"", ""delta_V_center_periphery:равная"", ""delta_S_left_right:сильная_лево_право"", ""lobulation:лобуляции слабые"", ""area:маленький"", ""radial_variance:высокая""]"
/kaggle/input/datasets/mihailodin1/all-image-skin/1147.jpg,"[""color_homogeneity:цвет неоднородный"", ""dominant_hue:красноватый"", ""color_distance_euclidean:очень_слабый"", ""std_H_lesion:высокая"", ""delta_H_center_periphery:оттенок_как_периферия"", ""delta_V_center_periphery:равная"", ""delta_V_inner_rim:светлее"", ""delta_V_top_bottom:слабая"", ""shape:неправильная"", ""eccentricity:умеренно_вытянутая""]"
/kaggle/input/datasets/mihailodin1/all-image-skin/1148.jpg,"[""asymmetry:выраженная"", ""color_homogeneity:цвет неоднородный"", ""color_distance_euclidean:сильный"", ""entropy_V_lesion:высокое"", ""std_V_lesion:высокая"", ""delta_V_center_periphery:значительно_темнее"", ""delta_V_top_bottom:слабая"", ""shape:округлая"", ""eccentricity:умеренно_вытянутая"", ""fractal_dimension:сильно_изрезанная""]"
/kaggle/input/datasets/mihailodin1/all-image-skin/1149.jpg,"[""pigmentation:с примесью красного или синего"", ""color_distance_euclidean:сильный"", ""entropy_V_lesion:высокое"", ""mean_S_lesion:высокая"", ""delta_H_center_periphery:оттенок_как_периферия"", ""delta_V_inner_rim:темнее_центра"", ""delta_V_top_bottom:слабая"", ""shape:округлая"", ""area:маленький"", ""eccentricity:умеренно_вытянутая""]"
/kaggle/input/datasets/mihailodin1/all-image-skin/115.jpg,"[""asymmetry:выраженная"", ""color_homogeneity:цвет неоднородный"", ""color_distance_euclidean:выраженный"", ""std_H_lesion:высокая"", ""rim:тёмный ободок по краю"", ""delta_V_inner_rim:слегка_темнее"", ""elongation:умеренно вытянутая"", ""shape:овальная"", ""borders:умеренно неровные"", ""lbp_std:средний""]"
/kaggle/input/datasets/mihailodin1/all-image-skin/1150.jpg,"[""color_homogeneity:цвет умеренно неоднородный"", ""dominant_hue:красноватый"", ""color_distance_euclidean:выраженный"", ""std_V_lesion:средняя"", ""mean_V_lesion:средняя"", ""delta_H_center_periphery:оттенок_как_периферия"", ""delta_V_inner_rim:слегка_темнее"", ""delta_S_left_right:слабая"", ""shape:овальная"", ""eccentricity:умеренно_вытянутая""]"
/kaggle/input/datasets/mihailodin1/all-image-skin/1151.jpg,"[""contrast:умеренный"", ""color_homogeneity:цвет неоднородный"", ""color_distance_euclidean:умеренный"", ""mean_V_lesion:средняя"", ""delta_S_center_periphery:умеренно_выше"", ""delta_V_left_right:слабая"", ""shape:округлая"", ""eccentricity:умеренно_вытянутая"", ""fractal_dimension:слабо_изрезанная"", ""structure_order:хаотичная""]"
/kaggle/input/datasets/mihailodin1/all-image-skin/1152.jpg,"[""color_homogeneity:цвет неоднородный"", ""color_distance_euclidean:выраженный"", ""entropy_V_lesion:высокое"", ""mean_S_lesion:высокая"", ""delta_H_center_periphery:оттенок_как_периферия"", ""delta_V_inner_rim:темнее_центра"", ""shape:округлая"", ""area:очень_маленький"", ""fractal_dimension:сильно_изрезанная"", ""glcm_energy:высокая""]"
/kaggle/input/datasets/mihailodin1/all-image-skin/1153.jpg,"[""color_homogeneity:цвет неоднородный"", ""color_distance_euclidean:умеренный"", ""std_S_lesion:средняя"", ""mean_S_lesion:высокая"", ""delta_V_center_periphery:темнее"", ""delta_V_left_right:слабая"", ""shape:овальная"", ""solidity:средняя"", ""fractal_dimension:умеренно_изрезанная"", ""structure_order:хаотичная""]"
/kaggle/input/datasets/mihailodin1/all-image-skin/1154.jpg,"[""asymmetry:выраженная"", ""color_homogeneity:цвет неоднородный"", ""color_distance_euclidean:умеренный"", ""std_H_lesion:средняя"", ""delta_H_center_periphery:оттенок_как_периферия"", ""delta_V_inner_rim:слегка_темнее"", ""delta_S_left_right:слабая"", ""elongation:округлая"", ""perimeter:большой"", ""fractal_dimension:умеренно_изрезанная""]"
/kaggle/input/datasets/mihailodin1/all-image-skin/1155.jpg,"[""pigmentation:с примесью красного или синего"", ""color_homogeneity:цвет умеренно неоднородный"", ""color_distance_euclidean:умеренный"", ""mean_V_lesion:средняя"", ""delta_H_center_periphery:оттенок_как_периферия"", ""delta_V_left_right:слабая"", ""delta_S_left_right:сильная_право_лево"", ""shape:округлая"", ""perimeter:средний"", ""fractal_dimension:умеренно_изрезанная""]"
/kaggle/input/datasets/mihailodin1/all-image-skin/1156.jpg,"[""color_homogeneity:цвет неоднородный"", ""color_distance_euclidean:умеренный"", ""std_H_lesion:высокая"", ""mean_S_lesion:высокая"", ""delta_S_center_periphery:умеренно_выше"", ""delta_S_left_right:слабая"", ""elongation:умеренно вытянутая"", ""fractal_dimension:сильно_изрезанная"", ""structure_order:хаотичная""]"
/kaggle/input/datasets/mihailodin1/all-image-skin/1157.jpg,"[""pigmentation:с примесью красного или синего"", ""color_distance_euclidean:умеренный"", ""std_V_lesion:высокая"", ""mean_V_lesion:высокая"", ""delta_H_center_periphery:оттенок_как_периферия"", ""delta_V_left_right:сильная_право_лево"", ""delta_V_top_bottom:сильная_низ_верх"", ""shape:округлая"", ""convexity:высокая"", ""structure_order:хаотичная""]"
/kaggle/input/datasets/mihailodin1/all-image-skin/1158.jpg,"[""dominant_hue:красноватый"", ""color_distance_euclidean:выраженный"", ""entropy_V_lesion:среднее"", ""mean_S_lesion:высокая"", ""delta_H_center_periphery:оттенок_как_периферия"", ""delta_V_center_periphery:темнее"", ""delta_V_left_right:слабая"", ""shape:округлая"", ""eccentricity:умеренно_вытянутая"", ""convexity:высокая""]"
/kaggle/input/datasets/mihailodin1/all-image-skin/1159.jpg,"[""dominant_hue:желтовато-коричневый"", ""color_distance_euclidean:выраженный"", ""std_H_lesion:высокая"", ""mean_V_lesion:высокая"", ""delta_H_center_periphery:краснее_периферии"", ""delta_S_left_right:слабая"", ""shape:овальная"", ""perimeter:средний"", ""solidity:высокая"", ""fractal_dimension:сильно_изрезанная""]"
/kaggle/input/datasets/mihailodin1/all-image-skin/116.jpg,"[""asymmetry:выраженная"", ""pigmentation:с примесью красного или синего"", ""color_homogeneity:цвет неоднородный"", ""color_distance_euclidean:сильный"", ""entropy_V_lesion:высокое"", ""delta_S_center_periphery:умеренно_выше"", ""delta_V_left_right:слабая"", ""shape:округлая"", ""fractal_dimension:сильно_изрезанная"", ""structure_order:хаотичная""]"
/kaggle/input/datasets/mihailodin1/all-image-skin/1160.jpg,"[""color_homogeneity:цвет неоднородный"", ""color_distance_euclidean:выраженный"", ""std_H_lesion:высокая"", ""mean_V_lesion:высокая"", ""delta_H_center_periphery:оттенок_как_периферия"", ""delta_S_left_right:слабая"", ""shape:овальная"", ""solidity:высокая"", ""fractal_dimension:сильно_изрезанная"", ""structure_order:хаотичная""]"
/kaggle/input/datasets/mihailodin1/all-image-skin/1161.jpg,"[""pigmentation:с примесью красного или синего"", ""color_homogeneity:цвет неоднородный"", ""color_distance_euclidean:умеренный"", ""std_S_lesion:высокая"", ""delta_H_center_periphery:оттенок_как_периферия"", ""delta_V_inner_rim:слегка_темнее"", ""delta_V_left_right:слабая"", ""elongation:умеренно вытянутая"", ""shape:неправильная"", ""perimeter:большой""]"
/kaggle/input/datasets/mihailodin1/all-image-skin/1162.jpg,"[""palette:монотонная"", ""pigmentation:с примесью красного или синего"", ""color_homogeneity:цвет неоднородный"", ""color_distance_euclidean:выраженный"", ""std_H_lesion:высокая"", ""percent_red_pixels:присутствуют"", ""delta_S_center_periphery:выше"", ""delta_V_inner_rim:слегка_темнее"", ""elongation:умеренно вытянутая"", ""shape:овальная""]"
/kaggle/input/datasets/mihailodin1/all-image-skin/1163.jpg,"[""color_homogeneity:цвет неоднородный"", ""dominant_hue:желтовато-коричневый"", ""color_distance_euclidean:выраженный"", ""std_H_lesion:высокая"", ""delta_V_inner_rim:слегка_темнее"", ""delta_V_top_bottom:слабая"", ""shape:округлая"", ""area:маленький"", ""eccentricity:умеренно_вытянутая"", ""fractal_dimension:умеренно_изрезанная""]"
/kaggle/input/datasets/mihailodin1/all-image-skin/1164.jpg,"[""asymmetry:выраженная"", ""color_homogeneity:цвет неоднородный"", ""dominant_hue:желтовато-коричневый"", ""color_distance_euclidean:выраженный"", ""mean_S_lesion:средняя"", ""delta_H_center_periphery:краснее_периферии"", ""delta_V_inner_rim:слегка_темнее"", ""delta_S_left_right:слабая"", ""shape:овальная"", ""perimeter:большой""]"
/kaggle/input/datasets/mihailodin1/all-image-skin/1165.jpg,"[""color_homogeneity:цвет неоднородный"", ""dominant_hue:желтовато-коричневый"", ""rim:светлый ободок по краю"", ""delta_S_center_periphery:выше"", ""delta_V_left_right:слабая"", ""delta_S_top_bottom:сильная_низ_верх"", ""shape:округлая"", ""eccentricity:сильно_вытянутая"", ""convexity:высокая"", ""lbp_std:средний""]"
/kaggle/input/datasets/mihailodin1/all-image-skin/1166.jpg,"[""color_homogeneity:цвет неоднородный"", ""dominant_hue:желтовато-коричневый"", ""color_distance_euclidean:сильный"", ""std_V_lesion:высокая"", ""delta_S_center_periphery:выше"", ""delta_V_inner_rim:темнее_центра"", ""delta_S_left_right:слабая"", ""elongation:умеренно вытянутая"", ""area:средний"", ""eccentricity:умеренно_вытянутая""]"
/kaggle/input/datasets/mihailodin1/all-image-skin/1167.jpg,"[""color_homogeneity:цвет неоднородный"", ""dominant_hue:красноватый"", ""color_distance_euclidean:выраженный"", ""std_H_lesion:высокая"", ""std_S_lesion:высокая"", ""delta_H_center_periphery:оттенок_как_периферия"", ""delta_V_inner_rim:слегка_темнее"", ""delta_V_top_bottom:слабая"", ""shape:овальная"", ""eccentricity:умеренно_вытянутая""]"
/kaggle/input/datasets/mihailodin1/all-image-skin/1168.jpg,"[""dominant_hue:желтовато-коричневый"", ""color_distance_euclidean:умеренный"", ""std_H_lesion:высокая"", ""std_V_lesion:высокая"", ""delta_H_center_periphery:оттенок_как_периферия"", ""delta_V_inner_rim:одинаковый"", ""delta_S_left_right:сильная_лево_право"", ""elongation:умеренно вытянутая"", ""perimeter:очень_большой"", ""fractal_dimension:слабо_изрезанная""]"
/kaggle/input/datasets/mihailodin1/all-image-skin/1169.jpg,"[""dominant_hue:красноватый"", ""color_distance_euclidean:выраженный"", ""std_V_lesion:средняя"", ""mean_V_lesion:средняя"", ""delta_H_center_periphery:краснее_периферии"", ""delta_V_left_right:слабая"", ""elongation:умеренно вытянутая"", ""eccentricity:умеренно_вытянутая"", ""fractal_dimension:сильно_изрезанная"", ""structure_order:хаотичная""]"
/kaggle/input/datasets/mihailodin1/all-image-skin/117.jpg,"[""color_homogeneity:цвет неоднородный"", ""dominant_hue:красноватый"", ""color_distance_euclidean:сильный"", ""mean_S_lesion:высокая"", ""delta_H_center_periphery:оттенок_как_периферия"", ""delta_V_center_periphery:значительно_темнее"", ""delta_S_left_right:слабая"", ""shape:округлая"", ""fractal_dimension:слабо_изрезанная"", ""structure_order:хаотичная""]"
/kaggle/input/datasets/mihailodin1/all-image-skin/1170.jpg,"[""color_homogeneity:цвет неоднородный"", ""color_distance_euclidean:сильный"", ""std_H_lesion:высокая"", ""mean_V_lesion:средняя"", ""delta_H_center_periphery:краснее_периферии"", ""delta_V_inner_rim:слегка_темнее"", ""delta_S_top_bottom:слабая"", ""elongation:умеренно вытянутая"", ""shape:овальная"", ""fractal_dimension:сильно_изрезанная""]"
/kaggle/input/datasets/mihailodin1/all-image-skin/1171.jpg,"[""dominant_hue:желтовато-коричневый"", ""color_distance_euclidean:выраженный"", ""std_V_lesion:средняя"", ""delta_H_center_periphery:краснее_периферии"", ""delta_V_center_periphery:значительно_темнее"", ""delta_V_inner_rim:слегка_темнее"", ""shape:овальная"", ""area:маленький"", ""fractal_dimension:сильно_изрезанная"", ""lbp_entropy:средняя""]"
/kaggle/input/datasets/mihailodin1/all-image-skin/1172.jpg,"[""dominant_hue:желтовато-коричневый"", ""std_H_lesion:высокая"", ""delta_S_center_periphery:выше"", ""delta_V_inner_rim:слегка_темнее"", ""delta_S_left_right:слабая"", ""elongation:умеренно вытянутая"", ""perimeter:большой"", ""radial_variance:средняя"", ""texture:умеренно неоднородная"", ""glcm_entropy:высокая""]"
/kaggle/input/datasets/mihailodin1/all-image-skin/1173.jpg,"[""palette:монотонная"", ""color_homogeneity:цвет неоднородный"", ""color_distance_euclidean:умеренный"", ""std_H_lesion:высокая"", ""delta_H_center_periphery:краснее_периферии"", ""delta_V_center_periphery:темнее"", ""delta_S_left_right:слабая"", ""shape:овальная"", ""solidity:высокая"", ""fractal_dimension:сильно_изрезанная""]"
/kaggle/input/datasets/mihailodin1/all-image-skin/1174.jpg,"[""asymmetry:выраженная"", ""color_homogeneity:цвет неоднородный"", ""dominant_hue:желтовато-коричневый"", ""color_distance_euclidean:выраженный"", ""mean_V_lesion:средняя"", ""delta_H_center_periphery:краснее_периферии"", ""delta_V_inner_rim:слегка_темнее"", ""elongation:умеренно вытянутая"", ""fractal_dimension:слабо_изрезанная"", ""structure_order:хаотичная""]"
/kaggle/input/datasets/mihailodin1/all-image-skin/1175.jpg,"[""pigmentation:с примесью красного или синего"", ""color_distance_euclidean:выраженный"", ""std_S_lesion:высокая"", ""delta_H_center_periphery:краснее_периферии"", ""delta_V_inner_rim:слегка_темнее"", ""delta_S_left_right:слабая"", ""shape:овальная"", ""perimeter:средний"", ""eccentricity:умеренно_вытянутая"", ""fractal_dimension:сильно_изрезанная""]"
/kaggle/input/datasets/mihailodin1/all-image-skin/1176.jpg,"[""color_homogeneity:цвет неоднородный"", ""dominant_hue:желтовато-коричневый"", ""color_distance_euclidean:выраженный"", ""std_H_lesion:высокая"", ""mean_V_lesion:высокая"", ""delta_H_center_periphery:краснее_периферии"", ""delta_V_inner_rim:слегка_темнее"", ""delta_S_left_right:слабая"", ""shape:овальная"", ""eccentricity:умеренно_вытянутая""]"
/kaggle/input/datasets/mihailodin1/all-image-skin/1177.jpg,"[""color_homogeneity:цвет неоднородный"", ""dominant_hue:красноватый"", ""entropy_S_lesion:высокое"", ""mean_V_lesion:средняя"", ""percent_dark_pixels:нет"", ""delta_H_center_periphery:оттенок_как_периферия"", ""delta_V_inner_rim:слегка_темнее"", ""delta_S_top_bottom:слабая"", ""elongation:вытянутая"", ""shape:овальная""]"
/kaggle/input/datasets/mihailodin1/all-image-skin/1178.jpg,"[""color_homogeneity:цвет неоднородный"", ""dominant_hue:желтовато-коричневый"", ""std_H_lesion:высокая"", ""mean_V_lesion:высокая"", ""percent_dark_pixels:нет"", ""delta_H_center_periphery:краснее_периферии"", ""delta_V_center_periphery:равная"", ""delta_V_top_bottom:слабая"", ""shape:овальная"", ""fractal_dimension:умеренно_изрезанная""]"
/kaggle/input/datasets/mihailodin1/all-image-skin/1179.jpg,"[""color_homogeneity:цвет неоднородный"", ""dominant_hue:коричневый"", ""color_distance_euclidean:умеренный"", ""entropy_S_lesion:высокое"", ""std_S_lesion:высокая"", ""delta_H_center_periphery:краснее_периферии"", ""delta_V_inner_rim:слегка_темнее"", ""delta_S_top_bottom:слабая"", ""elongation:умеренно вытянутая"", ""area:крупный""]"
/kaggle/input/datasets/mihailodin1/all-image-skin/118.jpg,"[""color_homogeneity:цвет неоднородный"", ""color_distance_euclidean:выраженный"", ""std_H_lesion:высокая"", ""percent_dark_pixels:нет"", ""delta_H_center_periphery:оттенок_как_периферия"", ""delta_V_inner_rim:слегка_темнее"", ""percent_outlier_dark_pixels:умеренно"", ""shape:овальная"", ""eccentricity:умеренно_вытянутая"", ""fractal_dimension:умеренно_изрезанная""]"
/kaggle/input/datasets/mihailodin1/all-image-skin/1180.jpg,"[""asymmetry:выраженная"", ""contrast:умеренный"", ""dominant_hue:желтовато-коричневый"", ""color_distance_euclidean:умеренный"", ""entropy_V_lesion:низкое"", ""mean_V_lesion:высокая"", ""delta_S_center_periphery:умеренно_выше"", ""delta_V_top_bottom:слабая"", ""shape:овальная"", ""eccentricity:сильно_вытянутая""]"
/kaggle/input/datasets/mihailodin1/all-image-skin/1181.jpg,"[""asymmetry:выраженная"", ""palette:монотонная"", ""color_homogeneity:цвет неоднородный"", ""color_distance_euclidean:умеренный"", ""std_V_lesion:средняя"", ""delta_S_center_periphery:выше"", ""delta_V_inner_rim:слегка_темнее"", ""delta_S_left_right:слабая"", ""elongation:умеренно вытянутая"", ""shape:овальная""]"
/kaggle/input/datasets/mihailodin1/all-image-skin/1182.jpg,"[""asymmetry:выраженная"", ""palette:монотонная"", ""color_homogeneity:цвет неоднородный"", ""color_distance_euclidean:сильный"", ""std_H_lesion:высокая"", ""mean_V_lesion:средняя"", ""delta_S_center_periphery:умеренно_выше"", ""delta_V_inner_rim:слегка_темнее"", ""delta_V_top_bottom:слабая"", ""shape:овальная""]"
/kaggle/input/datasets/mihailodin1/all-image-skin/1183.jpg,"[""color_homogeneity:цвет неоднородный"", ""dominant_hue:желтовато-коричневый"", ""color_distance_euclidean:сильный"", ""std_H_lesion:высокая"", ""delta_V_inner_rim:темнее_центра"", ""delta_V_top_bottom:слабая"", ""elongation:умеренно вытянутая"", ""shape:овальная"", ""fractal_dimension:сильно_изрезанная"", ""lbp_mean:низкое""]"
/kaggle/input/datasets/mihailodin1/all-image-skin/1184.jpg,"[""asymmetry:выраженная"", ""color_homogeneity:цвет неоднородный"", ""color_distance_euclidean:умеренный"", ""mean_V_lesion:высокая"", ""delta_S_center_periphery:умеренно_выше"", ""delta_V_inner_rim:слегка_темнее"", ""delta_S_left_right:слабая"", ""shape:неправильная"", ""eccentricity:сильно_вытянутая"", ""borders:фестончатые""]"
/kaggle/input/datasets/mihailodin1/all-image-skin/1185.jpg,"[""color_homogeneity:цвет неоднородный"", ""dominant_hue:желтовато-коричневый"", ""color_distance_euclidean:умеренный"", ""std_V_lesion:средняя"", ""delta_S_center_periphery:выше"", ""delta_V_top_bottom:слабая"", ""elongation:умеренно вытянутая"", ""shape:овальная"", ""perimeter:средний"", ""convexity:средняя""]"
/kaggle/input/datasets/mihailodin1/all-image-skin/1186.jpg,"[""asymmetry:выраженная"", ""color_homogeneity:цвет неоднородный"", ""color_distance_euclidean:сильный"", ""std_H_lesion:высокая"", ""mean_V_lesion:средняя"", ""delta_S_center_periphery:выше"", ""delta_V_inner_rim:темнее_центра"", ""delta_V_top_bottom:слабая"", ""shape:округлая"", ""perimeter:средний""]"
/kaggle/input/datasets/mihailodin1/all-image-skin/1187.jpg,"[""asymmetry:выраженная"", ""color_homogeneity:цвет неоднородный"", ""dominant_hue:коричневый"", ""entropy_H_lesion:высокое"", ""mean_V_lesion:высокая"", ""delta_S_center_periphery:выше"", ""delta_V_inner_rim:слегка_темнее"", ""delta_S_left_right:слабая"", ""shape:округлая"", ""lbp_std:средний""]"
/kaggle/input/datasets/mihailodin1/all-image-skin/1188.jpg,"[""asymmetry:умеренная"", ""contrast:умеренный"", ""color_homogeneity:цвет неоднородный"", ""color_distance_euclidean:умеренный"", ""mean_V_lesion:средняя"", ""delta_S_center_periphery:равна"", ""delta_V_inner_rim:слегка_темнее"", ""delta_V_top_bottom:слабая"", ""elongation:умеренно вытянутая"", ""perimeter:большой""]"
/kaggle/input/datasets/mihailodin1/all-image-skin/1189.jpg,"[""asymmetry:выраженная"", ""contrast:выраженный"", ""color_distance_euclidean:выраженный"", ""std_H_lesion:высокая"", ""mean_V_lesion:средняя"", ""delta_S_center_periphery:умеренно_выше"", ""delta_V_inner_rim:слегка_темнее"", ""delta_S_left_right:слабая"", ""shape:овальная"", ""eccentricity:умеренно_вытянутая""]"
/kaggle/input/datasets/mihailodin1/all-image-skin/119.jpg,"[""contrast:выраженный"", ""color_homogeneity:цвет неоднородный"", ""delta_S_center_periphery:умеренно_выше"", ""delta_V_inner_rim:слегка_темнее"", ""delta_S_left_right:слабая"", ""elongation:умеренно вытянутая"", ""perimeter:средний"", ""fractal_dimension:сильно_изрезанная"", ""texture:преимущественно однородная"", ""lbp_mean:низкое""]"
/kaggle/input/datasets/mihailodin1/all-image-skin/1190.jpg,"[""asymmetry:выраженная"", ""dominant_hue:красноватый"", ""color_distance_euclidean:выраженный"", ""delta_S_center_periphery:выше"", ""delta_V_inner_rim:слегка_темнее"", ""delta_S_left_right:слабая"", ""lobulation:лобуляции отсутствуют"", ""elongation:округлая"", ""perimeter:средний"", ""borders:ровные""]"
/kaggle/input/datasets/mihailodin1/all-image-skin/1191.jpg,"[""asymmetry:выраженная"", ""palette:монотонная"", ""color_homogeneity:цвет неоднородный"", ""dominant_hue:желтовато-коричневый"", ""color_distance_euclidean:выраженный"", ""std_H_lesion:высокая"", ""mean_V_lesion:средняя"", ""delta_S_center_periphery:умеренно_выше"", ""delta_V_inner_rim:слегка_темнее"", ""delta_S_left_right:слабая""]"
/kaggle/input/datasets/mihailodin1/all-image-skin/1192.jpg,"[""color_homogeneity:цвет неоднородный"", ""dominant_hue:желтовато-коричневый"", ""color_distance_euclidean:выраженный"", ""delta_S_center_periphery:выше"", ""delta_V_inner_rim:слегка_темнее"", ""delta_S_left_right:слабая"", ""elongation:округлая"", ""shape:овальная"", ""fractal_dimension:сильно_изрезанная"", ""lbp_mean:низкое""]"
/kaggle/input/datasets/mihailodin1/all-image-skin/1193.jpg,"[""pigmentation:с примесью красного или синего"", ""dominant_hue:желтовато-коричневый"", ""color_distance_euclidean:умеренный"", ""std_H_lesion:высокая"", ""delta_S_center_periphery:умеренно_выше"", ""delta_V_inner_rim:слегка_темнее"", ""delta_V_top_bottom:слабая"", ""elongation:вытянутая"", ""eccentricity:умеренно_вытянутая"", ""borders:умеренно неровные""]"
/kaggle/input/datasets/mihailodin1/all-image-skin/1194.jpg,"[""dominant_hue:желтовато-коричневый"", ""color_distance_euclidean:умеренный"", ""delta_V_center_periphery:темнее"", ""delta_V_top_bottom:слабая"", ""shape:неправильная"", ""eccentricity:умеренно_вытянутая"", ""borders:фестончатые"", ""fractal_dimension:слабо_изрезанная"", ""structure_order:хаотичная"", ""lbp_std:средний""]"
/kaggle/input/datasets/mihailodin1/all-image-skin/1195.jpg,"[""color_homogeneity:цвет неоднородный"", ""dominant_hue:желтовато-коричневый"", ""color_distance_euclidean:умеренный"", ""std_H_lesion:высокая"", ""delta_S_center_periphery:выше"", ""delta_V_inner_rim:слегка_темнее"", ""delta_S_left_right:слабая"", ""elongation:умеренно вытянутая"", ""shape:овальная"", ""fractal_dimension:слабо_изрезанная""]"
/kaggle/input/datasets/mihailodin1/all-image-skin/1196.jpg,"[""asymmetry:выраженная"", ""color_homogeneity:цвет неоднородный"", ""color_distance_euclidean:выраженный"", ""std_H_lesion:высокая"", ""delta_S_center_periphery:умеренно_выше"", ""delta_V_inner_rim:слегка_темнее"", ""delta_S_left_right:слабая"", ""shape:округлая"", ""perimeter:средний"", ""radial_variance:низкая""]"
/kaggle/input/datasets/mihailodin1/all-image-skin/1197.jpg,"[""color_homogeneity:цвет неоднородный"", ""color_balance_R:повышен"", ""color_distance_euclidean:выраженный"", ""std_H_lesion:высокая"", ""delta_H_center_periphery:оттенок_как_периферия"", ""delta_S_center_periphery:умеренно_выше"", ""delta_V_left_right:слабая"", ""shape:овальная"", ""perimeter:средний"", ""fractal_dimension:сильно_изрезанная""]"
/kaggle/input/datasets/mihailodin1/all-image-skin/1199.jpg,"[""asymmetry:выраженная"", ""color_homogeneity:цвет неоднородный"", ""color_distance_euclidean:выраженный"", ""std_H_lesion:высокая"", ""delta_H_center_periphery:оттенок_как_периферия"", ""delta_V_inner_rim:слегка_темнее"", ""delta_S_left_right:слабая"", ""shape:округлая"", ""eccentricity:умеренно_вытянутая"", ""fractal_dimension:умеренно_изрезанная""]"
/kaggle/input/datasets/mihailodin1/all-image-skin/120.jpg,"[""asymmetry:выраженная"", ""palette:монотонная"", ""color_homogeneity:цвет неоднородный"", ""color_distance_euclidean:выраженный"", ""std_H_lesion:высокая"", ""delta_H_center_periphery:оттенок_как_периферия"", ""delta_V_center_periphery:темнее"", ""delta_V_top_bottom:слабая"", ""shape:неправильная"", ""eccentricity:сильно_вытянутая""]"
/kaggle/input/datasets/mihailodin1/all-image-skin/1200.jpg,"[""asymmetry:выраженная"", ""palette:монотонная"", ""color_homogeneity:цвет неоднородный"", ""color_distance_euclidean:выраженный"", ""std_H_lesion:высокая"", ""mean_V_lesion:средняя"", ""delta_S_center_periphery:равна"", ""delta_V_left_right:сильная_право_лево"", ""delta_V_top_bottom:слабая"", ""shape:округлая""]"
/kaggle/input/datasets/mihailodin1/all-image-skin/1201.jpg,"[""asymmetry:выраженная"", ""contrast:выраженный"", ""color_homogeneity:цвет неоднородный"", ""color_distance_euclidean:выраженный"", ""std_H_lesion:высокая"", ""mean_S_lesion:средняя"", ""delta_S_center_periphery:выше"", ""delta_V_inner_rim:слегка_темнее"", ""delta_S_left_right:слабая"", ""shape:округлая""]"
/kaggle/input/datasets/mihailodin1/all-image-skin/1202.jpg,"[""asymmetry:выраженная"", ""contrast:умеренный"", ""dominant_hue:желтовато-коричневый"", ""color_distance_euclidean:умеренный"", ""entropy_H_lesion:среднее"", ""delta_S_center_periphery:выше"", ""delta_V_center_periphery:темнее"", ""delta_S_left_right:слабая"", ""elongation:умеренно вытянутая"", ""perimeter:большой""]"
/kaggle/input/datasets/mihailodin1/all-image-skin/1203.jpg,"[""palette:монотонная"", ""color_homogeneity:цвет неоднородный"", ""color_distance_euclidean:сильный"", ""delta_S_center_periphery:умеренно_выше"", ""delta_V_inner_rim:темнее_центра"", ""delta_S_left_right:слабая"", ""shape:округлая"", ""perimeter:средний"", ""fractal_dimension:сильно_изрезанная"", ""structure_order:хаотичная""]"
/kaggle/input/datasets/mihailodin1/all-image-skin/1204.jpg,"[""asymmetry:выраженная"", ""contrast:выраженный"", ""dominant_hue:красноватый"", ""color_distance_euclidean:сильный"", ""std_H_lesion:высокая"", ""delta_S_center_periphery:выше"", ""delta_V_inner_rim:слегка_темнее"", ""delta_S_left_right:слабая"", ""elongation:вытянутая"", ""shape:овальная""]"
/kaggle/input/datasets/mihailodin1/all-image-skin/1205.jpg,"[""contrast:умеренный"", ""palette:монотонная"", ""dominant_hue:желтовато-коричневый"", ""delta_S_center_periphery:умеренно_выше"", ""delta_V_inner_rim:одинаковый"", ""delta_V_top_bottom:слабая"", ""shape:овальная"", ""perimeter:средний"", ""fractal_dimension:умеренно_изрезанная"", ""lbp_std:средний""]"
/kaggle/input/datasets/mihailodin1/all-image-skin/1206.jpg,"[""asymmetry:выраженная"", ""color_homogeneity:цвет неоднородный"", ""color_distance_euclidean:выраженный"", ""std_H_lesion:высокая"", ""mean_V_lesion:средняя"", ""delta_S_center_periphery:умеренно_выше"", ""delta_V_inner_rim:слегка_темнее"", ""delta_S_left_right:слабая"", ""elongation:умеренно вытянутая"", ""shape:овальная""]"
/kaggle/input/datasets/mihailodin1/all-image-skin/1207.jpg,"[""asymmetry:выраженная"", ""dominant_hue:желтовато-коричневый"", ""color_distance_euclidean:умеренный"", ""entropy_H_lesion:среднее"", ""mean_S_lesion:средняя"", ""delta_H_center_periphery:краснее_периферии"", ""delta_V_inner_rim:слегка_темнее"", ""delta_V_top_bottom:слабая"", ""elongation:умеренно вытянутая"", ""shape:овальная""]"
/kaggle/input/datasets/mihailodin1/all-image-skin/1208.jpg,"[""asymmetry:выраженная"", ""color_homogeneity:цвет неоднородный"", ""color_distance_euclidean:выраженный"", ""std_H_lesion:высокая"", ""delta_H_center_periphery:оттенок_как_периферия"", ""delta_V_inner_rim:слегка_темнее"", ""delta_V_top_bottom:слабая"", ""elongation:умеренно вытянутая"", ""shape:овальная"", ""glcm_entropy:высокая""]"
/kaggle/input/datasets/mihailodin1/all-image-skin/1209.jpg,"[""contrast:выраженный"", ""dominant_hue:желтовато-коричневый"", ""color_distance_euclidean:выраженный"", ""delta_S_center_periphery:выше"", ""delta_V_inner_rim:слегка_темнее"", ""delta_S_left_right:слабая"", ""elongation:умеренно вытянутая"", ""shape:округлая"", ""fractal_dimension:слабо_изрезанная"", ""texture:преимущественно однородная""]"
/kaggle/input/datasets/mihailodin1/all-image-skin/121.jpg,"[""dominant_hue:желтовато-коричневый"", ""color_distance_euclidean:сильный"", ""std_H_lesion:высокая"", ""mean_V_lesion:средняя"", ""delta_H_center_periphery:краснее_периферии"", ""delta_V_inner_rim:темнее_центра"", ""delta_S_left_right:слабая"", ""lobulation:лобуляции слабые"", ""elongation:вытянутая"", ""shape:овальная""]"
/kaggle/input/datasets/mihailodin1/all-image-skin/1210.jpg,"[""asymmetry:выраженная"", ""palette:монотонная"", ""dominant_hue:желтовато-коричневый"", ""std_H_lesion:высокая"", ""percent_dark_pixels:много"", ""delta_S_center_periphery:выше"", ""delta_V_inner_rim:темнее_центра"", ""delta_V_left_right:слабая"", ""shape:овальная"", ""solidity:высокая""]"
/kaggle/input/datasets/mihailodin1/all-image-skin/1211.jpg,"[""palette:монотонная"", ""color_homogeneity:цвет неоднородный"", ""color_distance_euclidean:выраженный"", ""delta_S_center_periphery:значительно_выше"", ""delta_V_inner_rim:слегка_темнее"", ""delta_S_top_bottom:слабая"", ""elongation:умеренно вытянутая"", ""shape:овальная"", ""fractal_dimension:сильно_изрезанная"", ""lbp_std:средний""]"
/kaggle/input/datasets/mihailodin1/all-image-skin/1212.jpg,"[""contrast:выраженный"", ""color_distance_euclidean:выраженный"", ""delta_S_center_periphery:выше"", ""delta_V_inner_rim:слегка_темнее"", ""delta_S_left_right:слабая"", ""shape:округлая"", ""eccentricity:умеренно_вытянутая"", ""fractal_dimension:умеренно_изрезанная"", ""glcm_energy:высокая"", ""glcm_entropy:низкая""]"
/kaggle/input/datasets/mihailodin1/all-image-skin/1213.jpg,"[""asymmetry:выраженная"", ""contrast:умеренный"", ""color_homogeneity:цвет неоднородный"", ""color_distance_euclidean:умеренный"", ""std_H_lesion:высокая"", ""mean_V_lesion:средняя"", ""delta_S_center_periphery:умеренно_выше"", ""delta_V_inner_rim:слегка_темнее"", ""delta_V_top_bottom:слабая"", ""elongation:округлая""]"
/kaggle/input/datasets/mihailodin1/all-image-skin/1214.jpg,"[""dominant_hue:желтовато-коричневый"", ""color_distance_euclidean:выраженный"", ""std_H_lesion:высокая"", ""delta_S_center_periphery:умеренно_выше"", ""delta_V_inner_rim:слегка_темнее"", ""delta_S_left_right:слабая"", ""shape:овальная"", ""perimeter:средний"", ""fractal_dimension:умеренно_изрезанная"", ""glcm_energy:высокая""]"
/kaggle/input/datasets/mihailodin1/all-image-skin/1215.jpg,"[""asymmetry:выраженная"", ""contrast:выраженный"", ""palette:монотонная"", ""dominant_hue:красноватый"", ""color_distance_euclidean:выраженный"", ""std_H_lesion:высокая"", ""delta_S_center_periphery:выше"", ""delta_V_inner_rim:слегка_темнее"", ""delta_S_left_right:слабая"", ""shape:овальная""]"
/kaggle/input/datasets/mihailodin1/all-image-skin/1216.jpg,"[""contrast:умеренный"", ""dominant_hue:желтовато-коричневый"", ""color_distance_euclidean:умеренный"", ""delta_S_center_periphery:выше"", ""delta_V_inner_rim:слегка_темнее"", ""delta_S_left_right:слабая"", ""shape:овальная"", ""solidity:высокая"", ""perimeter_area_ratio:среднее"", ""lbp_std:средний""]"
/kaggle/input/datasets/mihailodin1/all-image-skin/1217.jpg,"[""asymmetry:умеренная"", ""palette:монотонная"", ""pigmentation:с примесью красного или синего"", ""color_distance_euclidean:умеренный"", ""std_H_lesion:высокая"", ""delta_H_center_periphery:оттенок_как_периферия"", ""delta_V_center_periphery:равная"", ""delta_V_top_bottom:слабая"", ""shape:овальная"", ""eccentricity:умеренно_вытянутая""]"
/kaggle/input/datasets/mihailodin1/all-image-skin/1218.jpg,"[""contrast:умеренный"", ""dominant_hue:желтовато-коричневый"", ""color_distance_euclidean:умеренный"", ""std_H_lesion:высокая"", ""delta_H_center_periphery:краснее_периферии"", ""delta_V_inner_rim:слегка_темнее"", ""delta_S_left_right:слабая"", ""elongation:умеренно вытянутая"", ""shape:овальная"", ""fractal_dimension:сильно_изрезанная""]"
/kaggle/input/datasets/mihailodin1/all-image-skin/1219.jpg,"[""color_homogeneity:цвет неоднородный"", ""dominant_hue:желтовато-коричневый"", ""rim:тёмный ободок по краю"", ""delta_V_center_periphery:темнее"", ""delta_V_left_right:слабая"", ""delta_S_top_bottom:слабая"", ""shape:овальная"", ""eccentricity:умеренно_вытянутая"", ""fractal_dimension:сильно_изрезанная"", ""glcm_energy:высокая""]"
/kaggle/input/datasets/mihailodin1/all-image-skin/122.jpg,"[""asymmetry:выраженная"", ""dominant_hue:желтовато-коричневый"", ""color_distance_euclidean:умеренный"", ""std_H_lesion:высокая"", ""rim:тёмный ободок по краю"", ""delta_V_inner_rim:слегка_темнее"", ""delta_S_left_right:слабая"", ""shape:овальная"", ""perimeter:средний"", ""eccentricity:умеренно_вытянутая""]"
/kaggle/input/datasets/mihailodin1/all-image-skin/1220.jpg,"[""color_homogeneity:цвет неоднородный"", ""color_distance_euclidean:умеренный"", ""std_H_lesion:высокая"", ""delta_S_center_periphery:равна"", ""delta_V_top_bottom:слабая"", ""shape:округлая"", ""perimeter:маленький"", ""fractal_dimension:слабо_изрезанная"", ""glcm_energy:низкая"", ""glcm_entropy:высокая""]"
/kaggle/input/datasets/mihailodin1/all-image-skin/1221.jpg,"[""asymmetry:выраженная"", ""color_homogeneity:цвет неоднородный"", ""color_distance_euclidean:умеренный"", ""std_H_lesion:высокая"", ""delta_S_center_periphery:умеренно_выше"", ""delta_V_left_right:слабая"", ""delta_S_top_bottom:слабая"", ""shape:овальная"", ""perimeter:средний"", ""glcm_energy:высокая""]"
/kaggle/input/datasets/mihailodin1/all-image-skin/1222.jpg,"[""palette:монотонная"", ""color_homogeneity:цвет умеренно неоднородный"", ""color_distance_euclidean:умеренный"", ""std_H_lesion:средняя"", ""delta_V_center_periphery:темнее"", ""delta_V_top_bottom:слабая"", ""elongation:умеренно вытянутая"", ""shape:овальная"", ""fractal_dimension:слабо_изрезанная"", ""structure_order:хаотичная""]"
/kaggle/input/datasets/mihailodin1/all-image-skin/1223.jpg,"[""asymmetry:выраженная"", ""pigmentation:с примесью красного или синего"", ""color_homogeneity:цвет неоднородный"", ""color_distance_euclidean:сильный"", ""delta_H_center_periphery:оттенок_как_периферия"", ""delta_V_inner_rim:слегка_темнее"", ""delta_S_left_right:слабая"", ""shape:овальная"", ""eccentricity:умеренно_вытянутая"", ""fractal_dimension:слабо_изрезанная""]"
/kaggle/input/datasets/mihailodin1/all-image-skin/1224.jpg,"[""color_homogeneity:цвет неоднородный"", ""color_distance_euclidean:сильный"", ""std_H_lesion:средняя"", ""delta_H_center_periphery:оттенок_как_периферия"", ""delta_V_inner_rim:темнее_центра"", ""delta_S_top_bottom:слабая"", ""shape:округлая"", ""perimeter:средний"", ""fractal_dimension:сильно_изрезанная"", ""glcm_energy:высокая""]"
/kaggle/input/datasets/mihailodin1/all-image-skin/1225.jpg,"[""asymmetry:выраженная"", ""color_homogeneity:цвет неоднородный"", ""color_distance_euclidean:умеренный"", ""std_H_lesion:средняя"", ""delta_S_center_periphery:равна"", ""delta_V_inner_rim:одинаковый"", ""delta_S_left_right:слабая"", ""elongation:умеренно вытянутая"", ""shape:овальная"", ""fractal_dimension:слабо_изрезанная""]"
/kaggle/input/datasets/mihailodin1/all-image-skin/1226.jpg,"[""asymmetry:выраженная"", ""contrast:выраженный"", ""color_homogeneity:цвет неоднородный"", ""color_distance_euclidean:выраженный"", ""std_H_lesion:высокая"", ""delta_S_center_periphery:умеренно_выше"", ""delta_V_inner_rim:слегка_темнее"", ""delta_V_top_bottom:слабая"", ""shape:неправильная"", ""eccentricity:сильно_вытянутая""]"
/kaggle/input/datasets/mihailodin1/all-image-skin/1227.jpg,"[""color_homogeneity:цвет неоднородный"", ""color_distance_euclidean:выраженный"", ""std_H_lesion:низкая"", ""delta_S_center_periphery:умеренно_выше"", ""delta_V_inner_rim:слегка_темнее"", ""delta_S_left_right:слабая"", ""shape:округлая"", ""perimeter:средний"", ""fractal_dimension:умеренно_изрезанная"", ""glcm_energy:высокая""]"
/kaggle/input/datasets/mihailodin1/all-image-skin/1228.jpg,"[""contrast:выраженный"", ""dominant_hue:желтовато-коричневый"", ""color_distance_euclidean:умеренный"", ""std_H_lesion:высокая"", ""rim:без выраженного ободка"", ""delta_V_center_periphery:светлее"", ""delta_V_left_right:сильная_право_лево"", ""delta_V_top_bottom:сильная_верх_низ"", ""area:гигантский"", ""eccentricity:сильно_вытянутая""]"
/kaggle/input/datasets/mihailodin1/all-image-skin/1229.jpg,"[""asymmetry:выраженная"", ""color_homogeneity:цвет неоднородный"", ""color_distance_euclidean:умеренный"", ""std_H_lesion:низкая"", ""rim:тёмный ободок по краю"", ""delta_V_inner_rim:слегка_темнее"", ""delta_S_top_bottom:слабая"", ""elongation:вытянутая"", ""shape:округлая"", ""fractal_dimension:сильно_изрезанная""]"
/kaggle/input/datasets/mihailodin1/all-image-skin/123.jpg,"[""asymmetry:выраженная"", ""dominant_hue:желтовато-коричневый"", ""color_distance_euclidean:сильный"", ""std_H_lesion:высокая"", ""delta_H_center_periphery:краснее_периферии"", ""delta_V_inner_rim:слегка_темнее"", ""delta_V_top_bottom:слабая"", ""elongation:округлая"", ""perimeter:большой"", ""borders:умеренно неровные""]"
/kaggle/input/datasets/mihailodin1/all-image-skin/1230.jpg,"[""color_homogeneity:цвет неоднородный"", ""color_distance_euclidean:умеренный"", ""entropy_H_lesion:среднее"", ""delta_S_center_periphery:умеренно_выше"", ""delta_V_inner_rim:слегка_темнее"", ""delta_V_top_bottom:слабая"", ""shape:овальная"", ""perimeter:средний"", ""radial_variance:высокая"", ""lbp_mean:высокое""]"
/kaggle/input/datasets/mihailodin1/all-image-skin/1231.jpg,"[""contrast:выраженный"", ""color_homogeneity:цвет умеренно неоднородный"", ""color_distance_euclidean:сильный"", ""std_H_lesion:средняя"", ""delta_H_center_periphery:оттенок_как_периферия"", ""delta_V_inner_rim:слегка_темнее"", ""delta_S_left_right:слабая"", ""elongation:вытянутая"", ""shape:овальная"", ""fractal_dimension:сильно_изрезанная""]"
/kaggle/input/datasets/mihailodin1/all-image-skin/1232.jpg,"[""asymmetry:выраженная"", ""color_homogeneity:цвет неоднородный"", ""color_distance_euclidean:сильный"", ""std_H_lesion:средняя"", ""delta_S_center_periphery:умеренно_выше"", ""delta_V_inner_rim:темнее_центра"", ""delta_S_left_right:слабая"", ""shape:овальная"", ""perimeter:средний"", ""fractal_dimension:слабо_изрезанная""]"
/kaggle/input/datasets/mihailodin1/all-image-skin/1233.jpg,"[""color_homogeneity:цвет неоднородный"", ""color_distance_euclidean:сильный"", ""std_H_lesion:средняя"", ""delta_S_center_periphery:умеренно_выше"", ""delta_V_inner_rim:слегка_темнее"", ""delta_S_left_right:слабая"", ""shape:овальная"", ""area:маленький"", ""fractal_dimension:слабо_изрезанная"", ""glcm_energy:высокая""]"
/kaggle/input/datasets/mihailodin1/all-image-skin/1234.jpg,"[""asymmetry:выраженная"", ""palette:монотонная"", ""dominant_hue:желтовато-коричневый"", ""color_distance_euclidean:выраженный"", ""std_H_lesion:высокая"", ""delta_H_center_periphery:краснее_периферии"", ""delta_V_inner_rim:слегка_темнее"", ""delta_S_top_bottom:слабая"", ""shape:овальная"", ""eccentricity:умеренно_вытянутая""]"
/kaggle/input/datasets/mihailodin1/all-image-skin/1235.jpg,"[""palette:монотонная"", ""dominant_hue:желтовато-коричневый"", ""color_distance_euclidean:выраженный"", ""delta_S_center_periphery:умеренно_выше"", ""delta_V_inner_rim:слегка_темнее"", ""delta_S_top_bottom:сильная_низ_верх"", ""elongation:вытянутая"", ""shape:овальная"", ""fractal_dimension:сильно_изрезанная"", ""glcm_energy:средняя""]"
/kaggle/input/datasets/mihailodin1/all-image-skin/1236.jpg,"[""asymmetry:выраженная"", ""dominant_hue:желтовато-коричневый"", ""color_distance_euclidean:выраженный"", ""std_H_lesion:высокая"", ""delta_S_center_periphery:выше"", ""delta_V_inner_rim:слегка_темнее"", ""delta_V_top_bottom:слабая"", ""shape:округлая"", ""perimeter:средний"", ""radial_variance:средняя""]"
/kaggle/input/datasets/mihailodin1/all-image-skin/1237.jpg,"[""asymmetry:выраженная"", ""palette:монотонная"", ""dominant_hue:желтовато-коричневый"", ""color_distance_euclidean:выраженный"", ""std_H_lesion:высокая"", ""delta_H_center_periphery:краснее_периферии"", ""delta_V_inner_rim:слегка_темнее"", ""delta_S_left_right:слабая"", ""shape:овальная"", ""eccentricity:умеренно_вытянутая""]"
/kaggle/input/datasets/mihailodin1/all-image-skin/1238.jpg,"[""asymmetry:выраженная"", ""dominant_hue:красноватый"", ""color_distance_euclidean:сильный"", ""std_H_lesion:высокая"", ""delta_S_center_periphery:выше"", ""delta_V_inner_rim:слегка_темнее"", ""delta_S_left_right:слабая"", ""elongation:умеренно вытянутая"", ""shape:округлая"", ""perimeter:средний""]"
/kaggle/input/datasets/mihailodin1/all-image-skin/1239.jpg,"[""contrast:умеренный"", ""color_homogeneity:цвет неоднородный"", ""dominant_hue:желтовато-коричневый"", ""color_distance_euclidean:умеренный"", ""delta_S_center_periphery:выше"", ""delta_V_inner_rim:слегка_темнее"", ""delta_V_top_bottom:слабая"", ""shape:неправильная"", ""perimeter:средний"", ""fractal_dimension:умеренно_изрезанная""]"
/kaggle/input/datasets/mihailodin1/all-image-skin/124.jpg,"[""asymmetry:выраженная"", ""contrast:выраженный"", ""color_homogeneity:цвет неоднородный"", ""color_distance_euclidean:сильный"", ""std_H_lesion:высокая"", ""delta_H_center_periphery:оттенок_как_периферия"", ""delta_V_inner_rim:слегка_темнее"", ""delta_V_top_bottom:слабая"", ""shape:овальная"", ""perimeter:средний""]"
/kaggle/input/datasets/mihailodin1/all-image-skin/1240.jpg,"[""asymmetry:выраженная"", ""color_homogeneity:цвет неоднородный"", ""color_distance_euclidean:выраженный"", ""std_H_lesion:низкая"", ""delta_S_center_periphery:умеренно_выше"", ""delta_V_inner_rim:слегка_темнее"", ""delta_S_left_right:слабая"", ""shape:овальная"", ""perimeter:средний"", ""radial_variance:средняя""]"
/kaggle/input/datasets/mihailodin1/all-image-skin/1241.jpg,"[""asymmetry:выраженная"", ""color_homogeneity:цвет неоднородный"", ""color_distance_euclidean:выраженный"", ""std_H_lesion:высокая"", ""delta_H_center_periphery:оттенок_как_периферия"", ""delta_V_inner_rim:слегка_темнее"", ""delta_V_top_bottom:слабая"", ""shape:овальная"", ""eccentricity:умеренно_вытянутая"", ""borders:умеренно неровные""]"
/kaggle/input/datasets/mihailodin1/all-image-skin/1242.jpg,"[""contrast:выраженный"", ""dominant_hue:красноватый"", ""delta_H_center_periphery:оттенок_как_периферия"", ""delta_V_center_periphery:значительно_темнее"", ""delta_V_left_right:сильная_лево_право"", ""delta_S_left_right:слабая"", ""elongation:умеренно вытянутая"", ""eccentricity:умеренно_вытянутая"", ""fractal_dimension:умеренно_изрезанная"", ""glcm_energy:высокая""]"
/kaggle/input/datasets/mihailodin1/all-image-skin/1243.jpg,"[""asymmetry:выраженная"", ""color_homogeneity:цвет неоднородный"", ""color_distance_euclidean:выраженный"", ""std_H_lesion:средняя"", ""delta_H_center_periphery:оттенок_как_периферия"", ""delta_V_inner_rim:слегка_темнее"", ""delta_S_left_right:слабая"", ""elongation:умеренно вытянутая"", ""perimeter:средний"", ""eccentricity:умеренно_вытянутая""]"
/kaggle/input/datasets/mihailodin1/all-image-skin/1244.jpg,"[""color_homogeneity:цвет неоднородный"", ""color_distance_euclidean:сильный"", ""std_H_lesion:высокая"", ""delta_S_center_periphery:умеренно_выше"", ""delta_V_inner_rim:темнее_центра"", ""delta_S_left_right:слабая"", ""shape:округлая"", ""perimeter:средний"", ""fractal_dimension:сильно_изрезанная"", ""glcm_energy:высокая""]"
/kaggle/input/datasets/mihailodin1/all-image-skin/1245.jpg,"[""color_homogeneity:цвет неоднородный"", ""color_distance_euclidean:выраженный"", ""std_H_lesion:высокая"", ""delta_H_center_periphery:оттенок_как_периферия"", ""delta_V_center_periphery:значительно_темнее"", ""delta_V_top_bottom:слабая"", ""delta_S_top_bottom:слабая"", ""elongation:умеренно вытянутая"", ""shape:округлая"", ""fractal_dimension:сильно_изрезанная""]"
/kaggle/input/datasets/mihailodin1/all-image-skin/1246.jpg,"[""asymmetry:выраженная"", ""color_homogeneity:цвет неоднородный"", ""color_distance_euclidean:выраженный"", ""std_H_lesion:высокая"", ""delta_S_center_periphery:выше"", ""delta_V_center_periphery:значительно_темнее"", ""delta_V_left_right:слабая"", ""delta_S_left_right:слабая"", ""shape:округлая"", ""solidity:высокая""]"
/kaggle/input/datasets/mihailodin1/all-image-skin/1247.jpg,"[""color_homogeneity:цвет неоднородный"", ""color_distance_euclidean:выраженный"", ""std_H_lesion:средняя"", ""rim:тёмный ободок по краю"", ""delta_S_center_periphery:выше"", ""delta_V_left_right:слабая"", ""shape:овальная"", ""eccentricity:умеренно_вытянутая"", ""fractal_dimension:умеренно_изрезанная"", ""glcm_energy:высокая""]"
/kaggle/input/datasets/mihailodin1/all-image-skin/1248.jpg,"[""asymmetry:выраженная"", ""color_homogeneity:цвет неоднородный"", ""color_distance_euclidean:выраженный"", ""std_H_lesion:высокая"", ""mean_S_lesion:высокая"", ""rim:тёмный ободок по краю"", ""delta_S_center_periphery:умеренно_выше"", ""delta_V_top_bottom:сильная_верх_низ"", ""delta_S_top_bottom:слабая"", ""elongation:умеренно вытянутая""]"
/kaggle/input/datasets/mihailodin1/all-image-skin/1249.jpg,"[""color_homogeneity:цвет неоднородный"", ""color_distance_euclidean:сильный"", ""std_H_lesion:высокая"", ""delta_V_center_periphery:темнее"", ""delta_V_inner_rim:темнее_центра"", ""delta_S_left_right:слабая"", ""shape:овальная"", ""eccentricity:умеренно_вытянутая"", ""fractal_dimension:умеренно_изрезанная"", ""glcm_entropy:высокая""]"
/kaggle/input/datasets/mihailodin1/all-image-skin/125.jpg,"[""asymmetry:выраженная"", ""color_homogeneity:цвет неоднородный"", ""color_distance_euclidean:сильный"", ""entropy_H_lesion:низкое"", ""std_H_lesion:высокая"", ""delta_H_center_periphery:оттенок_как_периферия"", ""delta_V_inner_rim:темнее_центра"", ""delta_V_top_bottom:сильная_верх_низ"", ""elongation:умеренно вытянутая"", ""shape:неправильная""]"
/kaggle/input/datasets/mihailodin1/all-image-skin/1250.jpg,"[""dominant_hue:желтовато-коричневый"", ""color_distance_euclidean:умеренный"", ""std_H_lesion:высокая"", ""rim:тёмный ободок по краю"", ""delta_V_center_periphery:темнее"", ""delta_V_left_right:слабая"", ""shape:неправильная"", ""eccentricity:сильно_вытянутая"", ""radial_variance:высокая"", ""glcm_energy:средняя""]"
/kaggle/input/datasets/mihailodin1/all-image-skin/1251.jpg,"[""asymmetry:выраженная"", ""dominant_hue:желтовато-коричневый"", ""color_distance_euclidean:умеренный"", ""std_H_lesion:высокая"", ""delta_H_center_periphery:краснее_периферии"", ""delta_V_inner_rim:слегка_темнее"", ""delta_V_top_bottom:слабая"", ""elongation:умеренно вытянутая"", ""shape:овальная"", ""fractal_dimension:умеренно_изрезанная""]"
/kaggle/input/datasets/mihailodin1/all-image-skin/1252.jpg,"[""color_homogeneity:цвет неоднородный"", ""color_distance_euclidean:выраженный"", ""delta_S_center_periphery:умеренно_выше"", ""delta_V_left_right:сильная_право_лево"", ""delta_V_top_bottom:сильная_верх_низ"", ""elongation:вытянутая"", ""shape:неправильная"", ""fractal_dimension:слабо_изрезанная"", ""glcm_energy:низкая"", ""glcm_entropy:высокая""]"
/kaggle/input/datasets/mihailodin1/all-image-skin/1253.jpg,"[""contrast:выраженный"", ""color_homogeneity:цвет неоднородный"", ""color_distance_euclidean:выраженный"", ""delta_S_center_periphery:умеренно_выше"", ""delta_V_inner_rim:слегка_темнее"", ""delta_V_top_bottom:сильная_верх_низ"", ""elongation:вытянутая"", ""shape:овальная"", ""fractal_dimension:умеренно_изрезанная"", ""glcm_entropy:высокая""]"
/kaggle/input/datasets/mihailodin1/all-image-skin/1254.jpg,"[""asymmetry:выраженная"", ""color_homogeneity:цвет неоднородный"", ""color_distance_euclidean:сильный"", ""std_H_lesion:низкая"", ""delta_H_center_periphery:оттенок_как_периферия"", ""delta_V_inner_rim:слегка_темнее"", ""delta_V_top_bottom:слабая"", ""elongation:умеренно вытянутая"", ""shape:овальная"", ""fractal_dimension:умеренно_изрезанная""]"
/kaggle/input/datasets/mihailodin1/all-image-skin/1255.jpg,"[""contrast:умеренный"", ""color_homogeneity:цвет неоднородный"", ""color_distance_euclidean:умеренный"", ""rim:без выраженного ободка"", ""delta_S_center_periphery:умеренно_выше"", ""delta_V_left_right:слабая"", ""elongation:вытянутая"", ""shape:овальная"", ""fractal_dimension:умеренно_изрезанная"", ""lbp_mean:высокое""]"
/kaggle/input/datasets/mihailodin1/all-image-skin/1256.jpg,"[""asymmetry:выраженная"", ""color_homogeneity:цвет неоднородный"", ""color_distance_euclidean:выраженный"", ""std_H_lesion:средняя"", ""delta_H_center_periphery:оттенок_как_периферия"", ""delta_V_inner_rim:слегка_темнее"", ""delta_S_left_right:слабая"", ""shape:овальная"", ""perimeter:средний"", ""borders:умеренно неровные""]"
/kaggle/input/datasets/mihailodin1/all-image-skin/1257.jpg,"[""asymmetry:выраженная"", ""color_homogeneity:цвет неоднородный"", ""color_distance_euclidean:сильный"", ""std_H_lesion:высокая"", ""rim:тёмный ободок по краю"", ""delta_V_center_periphery:темнее"", ""delta_V_top_bottom:слабая"", ""shape:неправильная"", ""perimeter:большой"", ""glcm_entropy:высокая""]"
/kaggle/input/datasets/mihailodin1/all-image-skin/1258.jpg,"[""asymmetry:выраженная"", ""contrast:выраженный"", ""color_homogeneity:цвет неоднородный"", ""color_distance_euclidean:умеренный"", ""std_H_lesion:высокая"", ""rim:тёмный ободок по краю"", ""delta_V_inner_rim:слегка_темнее"", ""delta_V_top_bottom:слабая"", ""shape:овальная"", ""perimeter:средний""]"
/kaggle/input/datasets/mihailodin1/all-image-skin/1259.jpg,"[""contrast:выраженный"", ""color_homogeneity:цвет неоднородный"", ""color_distance_euclidean:выраженный"", ""delta_H_center_periphery:оттенок_как_периферия"", ""delta_V_inner_rim:слегка_темнее"", ""delta_S_left_right:слабая"", ""elongation:умеренно вытянутая"", ""shape:округлая"", ""fractal_dimension:умеренно_изрезанная"", ""glcm_energy:средняя""]"
/kaggle/input/datasets/mihailodin1/all-image-skin/126.jpg,"[""asymmetry:выраженная"", ""pigmentation:с примесью красного или синего"", ""dominant_hue:желтовато-коричневый"", ""color_distance_euclidean:выраженный"", ""std_H_lesion:высокая"", ""delta_H_center_periphery:краснее_периферии"", ""delta_V_inner_rim:слегка_темнее"", ""delta_S_top_bottom:сильная_верх_низ"", ""elongation:умеренно вытянутая"", ""shape:овальная""]"
/kaggle/input/datasets/mihailodin1/all-image-skin/1260.jpg,"[""contrast:умеренный"", ""dominant_hue:желтовато-коричневый"", ""color_distance_euclidean:умеренный"", ""delta_S_center_periphery:умеренно_выше"", ""delta_V_inner_rim:одинаковый"", ""delta_S_left_right:слабая"", ""shape:овальная"", ""eccentricity:сильно_вытянутая"", ""fractal_dimension:умеренно_изрезанная"", ""glcm_energy:высокая""]"
/kaggle/input/datasets/mihailodin1/all-image-skin/1261.jpg,"[""asymmetry:выраженная"", ""color_homogeneity:цвет неоднородный"", ""color_distance_euclidean:сильный"", ""std_H_lesion:высокая"", ""delta_H_center_periphery:оттенок_как_периферия"", ""delta_V_inner_rim:темнее_центра"", ""delta_S_left_right:слабая"", ""shape:овальная"", ""eccentricity:умеренно_вытянутая"", ""fractal_dimension:умеренно_изрезанная""]"
/kaggle/input/datasets/mihailodin1/all-image-skin/1262.jpg,"[""color_homogeneity:цвет неоднородный"", ""color_distance_euclidean:выраженный"", ""std_H_lesion:высокая"", ""delta_H_center_periphery:оттенок_как_периферия"", ""delta_V_inner_rim:слегка_темнее"", ""delta_V_top_bottom:слабая"", ""elongation:умеренно вытянутая"", ""shape:овальная"", ""fractal_dimension:умеренно_изрезанная"", ""glcm_entropy:высокая""]"
/kaggle/input/datasets/mihailodin1/all-image-skin/1263.jpg,"[""asymmetry:выраженная"", ""dominant_hue:желтовато-коричневый"", ""color_distance_euclidean:умеренный"", ""std_H_lesion:высокая"", ""rim:тёмный ободок по краю"", ""delta_V_center_periphery:равная"", ""delta_V_inner_rim:слегка_темнее"", ""delta_S_left_right:слабая"", ""shape:овальная"", ""eccentricity:умеренно_вытянутая""]"
/kaggle/input/datasets/mihailodin1/all-image-skin/1264.jpg,"[""color_homogeneity:цвет неоднородный"", ""color_distance_euclidean:сильный"", ""std_H_lesion:высокая"", ""rim:тёмный ободок по краю"", ""delta_V_center_periphery:значительно_темнее"", ""delta_V_top_bottom:слабая"", ""elongation:умеренно вытянутая"", ""area:очень_маленький"", ""fractal_dimension:сильно_изрезанная"", ""glcm_energy:высокая""]"
/kaggle/input/datasets/mihailodin1/all-image-skin/1265.jpg,"[""asymmetry:выраженная"", ""contrast:выраженный"", ""dominant_hue:желтовато-коричневый"", ""color_distance_euclidean:выраженный"", ""std_H_lesion:высокая"", ""delta_H_center_periphery:краснее_периферии"", ""delta_V_inner_rim:слегка_темнее"", ""delta_S_left_right:сильная_лево_право"", ""shape:неправильная"", ""perimeter:большой""]"
/kaggle/input/datasets/mihailodin1/all-image-skin/1266.jpg,"[""asymmetry:выраженная"", ""color_homogeneity:цвет неоднородный"", ""color_distance_euclidean:сильный"", ""std_H_lesion:высокая"", ""delta_V_center_periphery:темнее"", ""delta_V_left_right:слабая"", ""shape:овальная"", ""eccentricity:сильно_вытянутая"", ""fractal_dimension:умеренно_изрезанная"", ""glcm_energy:средняя""]"
/kaggle/input/datasets/mihailodin1/all-image-skin/1267.jpg,"[""asymmetry:выраженная"", ""color_homogeneity:цвет неоднородный"", ""color_distance_euclidean:сильный"", ""std_H_lesion:высокая"", ""delta_H_center_periphery:краснее_периферии"", ""delta_V_inner_rim:слегка_темнее"", ""delta_S_left_right:слабая"", ""elongation:вытянутая"", ""shape:овальная"", ""fractal_dimension:сильно_изрезанная""]"
/kaggle/input/datasets/mihailodin1/all-image-skin/1268.jpg,"[""asymmetry:выраженная"", ""color_homogeneity:цвет неоднородный"", ""color_distance_euclidean:выраженный"", ""std_H_lesion:высокая"", ""rim:тёмный ободок по краю"", ""delta_V_inner_rim:слегка_темнее"", ""delta_S_left_right:слабая"", ""elongation:умеренно вытянутая"", ""shape:овальная"", ""fractal_dimension:сильно_изрезанная""]"
/kaggle/input/datasets/mihailodin1/all-image-skin/1269.jpg,"[""color_homogeneity:цвет неоднородный"", ""color_distance_euclidean:выраженный"", ""rim:тёмный ободок по краю"", ""delta_S_center_periphery:выше"", ""delta_V_inner_rim:слегка_темнее"", ""delta_V_top_bottom:слабая"", ""elongation:умеренно вытянутая"", ""shape:овальная"", ""fractal_dimension:сильно_изрезанная"", ""glcm_energy:средняя""]"
/kaggle/input/datasets/mihailodin1/all-image-skin/127.jpg,"[""asymmetry:выраженная"", ""color_homogeneity:цвет неоднородный"", ""color_distance_euclidean:сильный"", ""std_H_lesion:высокая"", ""delta_S_center_periphery:выше"", ""delta_V_inner_rim:темнее_центра"", ""delta_V_top_bottom:слабая"", ""elongation:округлая"", ""perimeter:средний"", ""fractal_dimension:умеренно_изрезанная""]"
/kaggle/input/datasets/mihailodin1/all-image-skin/1270.jpg,"[""color_homogeneity:цвет неоднородный"", ""color_distance_euclidean:выраженный"", ""std_H_lesion:высокая"", ""delta_H_center_periphery:оттенок_как_периферия"", ""delta_V_inner_rim:слегка_темнее"", ""delta_V_top_bottom:слабая"", ""shape:овальная"", ""perimeter:средний"", ""fractal_dimension:слабо_изрезанная"", ""glcm_energy:высокая""]"
/kaggle/input/datasets/mihailodin1/all-image-skin/1271.jpg,"[""asymmetry:выраженная"", ""dominant_hue:красноватый"", ""color_distance_euclidean:выраженный"", ""std_H_lesion:высокая"", ""delta_S_center_periphery:выше"", ""delta_V_inner_rim:слегка_темнее"", ""delta_V_top_bottom:слабая"", ""elongation:умеренно вытянутая"", ""shape:овальная"", ""fractal_dimension:сильно_изрезанная""]"
/kaggle/input/datasets/mihailodin1/all-image-skin/1272.jpg,"[""asymmetry:выраженная"", ""dominant_hue:желтовато-коричневый"", ""color_distance_euclidean:сильный"", ""std_H_lesion:высокая"", ""delta_H_center_periphery:краснее_периферии"", ""delta_V_inner_rim:темнее_центра"", ""delta_S_left_right:слабая"", ""elongation:умеренно вытянутая"", ""perimeter:большой"", ""borders:умеренно неровные""]"
/kaggle/input/datasets/mihailodin1/all-image-skin/1273.jpg,"[""asymmetry:умеренная"", ""color_homogeneity:цвет неоднородный"", ""color_distance_euclidean:умеренный"", ""std_H_lesion:высокая"", ""rim:без выраженного ободка"", ""delta_S_center_periphery:умеренно_выше"", ""delta_V_left_right:слабая"", ""elongation:вытянутая"", ""area:маленький"", ""eccentricity:умеренно_вытянутая""]"
/kaggle/input/datasets/mihailodin1/all-image-skin/1274.jpg,"[""color_homogeneity:цвет неоднородный"", ""color_distance_euclidean:выраженный"", ""std_H_lesion:высокая"", ""delta_S_center_periphery:выше"", ""delta_V_left_right:слабая"", ""delta_S_top_bottom:слабая"", ""shape:округлая"", ""perimeter:средний"", ""fractal_dimension:сильно_изрезанная"", ""glcm_energy:высокая""]"
/kaggle/input/datasets/mihailodin1/all-image-skin/1275.jpg,"[""asymmetry:выраженная"", ""color_homogeneity:цвет неоднородный"", ""dominant_hue:желтовато-коричневый"", ""color_distance_euclidean:выраженный"", ""std_H_lesion:высокая"", ""delta_H_center_periphery:краснее_периферии"", ""delta_V_inner_rim:слегка_темнее"", ""delta_S_left_right:слабая"", ""shape:овальная"", ""area:маленький""]"
/kaggle/input/datasets/mihailodin1/all-image-skin/1276.jpg,"[""asymmetry:выраженная"", ""color_homogeneity:цвет неоднородный"", ""color_distance_euclidean:умеренный"", ""std_H_lesion:высокая"", ""delta_S_center_periphery:умеренно_выше"", ""delta_V_inner_rim:слегка_темнее"", ""delta_S_left_right:слабая"", ""shape:овальная"", ""perimeter:средний"", ""borders:умеренно неровные""]"
/kaggle/input/datasets/mihailodin1/all-image-skin/1277.jpg,"[""asymmetry:выраженная"", ""contrast:умеренный"", ""palette:монотонная"", ""color_homogeneity:цвет неоднородный"", ""dominant_hue:желтовато-коричневый"", ""color_distance_euclidean:умеренный"", ""std_H_lesion:высокая"", ""rim:тёмный ободок по краю"", ""delta_V_inner_rim:слегка_темнее"", ""delta_S_left_right:слабая""]"
/kaggle/input/datasets/mihailodin1/all-image-skin/1278.jpg,"[""asymmetry:выраженная"", ""dominant_hue:красноватый"", ""delta_S_center_periphery:умеренно_выше"", ""delta_V_left_right:слабая"", ""shape:округлая"", ""perimeter:большой"", ""eccentricity:умеренно_вытянутая"", ""borders:умеренно неровные"", ""texture_coarseness:гладкая"", ""glcm_energy:средняя""]"
/kaggle/input/datasets/mihailodin1/all-image-skin/1279.jpg,"[""asymmetry:выраженная"", ""contrast:выраженный"", ""color_homogeneity:цвет неоднородный"", ""dominant_hue:желтовато-коричневый"", ""color_distance_euclidean:выраженный"", ""std_H_lesion:высокая"", ""delta_H_center_periphery:краснее_периферии"", ""delta_V_inner_rim:светлее"", ""delta_S_left_right:сильная_лево_право"", ""elongation:вытянутая""]"
/kaggle/input/datasets/mihailodin1/all-image-skin/128.jpg,"[""asymmetry:выраженная"", ""dominant_hue:желтовато-коричневый"", ""color_distance_euclidean:сильный"", ""std_H_lesion:высокая"", ""delta_H_center_periphery:краснее_периферии"", ""delta_V_inner_rim:темнее_центра"", ""delta_S_left_right:слабая"", ""elongation:умеренно вытянутая"", ""shape:округлая"", ""glcm_energy:средняя""]"
/kaggle/input/datasets/mihailodin1/all-image-skin/1280.jpg,"[""asymmetry:выраженная"", ""color_homogeneity:цвет неоднородный"", ""color_distance_euclidean:выраженный"", ""std_H_lesion:высокая"", ""delta_H_center_periphery:краснее_периферии"", ""delta_V_inner_rim:слегка_темнее"", ""delta_S_left_right:слабая"", ""elongation:вытянутая"", ""eccentricity:умеренно_вытянутая"", ""convexity:средняя""]"
/kaggle/input/datasets/mihailodin1/all-image-skin/1281.jpg,"[""asymmetry:выраженная"", ""contrast:выраженный"", ""color_homogeneity:цвет неоднородный"", ""dominant_hue:красноватый"", ""color_distance_euclidean:выраженный"", ""entropy_H_lesion:низкое"", ""delta_H_center_periphery:оттенок_как_периферия"", ""delta_V_center_periphery:равная"", ""delta_V_left_right:слабая"", ""shape:овальная""]"
/kaggle/input/datasets/mihailodin1/all-image-skin/1282.jpg,"[""asymmetry:выраженная"", ""contrast:выраженный"", ""color_homogeneity:цвет неоднородный"", ""delta_S_center_periphery:умеренно_выше"", ""delta_V_inner_rim:слегка_темнее"", ""shape:округлая"", ""perimeter:средний"", ""radial_variance:низкая"", ""glcm_energy:высокая"", ""lbp_mean:среднее""]"
/kaggle/input/datasets/mihailodin1/all-image-skin/1283.jpg,"[""asymmetry:выраженная"", ""color_homogeneity:цвет неоднородный"", ""color_distance_euclidean:выраженный"", ""std_H_lesion:высокая"", ""delta_H_center_periphery:краснее_периферии"", ""delta_V_center_periphery:значительно_темнее"", ""delta_V_top_bottom:слабая"", ""shape:овальная"", ""eccentricity:умеренно_вытянутая"", ""convexity:средняя""]"
/kaggle/input/datasets/mihailodin1/all-image-skin/1284.jpg,"[""asymmetry:выраженная"", ""color_homogeneity:цвет неоднородный"", ""dominant_hue:красноватый"", ""color_distance_euclidean:выраженный"", ""std_H_lesion:высокая"", ""percent_dark_pixels:единичные"", ""delta_H_center_periphery:оттенок_как_периферия"", ""delta_V_inner_rim:темнее_центра"", ""delta_V_top_bottom:слабая"", ""shape:округлая""]"
/kaggle/input/datasets/mihailodin1/all-image-skin/1285.jpg,"[""contrast:выраженный"", ""color_homogeneity:цвет неоднородный"", ""color_distance_euclidean:выраженный"", ""rim:тёмный ободок по краю"", ""delta_S_center_periphery:выше"", ""delta_V_left_right:слабая"", ""shape:округлая"", ""solidity:высокая"", ""fractal_dimension:сильно_изрезанная"", ""glcm_energy:высокая""]"
/kaggle/input/datasets/mihailodin1/all-image-skin/1286.jpg,"[""contrast:выраженный"", ""color_homogeneity:цвет неоднородный"", ""color_distance_euclidean:выраженный"", ""std_H_lesion:высокая"", ""rim:тёмный ободок по краю"", ""delta_S_center_periphery:умеренно_выше"", ""delta_V_left_right:слабая"", ""elongation:округлая"", ""convexity:высокая"", ""structure_order:хаотичная""]"
/kaggle/input/datasets/mihailodin1/all-image-skin/1287.jpg,"[""asymmetry:выраженная"", ""color_homogeneity:цвет неоднородный"", ""color_distance_euclidean:выраженный"", ""std_H_lesion:высокая"", ""delta_H_center_periphery:оттенок_как_периферия"", ""delta_V_inner_rim:слегка_темнее"", ""delta_S_left_right:слабая"", ""elongation:умеренно вытянутая"", ""borders:умеренно неровные"", ""texture_coarseness:гладкая""]"
/kaggle/input/datasets/mihailodin1/all-image-skin/1288.jpg,"[""color_homogeneity:цвет неоднородный"", ""color_distance_euclidean:выраженный"", ""delta_H_center_periphery:оттенок_как_периферия"", ""delta_V_inner_rim:слегка_темнее"", ""delta_S_left_right:слабая"", ""shape:овальная"", ""perimeter:средний"", ""eccentricity:умеренно_вытянутая"", ""fractal_dimension:сильно_изрезанная"", ""texture_coarseness:гладкая""]"
/kaggle/input/datasets/mihailodin1/all-image-skin/1289.jpg,"[""asymmetry:выраженная"", ""dominant_hue:красноватый"", ""color_distance_euclidean:выраженный"", ""std_H_lesion:высокая"", ""delta_H_center_periphery:оттенок_как_периферия"", ""delta_V_inner_rim:слегка_темнее"", ""delta_S_left_right:слабая"", ""elongation:умеренно вытянутая"", ""perimeter:средний"", ""texture_coarseness:гладкая""]"
/kaggle/input/datasets/mihailodin1/all-image-skin/129.jpg,"[""asymmetry:выраженная"", ""pigmentation:с примесью красного или синего"", ""color_homogeneity:цвет неоднородный"", ""color_distance_euclidean:сильный"", ""std_H_lesion:высокая"", ""rim:тёмный ободок по краю"", ""delta_V_center_periphery:значительно_темнее"", ""delta_V_top_bottom:слабая"", ""shape:овальная"", ""eccentricity:умеренно_вытянутая""]"
/kaggle/input/datasets/mihailodin1/all-image-skin/1290.jpg,"[""asymmetry:выраженная"", ""color_homogeneity:цвет неоднородный"", ""color_distance_euclidean:выраженный"", ""delta_S_center_periphery:умеренно_выше"", ""delta_V_inner_rim:слегка_темнее"", ""delta_S_left_right:слабая"", ""shape:овальная"", ""perimeter:большой"", ""radial_variance:высокая"", ""glcm_entropy:высокая""]"
/kaggle/input/datasets/mihailodin1/all-image-skin/1291.jpg,"[""asymmetry:выраженная"", ""color_homogeneity:цвет неоднородный"", ""dominant_hue:красноватый"", ""color_distance_euclidean:выраженный"", ""std_H_lesion:средняя"", ""delta_H_center_periphery:оттенок_как_периферия"", ""delta_V_inner_rim:слегка_темнее"", ""delta_S_left_right:слабая"", ""elongation:вытянутая"", ""perimeter:большой""]"
/kaggle/input/datasets/mihailodin1/all-image-skin/1292.jpg,"[""asymmetry:выраженная"", ""contrast:умеренный"", ""color_homogeneity:цвет неоднородный"", ""color_distance_euclidean:умеренный"", ""std_H_lesion:высокая"", ""delta_V_left_right:слабая"", ""delta_S_left_right:сильная_право_лево"", ""delta_S_top_bottom:сильная_низ_верх"", ""lobulation:лобуляции слабые"", ""shape:округлая""]"
/kaggle/input/datasets/mihailodin1/all-image-skin/1293.jpg,"[""asymmetry:выраженная"", ""contrast:умеренный"", ""color_homogeneity:цвет неоднородный"", ""color_distance_euclidean:умеренный"", ""std_H_lesion:высокая"", ""delta_H_center_periphery:оттенок_как_периферия"", ""delta_V_inner_rim:слегка_темнее"", ""delta_V_top_bottom:слабая"", ""elongation:вытянутая"", ""area:маленький""]"
/kaggle/input/datasets/mihailodin1/all-image-skin/1294.jpg,"[""asymmetry:выраженная"", ""color_homogeneity:цвет неоднородный"", ""color_distance_euclidean:выраженный"", ""delta_S_center_periphery:выше"", ""delta_V_inner_rim:слегка_темнее"", ""delta_S_left_right:слабая"", ""shape:округлая"", ""perimeter:средний"", ""borders:ровные"", ""glcm_energy:высокая""]"
/kaggle/input/datasets/mihailodin1/all-image-skin/1295.jpg,"[""asymmetry:выраженная"", ""contrast:выраженный"", ""dominant_hue:красноватый"", ""color_distance_euclidean:выраженный"", ""std_H_lesion:средняя"", ""delta_H_center_periphery:оттенок_как_периферия"", ""delta_V_inner_rim:слегка_темнее"", ""delta_S_left_right:слабая"", ""shape:округлая"", ""perimeter:средний""]"
/kaggle/input/datasets/mihailodin1/all-image-skin/1296.jpg,"[""asymmetry:выраженная"", ""pigmentation:с примесью красного или синего"", ""dominant_hue:коричневый"", ""color_distance_euclidean:умеренный"", ""std_H_lesion:высокая"", ""percent_dark_pixels:нет"", ""delta_H_center_periphery:краснее_периферии"", ""delta_V_inner_rim:слегка_темнее"", ""delta_S_left_right:слабая"", ""elongation:умеренно вытянутая""]"
/kaggle/input/datasets/mihailodin1/all-image-skin/1297.jpg,"[""dominant_hue:красноватый"", ""color_distance_euclidean:выраженный"", ""std_H_lesion:высокая"", ""delta_H_center_periphery:краснее_периферии"", ""delta_V_inner_rim:слегка_темнее"", ""delta_V_top_bottom:слабая"", ""shape:округлая"", ""extent:среднее"", ""fractal_dimension:сильно_изрезанная"", ""glcm_energy:средняя""]"
/kaggle/input/datasets/mihailodin1/all-image-skin/1298.jpg,"[""asymmetry:выраженная"", ""dominant_hue:красноватый"", ""color_distance_euclidean:выраженный"", ""std_H_lesion:высокая"", ""delta_S_center_periphery:умеренно_выше"", ""delta_V_inner_rim:слегка_темнее"", ""delta_V_top_bottom:слабая"", ""shape:овальная"", ""perimeter:средний"", ""radial_variance:высокая""]"
/kaggle/input/datasets/mihailodin1/all-image-skin/1299.jpg,"[""palette:монотонная"", ""dominant_hue:желтовато-коричневый"", ""delta_H_center_periphery:оттенок_как_периферия"", ""delta_V_inner_rim:темнее_центра"", ""delta_V_top_bottom:слабая"", ""shape:овальная"", ""perimeter:большой"", ""eccentricity:умеренно_вытянутая"", ""fractal_dimension:слабо_изрезанная"", ""glcm_entropy:высокая""]"
/kaggle/input/datasets/mihailodin1/all-image-skin/13.jpg,"[""asymmetry:выраженная"", ""contrast:умеренный"", ""color_homogeneity:цвет неоднородный"", ""color_distance_euclidean:умеренный"", ""std_H_lesion:высокая"", ""delta_H_center_periphery:синее_периферии"", ""delta_V_inner_rim:слегка_темнее"", ""delta_S_left_right:сильная_лево_право"", ""shape:неправильная"", ""area:крупный""]"
/kaggle/input/datasets/mihailodin1/all-image-skin/130.jpg,"[""contrast:выраженный"", ""color_homogeneity:цвет неоднородный"", ""color_distance_euclidean:сильный"", ""delta_H_center_periphery:краснее_периферии"", ""delta_V_center_periphery:значительно_темнее"", ""delta_S_left_right:слабая"", ""shape:овальная"", ""eccentricity:умеренно_вытянутая"", ""fractal_dimension:сильно_изрезанная"", ""glcm_energy:высокая""]"
/kaggle/input/datasets/mihailodin1/all-image-skin/1300.jpg,"[""asymmetry:выраженная"", ""dominant_hue:коричневый"", ""color_distance_euclidean:выраженный"", ""std_H_lesion:неопределенная"", ""delta_H_center_periphery:краснее_периферии"", ""delta_V_inner_rim:слегка_темнее"", ""delta_S_left_right:слабая"", ""elongation:умеренно вытянутая"", ""perimeter:средний"", ""radial_variance:средняя""]"
/kaggle/input/datasets/mihailodin1/all-image-skin/1301.jpg,"[""contrast:выраженный"", ""dominant_hue:желтовато-коричневый"", ""delta_S_center_periphery:умеренно_выше"", ""delta_V_inner_rim:слегка_темнее"", ""delta_S_left_right:слабая"", ""shape:неправильная"", ""perimeter:большой"", ""eccentricity:сильно_вытянутая"", ""radial_variance:высокая"", ""glcm_entropy:высокая""]"
/kaggle/input/datasets/mihailodin1/all-image-skin/1302.jpg,"[""asymmetry:выраженная"", ""contrast:умеренный"", ""dominant_hue:красноватый"", ""color_distance_euclidean:умеренный"", ""std_H_lesion:высокая"", ""delta_H_center_periphery:оттенок_как_периферия"", ""delta_V_inner_rim:слегка_темнее"", ""delta_S_left_right:слабая"", ""shape:неправильная"", ""perimeter:большой""]"
/kaggle/input/datasets/mihailodin1/all-image-skin/1303.jpg,"[""palette:монотонная"", ""color_homogeneity:цвет неоднородный"", ""delta_S_center_periphery:умеренно_выше"", ""delta_V_inner_rim:слегка_темнее"", ""delta_S_left_right:слабая"", ""shape:неправильная"", ""perimeter:большой"", ""eccentricity:умеренно_вытянутая"", ""fractal_dimension:умеренно_изрезанная"", ""glcm_entropy:высокая""]"
/kaggle/input/datasets/mihailodin1/all-image-skin/1304.jpg,"[""asymmetry:выраженная"", ""palette:монотонная"", ""color_homogeneity:цвет неоднородный"", ""color_distance_euclidean:умеренный"", ""std_H_lesion:высокая"", ""delta_S_center_periphery:выше"", ""delta_V_inner_rim:слегка_темнее"", ""delta_S_left_right:слабая"", ""shape:овальная"", ""eccentricity:умеренно_вытянутая""]"
/kaggle/input/datasets/mihailodin1/all-image-skin/1305.jpg,"[""contrast:выраженный"", ""color_homogeneity:цвет неоднородный"", ""std_H_lesion:высокая"", ""delta_H_center_periphery:оттенок_как_периферия"", ""delta_V_inner_rim:слегка_темнее"", ""delta_S_left_right:слабая"", ""shape:овальная"", ""eccentricity:умеренно_вытянутая"", ""fractal_dimension:сильно_изрезанная"", ""lbp_std:низкий""]"
/kaggle/input/datasets/mihailodin1/all-image-skin/1306.jpg,"[""asymmetry:выраженная"", ""dominant_hue:желтовато-коричневый"", ""entropy_H_lesion:высокое"", ""delta_H_center_periphery:краснее_периферии"", ""delta_V_center_periphery:равная"", ""delta_S_left_right:сильная_лево_право"", ""shape:овальная"", ""eccentricity:умеренно_вытянутая"", ""radial_variance:высокая"", ""glcm_energy:средняя""]"
/kaggle/input/datasets/mihailodin1/all-image-skin/1307.jpg,"[""asymmetry:выраженная"", ""color_homogeneity:цвет неоднородный"", ""color_distance_euclidean:выраженный"", ""std_H_lesion:высокая"", ""rim:тёмный ободок по краю"", ""delta_S_center_periphery:выше"", ""delta_V_inner_rim:слегка_темнее"", ""delta_S_left_right:слабая"", ""shape:овальная"", ""solidity:средняя""]"
/kaggle/input/datasets/mihailodin1/all-image-skin/1308.jpg,"[""color_homogeneity:цвет неоднородный"", ""color_distance_euclidean:выраженный"", ""std_H_lesion:высокая"", ""delta_S_center_periphery:выше"", ""delta_V_inner_rim:темнее_центра"", ""delta_S_left_right:слабая"", ""shape:овальная"", ""eccentricity:умеренно_вытянутая"", ""fractal_dimension:слабо_изрезанная"", ""glcm_energy:средняя""]"
/kaggle/input/datasets/mihailodin1/all-image-skin/1309.jpg,"[""asymmetry:выраженная"", ""contrast:выраженный"", ""palette:монотонная"", ""dominant_hue:желтовато-коричневый"", ""color_distance_euclidean:выраженный"", ""delta_H_center_periphery:оттенок_как_периферия"", ""delta_V_inner_rim:темнее_центра"", ""delta_S_left_right:сильная_лево_право"", ""elongation:вытянутая"", ""shape:овальная""]"
/kaggle/input/datasets/mihailodin1/all-image-skin/131.jpg,"[""dominant_hue:желтовато-коричневый"", ""color_distance_euclidean:выраженный"", ""std_H_lesion:высокая"", ""delta_H_center_periphery:краснее_периферии"", ""delta_V_inner_rim:слегка_темнее"", ""delta_S_left_right:слабая"", ""shape:овальная"", ""perimeter:средний"", ""fractal_dimension:слабо_изрезанная"", ""structure_order:хаотичная""]"
/kaggle/input/datasets/mihailodin1/all-image-skin/1310.jpg,"[""asymmetry:выраженная"", ""contrast:умеренный"", ""color_homogeneity:цвет неоднородный"", ""dominant_hue:желтовато-коричневый"", ""std_H_lesion:высокая"", ""delta_H_center_periphery:оттенок_как_периферия"", ""delta_V_left_right:сильная_лево_право"", ""delta_S_left_right:сильная_право_лево"", ""elongation:умеренно вытянутая"", ""shape:округлая""]"
/kaggle/input/datasets/mihailodin1/all-image-skin/1311.jpg,"[""color_distance_euclidean:умеренный"", ""entropy_H_lesion:высокое"", ""delta_S_center_periphery:умеренно_выше"", ""delta_V_inner_rim:слегка_темнее"", ""delta_S_left_right:слабая"", ""shape:неправильная"", ""perimeter:большой"", ""eccentricity:умеренно_вытянутая"", ""fractal_dimension:слабо_изрезанная"", ""glcm_energy:низкая""]"
/kaggle/input/datasets/mihailodin1/all-image-skin/1312.jpg,"[""asymmetry:выраженная"", ""contrast:умеренный"", ""color_homogeneity:цвет неоднородный"", ""color_distance_euclidean:умеренный"", ""std_H_lesion:высокая"", ""delta_H_center_periphery:краснее_периферии"", ""delta_V_inner_rim:одинаковый"", ""delta_S_left_right:сильная_лево_право"", ""shape:неправильная"", ""eccentricity:умеренно_вытянутая""]"
/kaggle/input/datasets/mihailodin1/all-image-skin/1313.jpg,"[""contrast:выраженный"", ""color_homogeneity:цвет неоднородный"", ""color_distance_euclidean:выраженный"", ""delta_S_center_periphery:умеренно_выше"", ""delta_V_center_periphery:темнее"", ""delta_V_top_bottom:слабая"", ""elongation:вытянутая"", ""shape:овальная"", ""fractal_dimension:сильно_изрезанная"", ""glcm_energy:средняя""]"
/kaggle/input/datasets/mihailodin1/all-image-skin/1314.jpg,"[""asymmetry:выраженная"", ""contrast:выраженный"", ""dominant_hue:красноватый"", ""color_distance_euclidean:умеренный"", ""entropy_H_lesion:низкое"", ""percent_dark_pixels:нет"", ""rim:тёмный ободок по краю"", ""delta_S_center_periphery:выше"", ""delta_V_inner_rim:слегка_темнее"", ""delta_V_top_bottom:слабая""]"
/kaggle/input/datasets/mihailodin1/all-image-skin/1315.jpg,"[""asymmetry:выраженная"", ""contrast:выраженный"", ""color_homogeneity:цвет неоднородный"", ""color_distance_euclidean:выраженный"", ""std_H_lesion:высокая"", ""rim:тёмный ободок по краю"", ""delta_S_center_periphery:выше"", ""delta_V_inner_rim:слегка_темнее"", ""delta_V_top_bottom:слабая"", ""shape:овальная""]"
/kaggle/input/datasets/mihailodin1/all-image-skin/1316.jpg,"[""contrast:умеренный"", ""color_homogeneity:цвет неоднородный"", ""std_H_lesion:средняя"", ""delta_S_center_periphery:выше"", ""delta_V_inner_rim:слегка_темнее"", ""delta_S_left_right:слабая"", ""elongation:умеренно вытянутая"", ""shape:овальная"", ""fractal_dimension:умеренно_изрезанная"", ""glcm_energy:высокая""]"
/kaggle/input/datasets/mihailodin1/all-image-skin/1317.jpg,"[""asymmetry:выраженная"", ""contrast:умеренный"", ""palette:монотонная"", ""entropy_H_lesion:низкое"", ""rim:тёмный ободок по краю"", ""delta_S_center_periphery:выше"", ""delta_V_inner_rim:слегка_темнее"", ""delta_S_left_right:слабая"", ""shape:овальная"", ""fractal_dimension:умеренно_изрезанная""]"
/kaggle/input/datasets/mihailodin1/all-image-skin/1318.jpg,"[""color_homogeneity:цвет неоднородный"", ""delta_S_center_periphery:выше"", ""delta_V_inner_rim:темнее_центра"", ""delta_S_left_right:сильная_лево_право"", ""lobulation:лобуляции слабые"", ""shape:овальная"", ""eccentricity:умеренно_вытянутая"", ""fractal_dimension:сильно_изрезанная"", ""texture_coarseness:гладкая"", ""glcm_energy:высокая""]"
/kaggle/input/datasets/mihailodin1/all-image-skin/1319.jpg,"[""asymmetry:выраженная"", ""contrast:умеренный"", ""color_homogeneity:цвет неоднородный"", ""color_distance_euclidean:умеренный"", ""std_H_lesion:высокая"", ""delta_S_center_periphery:умеренно_выше"", ""delta_V_inner_rim:светлее"", ""delta_S_left_right:слабая"", ""elongation:вытянутая"", ""shape:округлая""]"
/kaggle/input/datasets/mihailodin1/all-image-skin/132.jpg,"[""asymmetry:выраженная"", ""color_homogeneity:цвет неоднородный"", ""color_distance_euclidean:очень_сильный"", ""delta_S_center_periphery:выше"", ""delta_V_inner_rim:темнее_центра"", ""delta_V_top_bottom:слабая"", ""shape:овальная"", ""eccentricity:умеренно_вытянутая"", ""fractal_dimension:сильно_изрезанная"", ""texture_coarseness:гладкая""]"
/kaggle/input/datasets/mihailodin1/all-image-skin/1320.jpg,"[""asymmetry:выраженная"", ""contrast:выраженный"", ""dominant_hue:красноватый"", ""color_distance_euclidean:выраженный"", ""std_H_lesion:высокая"", ""delta_H_center_periphery:оттенок_как_периферия"", ""delta_V_center_periphery:значительно_темнее"", ""delta_V_left_right:слабая"", ""elongation:умеренно вытянутая"", ""shape:овальная""]"
/kaggle/input/datasets/mihailodin1/all-image-skin/1321.jpg,"[""contrast:выраженный"", ""color_homogeneity:цвет неоднородный"", ""color_distance_euclidean:умеренный"", ""delta_S_center_periphery:умеренно_выше"", ""delta_V_inner_rim:слегка_темнее"", ""delta_S_left_right:слабая"", ""shape:овальная"", ""perimeter:средний"", ""fractal_dimension:сильно_изрезанная"", ""glcm_energy:средняя""]"
/kaggle/input/datasets/mihailodin1/all-image-skin/1322.jpg,"[""asymmetry:выраженная"", ""contrast:выраженный"", ""color_homogeneity:цвет неоднородный"", ""dominant_hue:желтовато-коричневый"", ""delta_S_center_periphery:выше"", ""delta_V_inner_rim:слегка_темнее"", ""delta_S_left_right:слабая"", ""shape:овальная"", ""perimeter:средний"", ""fractal_dimension:умеренно_изрезанная""]"
/kaggle/input/datasets/mihailodin1/all-image-skin/1323.jpg,"[""asymmetry:выраженная"", ""contrast:выраженный"", ""color_homogeneity:цвет неоднородный"", ""color_distance_euclidean:выраженный"", ""entropy_H_lesion:низкое"", ""delta_H_center_periphery:оттенок_как_периферия"", ""delta_V_inner_rim:слегка_темнее"", ""delta_V_top_bottom:слабая"", ""shape:овальная"", ""solidity:средняя""]"
/kaggle/input/datasets/mihailodin1/all-image-skin/1324.jpg,"[""contrast:выраженный"", ""dominant_hue:желтовато-коричневый"", ""delta_H_center_periphery:краснее_периферии"", ""delta_V_inner_rim:слегка_темнее"", ""delta_S_left_right:слабая"", ""shape:овальная"", ""perimeter:средний"", ""borders:умеренно неровные"", ""texture_coarseness:гладкая"", ""lbp_mean:низкое""]"
/kaggle/input/datasets/mihailodin1/all-image-skin/1325.jpg,"[""asymmetry:выраженная"", ""contrast:низкий"", ""color_homogeneity:цвет неоднородный"", ""color_distance_euclidean:очень_слабый"", ""std_H_lesion:высокая"", ""rim:без выраженного ободка"", ""delta_S_center_periphery:равна"", ""delta_V_inner_rim:одинаковый"", ""shape:округлая"", ""borders:ровные""]"
/kaggle/input/datasets/mihailodin1/all-image-skin/1326.jpg,"[""contrast:низкий"", ""color_homogeneity:цвет неоднородный"", ""color_distance_euclidean:очень_слабый"", ""std_H_lesion:высокая"", ""rim:светлый ободок по краю"", ""delta_S_center_periphery:умеренно_выше"", ""delta_V_top_bottom:слабая"", ""shape:округлая"", ""fractal_dimension:слабо_изрезанная"", ""lbp_mean:высокое""]"
/kaggle/input/datasets/mihailodin1/all-image-skin/1327.jpg,"[""asymmetry:умеренная"", ""dominant_hue:фиолетовый"", ""color_distance_euclidean:очень_слабый"", ""entropy_H_lesion:высокое"", ""delta_H_center_periphery:оттенок_как_периферия"", ""delta_V_inner_rim:одинаковый"", ""delta_S_left_right:слабая"", ""elongation:округлая"", ""eccentricity:округлая"", ""fractal_dimension:умеренно_изрезанная""]"
/kaggle/input/datasets/mihailodin1/all-image-skin/1328.jpg,"[""asymmetry:выраженная"", ""dominant_hue:желтовато-коричневый"", ""color_distance_euclidean:умеренный"", ""std_H_lesion:высокая"", ""delta_H_center_periphery:синее_периферии"", ""delta_V_inner_rim:светлее"", ""delta_S_left_right:слабая"", ""shape:округлая"", ""perimeter:средний"", ""fractal_dimension:слабо_изрезанная""]"
/kaggle/input/datasets/mihailodin1/all-image-skin/1329.jpg,"[""asymmetry:выраженная"", ""contrast:низкий"", ""color_homogeneity:цвет неоднородный"", ""color_distance_euclidean:очень_слабый"", ""std_H_lesion:высокая"", ""rim:без выраженного ободка"", ""delta_V_center_periphery:равная"", ""delta_V_top_bottom:слабая"", ""delta_S_top_bottom:сильная_низ_верх"", ""shape:неправильная""]"
/kaggle/input/datasets/mihailodin1/all-image-skin/133.jpg,"[""color_homogeneity:цвет неоднородный"", ""color_distance_euclidean:очень_сильный"", ""std_H_lesion:высокая"", ""delta_S_center_periphery:умеренно_выше"", ""delta_V_inner_rim:темнее_центра"", ""delta_V_top_bottom:слабая"", ""shape:овальная"", ""eccentricity:умеренно_вытянутая"", ""fractal_dimension:умеренно_изрезанная"", ""structure_order:хаотичная""]"
/kaggle/input/datasets/mihailodin1/all-image-skin/1330.jpg,"[""asymmetry:выраженная"", ""dominant_hue:желтовато-коричневый"", ""color_distance_euclidean:умеренный"", ""std_H_lesion:высокая"", ""delta_H_center_periphery:краснее_периферии"", ""delta_V_inner_rim:слегка_темнее"", ""delta_S_left_right:слабая"", ""shape:овальная"", ""eccentricity:умеренно_вытянутая"", ""fractal_dimension:слабо_изрезанная""]"
/kaggle/input/datasets/mihailodin1/all-image-skin/1331.jpg,"[""asymmetry:выраженная"", ""color_homogeneity:цвет неоднородный"", ""dominant_hue:желтовато-коричневый"", ""color_distance_euclidean:выраженный"", ""std_H_lesion:высокая"", ""delta_H_center_periphery:краснее_периферии"", ""delta_V_center_periphery:значительно_темнее"", ""delta_V_top_bottom:слабая"", ""elongation:вытянутая"", ""eccentricity:умеренно_вытянутая""]"
/kaggle/input/datasets/mihailodin1/all-image-skin/1332.jpg,"[""asymmetry:выраженная"", ""dominant_hue:коричневый"", ""color_distance_euclidean:выраженный"", ""std_H_lesion:высокая"", ""rim:тёмный ободок по краю"", ""delta_S_center_periphery:умеренно_выше"", ""delta_V_inner_rim:слегка_темнее"", ""delta_V_top_bottom:слабая"", ""elongation:вытянутая"", ""shape:овальная""]"
/kaggle/input/datasets/mihailodin1/all-image-skin/1333.jpg,"[""asymmetry:выраженная"", ""contrast:выраженный"", ""dominant_hue:желтовато-коричневый"", ""color_distance_euclidean:умеренный"", ""std_H_lesion:высокая"", ""rim:тёмный ободок по краю"", ""delta_S_center_periphery:умеренно_выше"", ""delta_V_inner_rim:слегка_темнее"", ""delta_V_left_right:слабая"", ""area:очень_маленький""]"
/kaggle/input/datasets/mihailodin1/all-image-skin/1334.jpg,"[""asymmetry:выраженная"", ""contrast:умеренный"", ""color_homogeneity:цвет неоднородный"", ""color_distance_euclidean:умеренный"", ""std_H_lesion:высокая"", ""rim:тёмный ободок по краю"", ""delta_V_inner_rim:слегка_темнее"", ""delta_S_top_bottom:слабая"", ""shape:округлая"", ""perimeter:маленький""]"
/kaggle/input/datasets/mihailodin1/all-image-skin/1335.jpg,"[""asymmetry:выраженная"", ""contrast:низкий"", ""color_homogeneity:цвет неоднородный"", ""color_distance_euclidean:очень_слабый"", ""std_H_lesion:высокая"", ""delta_S_center_periphery:умеренно_выше"", ""delta_V_inner_rim:светлее"", ""delta_S_left_right:слабая"", ""lobulation:лобуляции слабые"", ""shape:округлая""]"
/kaggle/input/datasets/mihailodin1/all-image-skin/1336.jpg,"[""asymmetry:выраженная"", ""contrast:выраженный"", ""dominant_hue:красноватый"", ""color_distance_euclidean:выраженный"", ""std_H_lesion:высокая"", ""rim:тёмный ободок по краю"", ""delta_S_center_periphery:умеренно_выше"", ""delta_V_inner_rim:слегка_темнее"", ""delta_S_left_right:слабая"", ""shape:овальная""]"
/kaggle/input/datasets/mihailodin1/all-image-skin/1337.jpg,"[""contrast:выраженный"", ""color_homogeneity:цвет неоднородный"", ""std_H_lesion:высокая"", ""delta_H_center_periphery:оттенок_как_периферия"", ""delta_V_inner_rim:слегка_темнее"", ""delta_S_top_bottom:слабая"", ""shape:овальная"", ""solidity:высокая"", ""fractal_dimension:умеренно_изрезанная"", ""glcm_energy:высокая""]"
/kaggle/input/datasets/mihailodin1/all-image-skin/1338.jpg,"[""asymmetry:выраженная"", ""dominant_hue:желтовато-коричневый"", ""color_distance_euclidean:умеренный"", ""std_H_lesion:высокая"", ""rim:тёмный ободок по краю"", ""delta_V_center_periphery:темнее"", ""delta_V_top_bottom:слабая"", ""elongation:умеренно вытянутая"", ""perimeter:средний"", ""borders:фестончатые""]"
/kaggle/input/datasets/mihailodin1/all-image-skin/1339.jpg,"[""color_homogeneity:цвет неоднородный"", ""color_distance_euclidean:выраженный"", ""entropy_H_lesion:высокое"", ""rim:тёмный ободок по краю"", ""delta_S_center_periphery:равна"", ""delta_V_left_right:сильная_лево_право"", ""delta_V_top_bottom:сильная_верх_низ"", ""shape:округлая"", ""perimeter:средний"", ""lbp_mean:высокое""]"
/kaggle/input/datasets/mihailodin1/all-image-skin/134.jpg,"[""asymmetry:выраженная"", ""contrast:выраженный"", ""color_homogeneity:цвет неоднородный"", ""color_distance_euclidean:сильный"", ""delta_H_center_periphery:оттенок_как_периферия"", ""delta_V_inner_rim:слегка_темнее"", ""delta_S_left_right:слабая"", ""elongation:вытянутая"", ""perimeter:средний"", ""borders:умеренно неровные""]"
/kaggle/input/datasets/mihailodin1/all-image-skin/1340.jpg,"[""contrast:умеренный"", ""color_homogeneity:цвет неоднородный"", ""color_distance_euclidean:умеренный"", ""delta_S_center_periphery:умеренно_выше"", ""delta_V_inner_rim:слегка_темнее"", ""delta_S_left_right:слабая"", ""shape:овальная"", ""perimeter:средний"", ""fractal_dimension:слабо_изрезанная"", ""glcm_energy:высокая""]"
/kaggle/input/datasets/mihailodin1/all-image-skin/1341.jpg,"[""asymmetry:выраженная"", ""contrast:выраженный"", ""color_homogeneity:цвет неоднородный"", ""dominant_hue:желтовато-коричневый"", ""color_distance_euclidean:выраженный"", ""delta_H_center_periphery:краснее_периферии"", ""delta_V_center_periphery:равная"", ""delta_V_top_bottom:слабая"", ""elongation:вытянутая"", ""perimeter:средний""]"
/kaggle/input/datasets/mihailodin1/all-image-skin/1342.jpg,"[""contrast:умеренный"", ""dominant_hue:желтовато-коричневый"", ""color_distance_euclidean:умеренный"", ""delta_S_center_periphery:умеренно_выше"", ""delta_V_inner_rim:слегка_темнее"", ""delta_V_top_bottom:слабая"", ""shape:овальная"", ""perimeter:маленький"", ""fractal_dimension:сильно_изрезанная"", ""glcm_energy:высокая""]"
/kaggle/input/datasets/mihailodin1/all-image-skin/1343.jpg,"[""asymmetry:выраженная"", ""color_homogeneity:цвет неоднородный"", ""dominant_hue:коричневый"", ""color_distance_euclidean:умеренный"", ""std_H_lesion:неопределенная"", ""delta_H_center_periphery:краснее_периферии"", ""delta_V_inner_rim:слегка_темнее"", ""delta_S_left_right:слабая"", ""shape:овальная"", ""borders:умеренно неровные""]"
/kaggle/input/datasets/mihailodin1/all-image-skin/1344.jpg,"[""pigmentation:слабо пигментированная"", ""color_distance_euclidean:очень_слабый"", ""std_H_lesion:высокая"", ""delta_H_center_periphery:оттенок_как_периферия"", ""delta_V_left_right:слабая"", ""delta_S_left_right:слабая"", ""shape:овальная"", ""eccentricity:умеренно_вытянутая"", ""radial_variance:высокая"", ""glcm_entropy:высокая""]"
/kaggle/input/datasets/mihailodin1/all-image-skin/1345.jpg,"[""asymmetry:выраженная"", ""dominant_hue:желтовато-коричневый"", ""color_distance_euclidean:выраженный"", ""std_H_lesion:высокая"", ""delta_H_center_periphery:краснее_периферии"", ""delta_V_inner_rim:слегка_темнее"", ""delta_S_left_right:слабая"", ""shape:овальная"", ""borders:умеренно неровные"", ""texture:преимущественно однородная""]"
/kaggle/input/datasets/mihailodin1/all-image-skin/1346.jpg,"[""contrast:выраженный"", ""color_homogeneity:цвет неоднородный"", ""rim:тёмный ободок по краю"", ""delta_S_center_periphery:умеренно_выше"", ""delta_V_inner_rim:слегка_темнее"", ""delta_S_left_right:слабая"", ""shape:овальная"", ""perimeter:средний"", ""borders:умеренно неровные"", ""glcm_energy:высокая""]"
/kaggle/input/datasets/mihailodin1/all-image-skin/1347.jpg,"[""asymmetry:выраженная"", ""contrast:умеренный"", ""dominant_hue:коричневый"", ""color_distance_euclidean:умеренный"", ""std_H_lesion:высокая"", ""delta_S_center_periphery:выше"", ""delta_V_inner_rim:одинаковый"", ""delta_S_left_right:слабая"", ""elongation:умеренно вытянутая"", ""perimeter:средний""]"
/kaggle/input/datasets/mihailodin1/all-image-skin/1348.jpg,"[""dominant_hue:желтовато-коричневый"", ""color_distance_euclidean:выраженный"", ""std_H_lesion:высокая"", ""rim:тёмный ободок по краю"", ""delta_V_inner_rim:слегка_темнее"", ""delta_S_left_right:слабая"", ""elongation:вытянутая"", ""perimeter:средний"", ""fractal_dimension:слабо_изрезанная"", ""lbp_std:высокий""]"
/kaggle/input/datasets/mihailodin1/all-image-skin/1349.jpg,"[""asymmetry:выраженная"", ""contrast:умеренный"", ""color_homogeneity:цвет неоднородный"", ""color_distance_euclidean:умеренный"", ""std_H_lesion:высокая"", ""delta_S_center_periphery:умеренно_выше"", ""delta_V_inner_rim:одинаковый"", ""delta_S_left_right:слабая"", ""elongation:вытянутая"", ""shape:неправильная""]"
/kaggle/input/datasets/mihailodin1/all-image-skin/135.jpg,"[""asymmetry:выраженная"", ""color_homogeneity:цвет неоднородный"", ""color_distance_euclidean:сильный"", ""std_H_lesion:высокая"", ""delta_H_center_periphery:оттенок_как_периферия"", ""delta_V_inner_rim:темнее_центра"", ""delta_S_left_right:слабая"", ""shape:округлая"", ""perimeter:маленький"", ""borders:умеренно неровные""]"
/kaggle/input/datasets/mihailodin1/all-image-skin/1350.jpg,"[""contrast:выраженный"", ""dominant_hue:желтовато-коричневый"", ""color_distance_euclidean:выраженный"", ""rim:тёмный ободок по краю"", ""delta_V_inner_rim:слегка_темнее"", ""delta_S_left_right:слабая"", ""shape:овальная"", ""eccentricity:умеренно_вытянутая"", ""fractal_dimension:сильно_изрезанная"", ""glcm_energy:высокая""]"
/kaggle/input/datasets/mihailodin1/all-image-skin/1351.jpg,"[""asymmetry:выраженная"", ""contrast:выраженный"", ""dominant_hue:желтовато-коричневый"", ""color_distance_euclidean:выраженный"", ""std_H_lesion:высокая"", ""rim:тёмный ободок по краю"", ""delta_V_inner_rim:слегка_темнее"", ""delta_S_left_right:слабая"", ""shape:овальная"", ""eccentricity:умеренно_вытянутая""]"
/kaggle/input/datasets/mihailodin1/all-image-skin/1352.jpg,"[""contrast:выраженный"", ""color_homogeneity:цвет неоднородный"", ""rim:тёмный ободок по краю"", ""delta_S_center_periphery:умеренно_выше"", ""delta_V_left_right:сильная_лево_право"", ""delta_S_left_right:слабая"", ""shape:округлая"", ""eccentricity:сильно_вытянутая"", ""radial_variance:высокая"", ""glcm_energy:средняя""]"
/kaggle/input/datasets/mihailodin1/all-image-skin/1353.jpg,"[""asymmetry:выраженная"", ""palette:монотонная"", ""dominant_hue:желтовато-коричневый"", ""color_distance_euclidean:сильный"", ""std_H_lesion:высокая"", ""rim:тёмный ободок по краю"", ""delta_S_center_periphery:значительно_выше"", ""delta_V_inner_rim:темнее_центра"", ""delta_S_left_right:слабая"", ""shape:округлая""]"
/kaggle/input/datasets/mihailodin1/all-image-skin/1354.jpg,"[""contrast:умеренный"", ""color_homogeneity:цвет неоднородный"", ""dominant_hue:желтовато-коричневый"", ""color_distance_euclidean:умеренный"", ""delta_H_center_periphery:оттенок_как_периферия"", ""delta_V_inner_rim:слегка_темнее"", ""delta_S_left_right:слабая"", ""shape:овальная"", ""fractal_dimension:слабо_изрезанная"", ""glcm_energy:высокая""]"
/kaggle/input/datasets/mihailodin1/all-image-skin/1355.jpg,"[""asymmetry:умеренная"", ""contrast:низкий"", ""color_homogeneity:цвет неоднородный"", ""color_distance_euclidean:очень_слабый"", ""std_H_lesion:высокая"", ""delta_H_center_periphery:синее_периферии"", ""delta_V_inner_rim:одинаковый"", ""delta_V_top_bottom:слабая"", ""shape:неправильная"", ""perimeter:очень_большой""]"
/kaggle/input/datasets/mihailodin1/all-image-skin/1356.jpg,"[""contrast:выраженный"", ""color_homogeneity:цвет неоднородный"", ""dominant_hue:желтовато-коричневый"", ""color_distance_euclidean:выраженный"", ""delta_S_center_periphery:выше"", ""delta_V_inner_rim:темнее_центра"", ""delta_S_left_right:слабая"", ""elongation:округлая"", ""fractal_dimension:умеренно_изрезанная"", ""structure_order:хаотичная""]"
/kaggle/input/datasets/mihailodin1/all-image-skin/1357.jpg,"[""asymmetry:выраженная"", ""contrast:выраженный"", ""dominant_hue:желтовато-коричневый"", ""color_distance_euclidean:сильный"", ""std_H_lesion:высокая"", ""rim:тёмный ободок по краю"", ""delta_V_center_periphery:значительно_темнее"", ""delta_V_top_bottom:слабая"", ""delta_S_left_right:слабая"", ""elongation:вытянутая""]"
/kaggle/input/datasets/mihailodin1/all-image-skin/1358.jpg,"[""asymmetry:выраженная"", ""contrast:выраженный"", ""dominant_hue:желтовато-коричневый"", ""rim:тёмный ободок по краю"", ""delta_V_inner_rim:слегка_темнее"", ""delta_S_left_right:слабая"", ""elongation:умеренно вытянутая"", ""shape:неправильная"", ""fractal_dimension:умеренно_изрезанная"", ""glcm_entropy:высокая""]"
/kaggle/input/datasets/mihailodin1/all-image-skin/1359.jpg,"[""asymmetry:выраженная"", ""contrast:умеренный"", ""color_homogeneity:цвет неоднородный"", ""color_distance_euclidean:умеренный"", ""delta_H_center_periphery:краснее_периферии"", ""delta_V_inner_rim:слегка_темнее"", ""delta_S_left_right:слабая"", ""elongation:вытянутая"", ""shape:овальная"", ""structure_order:хаотичная""]"
/kaggle/input/datasets/mihailodin1/all-image-skin/136.jpg,"[""contrast:выраженный"", ""dominant_hue:желтовато-коричневый"", ""color_distance_euclidean:выраженный"", ""rim:тёмный ободок по краю"", ""delta_V_inner_rim:слегка_темнее"", ""delta_S_left_right:слабая"", ""shape:округлая"", ""perimeter:большой"", ""fractal_dimension:умеренно_изрезанная"", ""texture:неоднородная""]"
/kaggle/input/datasets/mihailodin1/all-image-skin/1360.jpg,"[""asymmetry:выраженная"", ""contrast:выраженный"", ""color_homogeneity:цвет неоднородный"", ""color_distance_euclidean:сильный"", ""std_H_lesion:низкая"", ""delta_H_center_periphery:оттенок_как_периферия"", ""delta_V_center_periphery:значительно_темнее"", ""delta_S_left_right:слабая"", ""elongation:умеренно вытянутая"", ""shape:овальная""]"
/kaggle/input/datasets/mihailodin1/all-image-skin/1361.jpg,"[""contrast:умеренный"", ""color_homogeneity:цвет неоднородный"", ""color_distance_euclidean:умеренный"", ""delta_H_center_periphery:оттенок_как_периферия"", ""delta_V_inner_rim:одинаковый"", ""delta_S_left_right:слабая"", ""elongation:вытянутая"", ""eccentricity:умеренно_вытянутая"", ""fractal_dimension:умеренно_изрезанная"", ""texture_coarseness:гладкая""]"
/kaggle/input/datasets/mihailodin1/all-image-skin/1362.jpg,"[""asymmetry:выраженная"", ""color_homogeneity:цвет неоднородный"", ""color_distance_euclidean:выраженный"", ""rim:тёмный ободок по краю"", ""delta_S_center_periphery:умеренно_выше"", ""delta_V_inner_rim:слегка_темнее"", ""delta_S_left_right:слабая"", ""lobulation:лобуляции слабые"", ""shape:овальная"", ""fractal_dimension:сильно_изрезанная""]"
