image_path,status,mean_H_lesion,mean_S_lesion,mean_V_lesion,std_H_lesion,std_S_lesion,std_V_lesion,color_balance_B,color_balance_G,color_balance_R,entropy_H_lesion,entropy_S_lesion,entropy_V_lesion,color_distance_euclidean,color_distance_deltaE,dominant_colors_lesion,percent_dark_pixels,percent_white_pixels,percent_red_pixels,percent_blue_pixels,delta_H_center_periphery,delta_S_center_periphery,delta_V_center_periphery,delta_V_left_right,delta_S_left_right,delta_V_top_bottom,delta_S_top_bottom,delta_V_inner_rim,percent_outlier_bright_pixels,percent_outlier_dark_pixels,area,perimeter,perimeter_area_ratio,circularity,aspect_ratio,eccentricity,solidity,extent,radial_variance,convexity,fractal_dimension,glcm_contrast,glcm_homogeneity,glcm_energy,glcm_entropy,lbp_uniformity,lbp_entropy,lbp_mean,lbp_std,lbp_median,asymmetry_agg,palette_variety,elongation_score,color_homogeneity_agg,lobulation_score,bucket_asymmetry,bucket_borders,bucket_contrast,bucket_palette,bucket_texture,bucket_lobulation,bucket_pigmentation,bucket_elongation,bucket_rim,bucket_color_homogeneity,bucket_texture_coarseness,bucket_shape,bucket_dominant_hue,bucket_structure_order,bucket_area,bucket_perimeter,bucket_convexity,bucket_solidity,bucket_extent,bucket_radial_variance,bucket_fractal_dimension,bucket_eccentricity,bucket_perimeter_area_ratio,bucket_color_balance_R,bucket_color_balance_G,bucket_color_balance_B,bucket_color_distance_euclidean,bucket_delta_H_center_periphery,bucket_delta_S_center_periphery,bucket_delta_V_center_periphery,bucket_delta_V_inner_rim,bucket_delta_V_left_right,bucket_delta_V_top_bottom,bucket_delta_S_left_right,bucket_delta_S_top_bottom,bucket_entropy_H_lesion,bucket_entropy_S_lesion,bucket_entropy_V_lesion,bucket_std_H_lesion,bucket_std_S_lesion,bucket_std_V_lesion,bucket_mean_S_lesion,bucket_mean_V_lesion,bucket_glcm_energy,bucket_glcm_entropy,bucket_lbp_entropy,bucket_lbp_mean,bucket_lbp_std,bucket_lbp_median,bucket_percent_dark_pixels,bucket_percent_white_pixels,bucket_percent_red_pixels,bucket_percent_blue_pixels,bucket_percent_outlier_bright_pixels,bucket_percent_outlier_dark_pixels
/kaggle/input/datasets/mihailodin1/all-image-skin/100.jpg,success,8.844754060526144,143.15742219561417,127.22524695590039,3.760556415970646,57.88241210231592,42.75461794540702,0.23520188338611323,0.30429169438786613,0.4605064186063883,0.5995258707905875,2.286616886168808,2.168231790967151,84.53977700976877,34.70093242168966,"[[12, 89, 170], [9, 184, 97], [3, 46, 189]]",5.60056391884976e-05,0.0005581251629474416,0.8653508560172266,0.0,-2.0243907627642557,69.54331112719876,-65.40090909470814,0.33220554220930865,-7.112071939421924,11.999668131646615,-11.942521636880457,-70.13093502030385,3.66933498131536e-05,0.0,517805,2756.899829864502,3.8312268416814663,0.8561189902258981,0.9450934579439252,0.5468599649271605,0.986176896867614,0.7477285329759829,815.5094278617117,1.0509979364268027,0.929305694513579,0.13870933432526397,0.9309428388171576,0.3181940610860642,5.130928769141014,0.22318394861818167,2.0935650088782904,5.124674300936227,2.18828434550757,5.0,168.35507823482948,1.0,0.27342998246358025,1.281603648707231,0.40954263219806913,умеренная,умеренно неровные,выраженный,монотонная,неоднородная,лобуляции слабые,с примесью красного или синего,умеренно вытянутая,тёмный ободок по краю,цвет умеренно неоднородный,грубая,округлая,красноватый,средне упорядоченная,размер:средний,периметр:средний,выпуклость:средняя,плотность:высокая,заполнение_bbox:среднее,вариация_радиуса:средняя,граница:сильно_изрезанная,форма:умеренно_вытянутая,отношение_периметр_площадь:среднее,красный:норма,зеленый:норма,синий:норма,контраст:сильный,центр:оттенок_как_периферия,насыщенность_центра:выше,яркость_центра:значительно_темнее,ободок:темнее_центра,яркость_асимметрия:слабая,яркость_асимметрия:слабая,насыщенность_асимметрия:слабая,насыщенность_асимметрия:слабая,разнообразие_оттенка:среднее,разнообразие_насыщенности:среднее,разнообразие_яркости:высокое,вариабельность_оттенка:низкая,вариабельность_насыщенности:высокая,вариабельность_яркости:высокая,насыщенность:средняя,яркость:средняя,энергия_текстуры:низкая,энтропия_текстуры:высокая,энтропия_lbp:средняя,среднее_lbp:высокое,разброс_lbp:средний,медиана_lbp:типичная,темные_пиксели:нет,белые_пиксели:единичные,красные_пиксели:много,синие_пиксели:нет,яркие_выбросы:нет,темные_выбросы:нет
/kaggle/input/datasets/mihailodin1/all-image-skin/1000.jpg,success,9.441791370619642,130.86213818677962,202.1504133526623,2.03856682627165,23.189567311417225,14.328646291614673,0.22939592678576054,0.30395902394282337,0.4666450469630109,0.41405957512322733,1.7912155361365414,1.358763738185693,35.89620038707519,11.844965930650535,"[[11, 119, 206], [9, 152, 192], [8, 110, 215]]",0.0,6.914178906683937e-06,0.9938256382363313,0.0,-0.3193171963749535,21.806922589087293,-13.170498078505773,2.2732288974454207,-3.4635655634372426,-4.701551687426047,-8.807526246858899,-11.507979131421138,0.020293115091117354,0.0210052755185058,433891,2551.0348249673843,3.8728088887418153,0.8378335192164301,0.7764976958525346,0.7374500468830254,0.993387960501764,0.7416534480165188,2712.134408699375,1.0529811281928958,0.9299973706644794,0.15905077215230642,0.9218172527422149,0.40906596227997566,4.595268007725603,0.19763319645999644,2.1467923222078293,5.070181011316975,2.311760893952179,5.0,54.54261025913563,1.0,0.3687250234415127,0.5466492573535141,0.4120663281977674,слабая,умеренно неровные,умеренный,монотонная,неоднородная,лобуляции слабые,с примесью красного или синего,умеренно вытянутая,без выраженного ободка,цвет однородный,грубая,овальная,красноватый,хаотичная,размер:средний,периметр:средний,выпуклость:средняя,плотность:высокая,заполнение_bbox:среднее,вариация_радиуса:средняя,граница:сильно_изрезанная,форма:умеренно_вытянутая,отношение_периметр_площадь:среднее,красный:норма,зеленый:норма,синий:норма,контраст:умеренный,центр:оттенок_как_периферия,насыщенность_центра:умеренно_выше,яркость_центра:равная,ободок:слегка_темнее,яркость_асимметрия:слабая,яркость_асимметрия:слабая,насыщенность_асимметрия:слабая,насыщенность_асимметрия:слабая,разнообразие_оттенка:среднее,разнообразие_насыщенности:низкое,разнообразие_яркости:низкое,вариабельность_оттенка:низкая,вариабельность_насыщенности:низкая,вариабельность_яркости:низкая,насыщенность:средняя,яркость:высокая,энергия_текстуры:низкая,энтропия_текстуры:высокая,энтропия_lbp:высокая,среднее_lbp:среднее,разброс_lbp:высокий,медиана_lbp:типичная,темные_пиксели:нет,белые_пиксели:нет,красные_пиксели:преобладают,синие_пиксели:нет,яркие_выбросы:много,темные_выбросы:умеренно
/kaggle/input/datasets/mihailodin1/all-image-skin/1001.jpg,success,11.170298501935951,129.8000019461453,171.5210609411072,2.1751393744887184,22.395700317796408,10.634954630710704,0.22730876675670447,0.3134981822883533,0.45919304827775154,0.6886169336016169,1.7619788498826177,1.089931105097617,29.26775111411727,10.82865945009202,"[[9, 112, 177], [13, 116, 178], [11, 150, 164]]",0.0,1.9461452943423123e-05,0.9397205821893648,0.0,-1.380194478849944,24.187929387911808,-8.992820740620402,-3.1315825888593167,-5.646405379879198,4.634940440033404,-8.515958051277295,-8.348232827158881,0.02396191393658972,0.024207614780000438,411069,2471.5962262153625,3.8549625219175643,0.8456088968929808,0.7553191489361702,0.684351507824216,0.9909455794612186,0.760402446198071,1710.3582145243295,1.05398616483753,0.9166752875737791,0.1394187383567285,0.9316067607472772,0.4699396431500624,4.3449038467633585,0.1948112653444799,2.156779045870697,5.183411809620769,2.3478408886715996,5.0,56.48983106743137,1.0,0.342175753912108,0.5749654287017659,0.4104263396925584,слабая,умеренно неровные,умеренный,монотонная,неоднородная,лобуляции слабые,с примесью красного или синего,умеренно вытянутая,без выраженного ободка,цвет однородный,грубая,овальная,красноватый,хаотичная,размер:средний,периметр:средний,выпуклость:средняя,плотность:высокая,заполнение_bbox:среднее,вариация_радиуса:средняя,граница:сильно_изрезанная,форма:умеренно_вытянутая,отношение_периметр_площадь:среднее,красный:норма,зеленый:повышен,синий:норма,контраст:умеренный,центр:оттенок_как_периферия,насыщенность_центра:умеренно_выше,яркость_центра:равная,ободок:одинаковый,яркость_асимметрия:слабая,яркость_асимметрия:слабая,насыщенность_асимметрия:слабая,насыщенность_асимметрия:слабая,разнообразие_оттенка:среднее,разнообразие_насыщенности:низкое,разнообразие_яркости:низкое,вариабельность_оттенка:низкая,вариабельность_насыщенности:низкая,вариабельность_яркости:низкая,насыщенность:средняя,яркость:высокая,энергия_текстуры:низкая,энтропия_текстуры:высокая,энтропия_lbp:высокая,среднее_lbp:высокое,разброс_lbp:высокий,медиана_lbp:типичная,темные_пиксели:нет,белые_пиксели:нет,красные_пиксели:много,синие_пиксели:нет,яркие_выбросы:много,темные_выбросы:умеренно
/kaggle/input/datasets/mihailodin1/all-image-skin/1002.jpg,success,5.424841856472906,163.14558993220828,90.47049662844367,3.725385674454787,29.46787574968382,42.12734531606801,0.20693311289725488,0.27289605674359585,0.5201708246090684,0.32216807469425013,1.8918870470546696,2.2448081093913226,79.90455629278821,44.847577628285855,"[[2, 174, 49], [8, 124, 148], [7, 179, 93]]",0.21057577888360018,0.0,0.9961371339968268,0.00013296913313140055,-3.952462317924457,20.41655585518987,-64.18914259918576,-9.064970720988455,1.8619938812732926,-4.568665912075971,-2.242141834904686,-55.53707985518942,0.008845827924419443,0.0,443712,2681.0419652462006,4.0248808171884765,0.7757179024807387,0.8103254769921436,0.7432914926324407,0.9659667570127028,0.6897413656416427,3072.9315670707056,1.0667473454741148,0.9489714542419249,0.15217840073568298,0.9289147798181681,0.3659732237535493,4.9177845534561,0.23260573606825194,2.0575450124346646,5.208336358685787,2.1334010215640555,5.0,106.29593312154249,1.0,0.3716457463162203,0.9206737518129071,0.4193418576469013,умеренная,умеренно неровные,выраженный,монотонная,неоднородная,лобуляции слабые,с примесью красного или синего,умеренно вытянутая,тёмный ободок по краю,цвет умеренно неоднородный,грубая,овальная,красноватый,средне упорядоченная,размер:средний,периметр:средний,выпуклость:средняя,плотность:средняя,заполнение_bbox:низкое,вариация_радиуса:высокая,граница:сильно_изрезанная,форма:умеренно_вытянутая,отношение_периметр_площадь:среднее,красный:повышен,зеленый:понижен,синий:норма,контраст:выраженный,центр:оттенок_как_периферия,насыщенность_центра:умеренно_выше,яркость_центра:значительно_темнее,ободок:темнее_центра,яркость_асимметрия:слабая,яркость_асимметрия:слабая,насыщенность_асимметрия:слабая,насыщенность_асимметрия:слабая,разнообразие_оттенка:низкое,разнообразие_насыщенности:низкое,разнообразие_яркости:высокое,вариабельность_оттенка:низкая,вариабельность_насыщенности:низкая,вариабельность_яркости:высокая,насыщенность:высокая,яркость:низкая,энергия_текстуры:низкая,энтропия_текстуры:высокая,энтропия_lbp:средняя,среднее_lbp:высокое,разброс_lbp:средний,медиана_lbp:типичная,темные_пиксели:много,белые_пиксели:нет,красные_пиксели:преобладают,синие_пиксели:единичные,яркие_выбросы:единичные,темные_выбросы:нет
/kaggle/input/datasets/mihailodin1/all-image-skin/1003.jpg,success,2.3425062037285,128.5483457698729,186.13707042829398,4.846364180862878,40.80826737850303,18.14018510903217,0.24849971780820285,0.2732073939090231,0.4782928857131623,0.5914816254020079,2.2780895833984154,1.5619628325242196,48.148825070092265,16.536593580150036,"[[174, 73, 203], [5, 165, 172], [2, 109, 196]]",0.0,9.131486592388156e-05,0.9810855565777369,1.3629084466250979e-05,2.531134567069131,46.8270868587494,-14.313238117789979,3.1710094821046937,-17.911756269994996,16.37354506528223,-6.006574940623068,-14.275715481260647,0.00576919145456404,0.028195849943780025,733725,3499.4511264562607,4.085387672060996,0.752910434328548,0.5692425401683244,0.8204472552326607,0.9801361216679246,0.754544388775082,9606.839666434991,1.0633656582606146,0.9455070722883554,0.1687704888918017,0.9177317935039225,0.3382066781837414,4.950622910570104,0.20884498010002697,2.117298933222021,5.024956085886832,2.2475202187432513,5.0,107.1343453016135,2.0,0.41022362761633036,0.8989004039212832,0.42489437792639034,умеренная,умеренно неровные,выраженный,умеренно разнообразная,неоднородная,лобуляции слабые,с примесью красного или синего,умеренно вытянутая,без выраженного ободка,цвет умеренно неоднородный,грубая,овальная,красноватый,хаотичная,размер:средний,периметр:большой,выпуклость:средняя,плотность:высокая,заполнение_bbox:среднее,вариация_радиуса:высокая,граница:сильно_изрезанная,форма:сильно_вытянутая,отношение_периметр_площадь:среднее,красный:норма,зеленый:понижен,синий:норма,контраст:умеренный,центр:оттенок_как_периферия,насыщенность_центра:умеренно_выше,яркость_центра:равная,ободок:слегка_темнее,яркость_асимметрия:слабая,яркость_асимметрия:сильная_низ_верх,насыщенность_асимметрия:слабая,насыщенность_асимметрия:слабая,разнообразие_оттенка:среднее,разнообразие_насыщенности:среднее,разнообразие_яркости:низкое,вариабельность_оттенка:низкая,вариабельность_насыщенности:средняя,вариабельность_яркости:низкая,насыщенность:средняя,яркость:высокая,энергия_текстуры:низкая,энтропия_текстуры:высокая,энтропия_lbp:высокая,среднее_lbp:среднее,разброс_lbp:средний,медиана_lbp:типичная,темные_пиксели:нет,белые_пиксели:нет,красные_пиксели:преобладают,синие_пиксели:нет,яркие_выбросы:единичные,темные_выбросы:умеренно
/kaggle/input/datasets/mihailodin1/all-image-skin/1004.jpg,success,0.47865702636618096,126.58646417741495,70.62985119023028,10.884766860391496,35.941311429872876,50.48686558076139,0.2546812736510826,0.27901526860110654,0.4663034511322024,1.0152338597678086,2.196527505969094,2.331859306585118,89.68683549214106,53.067333975926125,"[[4, 108, 132], [151, 93, 23], [2, 142, 42]]",0.4545927768183959,0.0,0.8917431647483619,0.007328943128392838,-9.519613906938389,-9.253587193336415,-73.08813757261703,19.400560173780228,1.5019820585673358,13.734495779322188,-14.93263514986431,-86.01051063970459,0.022061192956943493,0.0,121027,1335.6753106117249,3.839368206436088,0.8524920460546545,0.8967889908256881,0.4078556714182123,0.979809101286421,0.7099357094253737,182.4474234774919,1.0464664152071992,0.9117806998567138,0.19254882219890898,0.9143278821903427,0.34423216860063405,5.068194659304213,0.23227283743241323,2.011554027220817,5.158205263201879,2.0403252364087403,5.0,141.4310118344259,2.0,0.20392783570910614,1.4809157970613447,0.1574706297025404,умеренная,умеренно неровные,выраженный,умеренно разнообразная,неоднородная,лобуляции отсутствуют,с примесью красного или синего,умеренно вытянутая,тёмный ободок по краю,цвет неоднородный,грубая,округлая,красноватый,средне упорядоченная,размер:маленький,периметр:средний,выпуклость:высокая,плотность:высокая,заполнение_bbox:среднее,вариация_радиуса:низкая,граница:сильно_изрезанная,форма:округлая,отношение_периметр_площадь:среднее,красный:норма,зеленый:понижен,синий:повышен,контраст:сильный,центр:краснее_периферии,насыщенность_центра:равна,яркость_центра:значительно_темнее,ободок:темнее_центра,яркость_асимметрия:сильная_право_лево,яркость_асимметрия:слабая,насыщенность_асимметрия:слабая,насыщенность_асимметрия:слабая,разнообразие_оттенка:высокое,разнообразие_насыщенности:среднее,разнообразие_яркости:высокое,вариабельность_оттенка:средняя,вариабельность_насыщенности:средняя,вариабельность_яркости:высокая,насыщенность:средняя,яркость:низкая,энергия_текстуры:низкая,энтропия_текстуры:высокая,энтропия_lbp:средняя,среднее_lbp:высокое,разброс_lbp:низкий,медиана_lbp:типичная,темные_пиксели:много,белые_пиксели:нет,красные_пиксели:много,синие_пиксели:присутствуют,яркие_выбросы:много,темные_выбросы:нет
/kaggle/input/datasets/mihailodin1/all-image-skin/1005.jpg,success,168.79229439183737,89.61922635148183,180.4745917268271,7.419116892371978,35.42588860261679,37.79811232810611,0.31934700380168446,0.2739853891229312,0.4066676048206627,1.0904885192726068,2.105117335071981,2.1935488784335675,26.95210399810833,9.706984242792824,"[[6, 83, 207], [170, 102, 172], [158, 44, 204]]",5.721617558499964e-06,0.05144234826627836,0.7079157148517458,5.721617558499964e-06,2.277825938527343,32.251611599496115,0.8531082966916017,11.177392781678265,-20.750588231908992,42.73081373171962,-38.21565391802239,1.1785079523980073,0.0,0.039598599920183435,1398206,8459.361937403679,7.15405090566464,0.24553070555155038,1.4236377590176517,0.7007140848479687,0.6212467981400888,0.5784726517491255,51542.724476013784,1.3925625254432026,1.029511153519124,0.11444573783771134,0.9432362055650318,0.28712358289053364,5.256554262315106,0.17949936298874913,2.1773313442409106,5.3469001776453915,2.46939713552793,5.0,148.25699449804432,2.0,0.5621759219328102,1.25216603553778,0.5562850602918872,умеренная,фестончатые,умеренный,умеренно разнообразная,неоднородная,лобуляции выраженные,с примесью красного или синего,вытянутая,без выраженного ободка,цвет умеренно неоднородный,средняя,неправильная,красноватый,хаотичная,размер:крупный,периметр:очень_большой,выпуклость:низкая,плотность:низкая,заполнение_bbox:низкое,вариация_радиуса:высокая,граница:сильно_изрезанная,форма:умеренно_вытянутая,отношение_периметр_площадь:высокое,красный:понижен,зеленый:понижен,синий:повышен,контраст:умеренный,центр:оттенок_как_периферия,насыщенность_центра:умеренно_выше,яркость_центра:равная,ободок:одинаковый,яркость_асимметрия:слабая,яркость_асимметрия:сильная_низ_верх,насыщенность_асимметрия:сильная_лево_право,насыщенность_асимметрия:сильная_верх_низ,разнообразие_оттенка:высокое,разнообразие_насыщенности:среднее,разнообразие_яркости:высокое,вариабельность_оттенка:средняя,вариабельность_насыщенности:средняя,вариабельность_яркости:высокая,насыщенность:средняя,яркость:высокая,энергия_текстуры:низкая,энтропия_текстуры:высокая,энтропия_lbp:высокая,среднее_lbp:высокое,разброс_lbp:высокий,медиана_lbp:типичная,темные_пиксели:нет,белые_пиксели:присутствуют,красные_пиксели:умеренно,синие_пиксели:нет,яркие_выбросы:нет,темные_выбросы:умеренно
/kaggle/input/datasets/mihailodin1/all-image-skin/1006.jpg,success,8.061235998439548,197.11575704548963,140.46685145835937,2.5314846212933575,23.18280494548109,52.11517130357088,0.14738947524791163,0.2726609927798974,0.5799495278434622,0.23991851069428416,1.6935302665425715,2.4657062264216543,60.37125738653472,28.594631559902286,"[[10, 172, 197], [5, 216, 76], [8, 207, 141]]",0.022373519399451508,0.0,0.9995662051775985,0.0,-3.5222875890829783,27.48524507891355,-81.98604999985878,12.03360493632971,-5.114046000555902,14.534880061461564,-7.969712157491159,-69.69294871642217,0.0,0.00014704909233947754,136009,1403.9524410963058,3.806874611854001,0.8671070532538012,0.9741176470588235,0.4767421132865053,0.9860083080202119,0.7729980107985223,186.5439326772181,1.0391455040990578,1.049118736637896,0.25356635449598364,0.8857783339821127,0.2681484297940946,5.3869623559379916,0.27806867907735666,1.9652174729808958,4.810242527627382,1.9311060236156017,5.0,152.64582582369366,1.0,0.23837105664325264,0.8973422108738693,0.16050709080110717,умеренная,умеренно неровные,выраженный,монотонная,неоднородная,лобуляции отсутствуют,с примесью красного или синего,умеренно вытянутая,тёмный ободок по краю,цвет умеренно неоднородный,грубая,округлая,красноватый,упорядоченная,размер:маленький,периметр:средний,выпуклость:высокая,плотность:высокая,заполнение_bbox:среднее,вариация_радиуса:низкая,граница:сильно_изрезанная,форма:округлая,отношение_периметр_площадь:среднее,красный:повышен,зеленый:понижен,синий:понижен,контраст:выраженный,центр:оттенок_как_периферия,насыщенность_центра:умеренно_выше,яркость_центра:значительно_темнее,ободок:темнее_центра,яркость_асимметрия:слабая,яркость_асимметрия:слабая,насыщенность_асимметрия:слабая,насыщенность_асимметрия:слабая,разнообразие_оттенка:низкое,разнообразие_насыщенности:низкое,разнообразие_яркости:высокое,вариабельность_оттенка:низкая,вариабельность_насыщенности:низкая,вариабельность_яркости:высокая,насыщенность:высокая,яркость:средняя,энергия_текстуры:низкая,энтропия_текстуры:высокая,энтропия_lbp:низкая,среднее_lbp:низкое,разброс_lbp:низкий,медиана_lbp:типичная,темные_пиксели:единичные,белые_пиксели:нет,красные_пиксели:преобладают,синие_пиксели:нет,яркие_выбросы:нет,темные_выбросы:нет
/kaggle/input/datasets/mihailodin1/all-image-skin/1007.jpg,success,7.964299615363034,132.82375673107381,107.55762503079576,5.177744336234413,39.63045528066858,57.729087940395594,0.24413629795728678,0.30593320567932936,0.44993049217853465,0.6022616175403779,2.238619307435922,2.380348749971108,74.73109228092659,35.72142109420157,"[[8, 170, 73], [10, 100, 161], [1, 148, 31]]",0.24533840143596242,0.0,0.9724140358286699,0.001084010840108401,-3.3070375042081395,45.47960226479253,-85.8950590365898,0.7641901332774665,3.0590801803162435,20.407352656206328,-12.293310935217576,-73.26400458893663,0.0,0.0,142065,1445.8519358634949,3.8360147901951533,0.853983182237818,0.8986784140969163,0.4045069435528877,0.9832984952726367,0.7669571132417725,255.0745242526141,1.0427454629344013,0.8717892214251767,0.3000637294606365,0.8726529223939448,0.26496532909324166,5.485622697169213,0.2977583573128708,1.9367819310366432,4.81018863902803,1.9047408921673838,5.0,171.20563271060809,1.0,0.20225347177644384,1.2967523144702167,0.2164370897864074,умеренная,умеренно неровные,выраженный,монотонная,неоднородная,лобуляции слабые,с примесью красного или синего,умеренно вытянутая,тёмный ободок по краю,цвет умеренно неоднородный,грубая,округлая,красноватый,упорядоченная,размер:маленький,периметр:средний,выпуклость:высокая,плотность:высокая,заполнение_bbox:среднее,вариация_радиуса:низкая,граница:сильно_изрезанная,форма:округлая,отношение_периметр_площадь:среднее,красный:понижен,зеленый:норма,синий:норма,контраст:выраженный,центр:оттенок_как_периферия,насыщенность_центра:умеренно_выше,яркость_центра:значительно_темнее,ободок:темнее_центра,яркость_асимметрия:слабая,яркость_асимметрия:сильная_низ_верх,насыщенность_асимметрия:слабая,насыщенность_асимметрия:слабая,разнообразие_оттенка:среднее,разнообразие_насыщенности:среднее,разнообразие_яркости:высокое,вариабельность_оттенка:средняя,вариабельность_насыщенности:средняя,вариабельность_яркости:высокая,насыщенность:средняя,яркость:средняя,энергия_текстуры:низкая,энтропия_текстуры:высокая,энтропия_lbp:низкая,среднее_lbp:низкое,разброс_lbp:низкий,медиана_lbp:типичная,темные_пиксели:много,белые_пиксели:нет,красные_пиксели:преобладают,синие_пиксели:единичные,яркие_выбросы:нет,темные_выбросы:нет
/kaggle/input/datasets/mihailodin1/all-image-skin/1008.jpg,success,10.475480612622889,149.78212429649145,135.89655370614298,2.2368634386393365,36.66080026508688,28.897957955417525,0.21122198757484356,0.3067398421492499,0.48203816672881034,0.6333024432411324,2.1679705962831672,1.945414179576881,47.50786977454962,21.251960166910767,"[[11, 106, 164], [9, 190, 98], [11, 159, 140]]",2.8739073164890434e-05,0.0,0.9641671656089091,0.0,-1.2991531874519637,47.4094580413383,-36.6352003006523,-22.36457901571815,2.4780985170358463,12.035545294337282,-20.048111457030643,-36.30496958970713,3.352891869237217e-05,0.033701353131361515,208775,1751.1555395126343,3.832529232613866,0.8555372270667383,0.9699812382739212,0.24488297014997057,0.9844812464044213,0.7576362402517047,138.94392112415076,1.0528652766951014,0.975793173323925,0.14478788097727513,0.9290094570481388,0.32835670815047324,4.973876884338172,0.2193948295270626,2.100055074142448,5.155085200233835,2.1850379778909073,5.0,142.27014581356448,1.0,0.12244148507498528,0.8884753076366383,0.12023524633683015,умеренная,умеренно неровные,выраженный,монотонная,неоднородная,лобуляции отсутствуют,с примесью красного или синего,округлая,тёмный ободок по краю,цвет умеренно неоднородный,грубая,округлая,красноватый,средне упорядоченная,размер:маленький,периметр:средний,выпуклость:средняя,плотность:высокая,заполнение_bbox:среднее,вариация_радиуса:низкая,граница:сильно_изрезанная,форма:округлая,отношение_периметр_площадь:среднее,красный:норма,зеленый:норма,синий:норма,контраст:умеренный,центр:оттенок_как_периферия,насыщенность_центра:умеренно_выше,яркость_центра:темнее,ободок:слегка_темнее,яркость_асимметрия:сильная_лево_право,яркость_асимметрия:слабая,насыщенность_асимметрия:слабая,насыщенность_асимметрия:сильная_верх_низ,разнообразие_оттенка:среднее,разнообразие_насыщенности:среднее,разнообразие_яркости:среднее,вариабельность_оттенка:низкая,вариабельность_насыщенности:средняя,вариабельность_яркости:средняя,насыщенность:средняя,яркость:средняя,энергия_текстуры:низкая,энтропия_текстуры:высокая,энтропия_lbp:высокая,среднее_lbp:высокое,разброс_lbp:средний,медиана_lbp:типичная,темные_пиксели:нет,белые_пиксели:нет,красные_пиксели:много,синие_пиксели:нет,яркие_выбросы:нет,темные_выбросы:умеренно
/kaggle/input/datasets/mihailodin1/all-image-skin/1009.jpg,success,7.852770088638114,129.7801519315636,174.8080425595299,3.6348674997215342,31.08213766278862,11.341603161321864,0.23306165387750608,0.29850970267905796,0.46842864076376034,0.4781945141701037,2.045838054095162,1.1272035668485005,15.069355815871027,5.75304555340586,"[[10, 160, 165], [3, 94, 183], [9, 122, 181]]",0.0,1.314286882540721e-05,0.9972487594592148,0.0,0.24940077927570314,16.41938673852505,-1.7786695764954743,-12.415865055038097,43.18496551020198,-11.301271196001778,35.63673924251016,-1.9002241406235498,0.005514163631637514,0.03241469547972931,684782,3662.980125784874,4.426478858290746,0.6413470115899277,0.7396193771626297,0.8031852954304741,0.9410741280268257,0.6928327161618001,8094.412582315445,1.133849422524385,0.9600076087503184,0.13444353511240661,0.9332316423021668,0.46550259357852175,4.348151032703777,0.195493337523847,2.156377014901446,5.170884839690823,2.3446091356236676,5.0,120.98629809804824,1.0,0.40159264771523706,0.6649482867743486,0.4293310876144905,умеренная,фестончатые,умеренный,монотонная,неоднородная,лобуляции слабые,с примесью красного или синего,умеренно вытянутая,без выраженного ободка,цвет однородный,грубая,неправильная,красноватый,хаотичная,размер:средний,периметр:большой,выпуклость:низкая,плотность:средняя,заполнение_bbox:низкое,вариация_радиуса:высокая,граница:сильно_изрезанная,форма:сильно_вытянутая,отношение_периметр_площадь:высокое,красный:норма,зеленый:норма,синий:норма,контраст:очень_слабый,центр:оттенок_как_периферия,насыщенность_центра:равна,яркость_центра:равная,ободок:одинаковый,яркость_асимметрия:слабая,яркость_асимметрия:слабая,насыщенность_асимметрия:сильная_право_лево,насыщенность_асимметрия:сильная_низ_верх,разнообразие_оттенка:среднее,разнообразие_насыщенности:среднее,разнообразие_яркости:низкое,вариабельность_оттенка:низкая,вариабельность_насыщенности:средняя,вариабельность_яркости:низкая,насыщенность:средняя,яркость:высокая,энергия_текстуры:низкая,энтропия_текстуры:высокая,энтропия_lbp:высокая,среднее_lbp:высокое,разброс_lbp:высокий,медиана_lbp:типичная,темные_пиксели:нет,белые_пиксели:нет,красные_пиксели:преобладают,синие_пиксели:нет,яркие_выбросы:единичные,темные_выбросы:умеренно
/kaggle/input/datasets/mihailodin1/all-image-skin/101.jpg,success,1.4756421218919022,162.01814875319792,153.42602806680728,3.960030460467853,35.26007759953091,35.99634085637359,0.221959096087879,0.24028558628477908,0.5377553141223563,0.548798148216764,2.092520528805132,2.186433014842949,59.76513584653683,25.928075903161133,"[[3, 152, 170], [175, 112, 197], [3, 194, 119]]",7.92598887719561e-06,1.7613308615990243e-06,0.9984456255146389,0.0,2.239054489394789,32.9082043083819,-28.35309904288914,-20.145521837972552,10.05369312184115,9.812067476848114,-10.637310299046447,-42.04927557509302,0.0017217009172130462,0.019113081844641812,1135505,4325.538562655449,4.059248722771631,0.762638171259207,0.8400303260045489,0.5948865070509806,0.9586276530990425,0.7769704376195729,2909.947666907641,1.0962044715106742,0.969201105945538,0.18133452311856027,0.9139718532735857,0.30386748134184044,5.147241864443153,0.22473599091718563,2.0435236292408057,4.9404576953242785,2.079961732769385,5.0,114.14895057637409,2.0,0.2974432535254903,0.9817647369621645,0.41308231275467006,умеренная,умеренно неровные,выраженный,умеренно разнообразная,неоднородная,лобуляции слабые,с примесью красного или синего,умеренно вытянутая,тёмный ободок по краю,цвет умеренно неоднородный,грубая,овальная,красноватый,средне упорядоченная,размер:крупный,периметр:большой,выпуклость:низкая,плотность:средняя,заполнение_bbox:среднее,вариация_радиуса:средняя,граница:сильно_изрезанная,форма:умеренно_вытянутая,отношение_периметр_площадь:среднее,красный:повышен,зеленый:понижен,синий:норма,контраст:выраженный,центр:оттенок_как_периферия,насыщенность_центра:умеренно_выше,яркость_центра:темнее,ободок:слегка_темнее,яркость_асимметрия:сильная_лево_право,яркость_асимметрия:слабая,насыщенность_асимметрия:слабая,насыщенность_асимметрия:слабая,разнообразие_оттенка:среднее,разнообразие_насыщенности:среднее,разнообразие_яркости:высокое,вариабельность_оттенка:низкая,вариабельность_насыщенности:средняя,вариабельность_яркости:высокая,насыщенность:высокая,яркость:средняя,энергия_текстуры:низкая,энтропия_текстуры:высокая,энтропия_lbp:средняя,среднее_lbp:среднее,разброс_lbp:средний,медиана_lbp:типичная,темные_пиксели:нет,белые_пиксели:нет,красные_пиксели:преобладают,синие_пиксели:нет,яркие_выбросы:единичные,темные_выбросы:умеренно
/kaggle/input/datasets/mihailodin1/all-image-skin/1010.jpg,success,7.922107978985621,140.2522062005169,164.25630050637943,2.6373264236674183,22.44009757629944,14.957706504482116,0.22117954274736912,0.29208769868224427,0.4867327556070953,0.22436082753722264,1.7617623608137667,1.400213039689104,24.49769710078526,10.097357900826312,"[[9, 160, 153], [3, 113, 170], [9, 131, 172]]",0.0,2.455881836999614e-05,0.997452899694769,2.455881836999614e-05,0.6273548187629672,29.286074564402952,-16.792569538380633,-3.0137204248745206,-5.782041176874458,-10.360258202736446,-4.5261782375509085,-14.391165371702328,0.015310669052380451,0.024825456969441814,855090,3574.477599620819,3.865508797592597,0.8410010382778305,1.0529865125240847,0.4588500852520028,0.9788073314682625,0.7536927055513541,1066.9168869580192,1.0571222582335755,0.9917881345205398,0.1626089448249607,0.922948068335915,0.46297460275626817,4.425161489882482,0.20388421346849905,2.128241709223031,5.095656126027307,2.2713508494044254,5.0,70.38819696358289,1.0,0.25591829888804374,0.5179791284810351,0.41027648234937214,слабая,умеренно неровные,умеренный,монотонная,неоднородная,лобуляции слабые,с примесью красного или синего,умеренно вытянутая,без выраженного ободка,цвет однородный,грубая,овальная,красноватый,хаотичная,размер:крупный,периметр:большой,выпуклость:средняя,плотность:высокая,заполнение_bbox:среднее,вариация_радиуса:средняя,граница:сильно_изрезанная,форма:округлая,отношение_периметр_площадь:среднее,красный:норма,зеленый:норма,синий:норма,контраст:умеренный,центр:оттенок_как_периферия,насыщенность_центра:умеренно_выше,яркость_центра:равная,ободок:слегка_темнее,яркость_асимметрия:слабая,яркость_асимметрия:слабая,насыщенность_асимметрия:слабая,насыщенность_асимметрия:слабая,разнообразие_оттенка:низкое,разнообразие_насыщенности:низкое,разнообразие_яркости:низкое,вариабельность_оттенка:низкая,вариабельность_насыщенности:низкая,вариабельность_яркости:низкая,насыщенность:средняя,яркость:средняя,энергия_текстуры:низкая,энтропия_текстуры:высокая,энтропия_lbp:высокая,среднее_lbp:среднее,разброс_lbp:высокий,медиана_lbp:типичная,темные_пиксели:нет,белые_пиксели:нет,красные_пиксели:преобладают,синие_пиксели:нет,яркие_выбросы:много,темные_выбросы:умеренно
/kaggle/input/datasets/mihailodin1/all-image-skin/1011.jpg,success,9.224268897611136,155.71737933631826,143.75631099751362,2.541236439764483,42.707478915503046,35.831854600591335,0.20990820336799604,0.2977659401968945,0.49232585301036064,0.4754630860892086,2.2616235365336372,2.1732818990473235,63.67750498770713,26.45540517142757,"[[7, 199, 105], [10, 104, 181], [10, 159, 152]]",0.0008791678011089749,9.595282958897406e-06,0.9762001000308248,1.0794693328759582e-05,-2.7386868573462806,63.8778504148041,-58.14289876751337,-3.015052787021375,-9.658428711356038,-1.1990228918343178,0.6013027072924899,-48.76514422429926,0.0037097762739837096,0.015508376082317933,833743,3815.8745682239532,4.179054069975961,0.7195382466630225,1.20525783619818,0.6880289748694194,0.9503196634329881,0.7072283372126954,4125.435721076765,1.1139839618317393,0.9874338754133977,0.14952671531509162,0.9277247938684678,0.29832452590969183,5.190544301216423,0.22085267485742532,2.103047037395592,5.091621553189694,2.2087546571434094,5.0,139.23324313716796,1.0,0.4466434055337997,0.9889669880087287,0.4167338666986753,умеренная,фестончатые,выраженный,монотонная,неоднородная,лобуляции слабые,с примесью красного или синего,умеренно вытянутая,тёмный ободок по краю,цвет умеренно неоднородный,грубая,овальная,красноватый,средне упорядоченная,размер:крупный,периметр:большой,выпуклость:низкая,плотность:средняя,заполнение_bbox:среднее,вариация_радиуса:высокая,граница:сильно_изрезанная,форма:умеренно_вытянутая,отношение_периметр_площадь:среднее,красный:норма,зеленый:норма,синий:норма,контраст:выраженный,центр:оттенок_как_периферия,насыщенность_центра:выше,яркость_центра:значительно_темнее,ободок:слегка_темнее,яркость_асимметрия:слабая,яркость_асимметрия:слабая,насыщенность_асимметрия:слабая,насыщенность_асимметрия:слабая,разнообразие_оттенка:среднее,разнообразие_насыщенности:среднее,разнообразие_яркости:высокое,вариабельность_оттенка:низкая,вариабельность_насыщенности:средняя,вариабельность_яркости:высокая,насыщенность:средняя,яркость:средняя,энергия_текстуры:низкая,энтропия_текстуры:высокая,энтропия_lbp:высокая,среднее_lbp:среднее,разброс_lbp:средний,медиана_lbp:типичная,темные_пиксели:нет,белые_пиксели:нет,красные_пиксели:преобладают,синие_пиксели:нет,яркие_выбросы:единичные,темные_выбросы:умеренно
/kaggle/input/datasets/mihailodin1/all-image-skin/1012.jpg,success,5.556908840011021,167.18832489663944,90.09842938354713,3.0920279552858867,25.80884327722026,44.82064105696492,0.20233241390951198,0.26994490351344064,0.527722676719858,0.25374179965907656,1.8060603029211295,2.1131744069287626,80.65676108066235,45.61770932258529,"[[3, 173, 53], [8, 134, 155], [7, 186, 78]]",0.18905040814163043,0.0,0.9990044922082052,0.0,-3.0119907239901806,16.44648248826624,-59.29465593273461,-0.7097021620069484,0.8633355606367275,6.912278747507131,-7.923904595635747,-72.81936043531822,0.019370163256652178,0.0,603712,2950.7160643339157,3.7976288401912677,0.8713343400221197,1.3097112860892388,0.6361909017773826,0.9935045806941064,0.7938606872537727,1749.3828485443485,1.0477278729819153,0.9613106235590828,0.14473502306187494,0.9298300921249746,0.39418349513030937,4.808030100593549,0.23145408001917425,2.0665463704535227,5.202314890330656,2.158635562962022,5.0,95.16235021077759,1.0,0.4729510939333107,0.8727978917661505,0.4080038011197705,умеренная,умеренно неровные,выраженный,монотонная,неоднородная,лобуляции слабые,с примесью красного или синего,умеренно вытянутая,тёмный ободок по краю,цвет умеренно неоднородный,грубая,округлая,красноватый,средне упорядоченная,размер:средний,периметр:средний,выпуклость:высокая,плотность:высокая,заполнение_bbox:среднее,вариация_радиуса:средняя,граница:сильно_изрезанная,форма:умеренно_вытянутая,отношение_периметр_площадь:среднее,красный:повышен,зеленый:понижен,синий:норма,контраст:сильный,центр:оттенок_как_периферия,насыщенность_центра:равна,яркость_центра:значительно_темнее,ободок:темнее_центра,яркость_асимметрия:слабая,яркость_асимметрия:слабая,насыщенность_асимметрия:слабая,насыщенность_асимметрия:слабая,разнообразие_оттенка:низкое,разнообразие_насыщенности:низкое,разнообразие_яркости:высокое,вариабельность_оттенка:низкая,вариабельность_насыщенности:низкая,вариабельность_яркости:высокая,насыщенность:высокая,яркость:низкая,энергия_текстуры:низкая,энтропия_текстуры:высокая,энтропия_lbp:средняя,среднее_lbp:высокое,разброс_lbp:средний,медиана_lbp:типичная,темные_пиксели:много,белые_пиксели:нет,красные_пиксели:преобладают,синие_пиксели:нет,яркие_выбросы:много,темные_выбросы:нет
/kaggle/input/datasets/mihailodin1/all-image-skin/1013.jpg,success,8.77244127465418,154.54818467214133,132.5472446391515,3.191382930869942,34.726672981059316,50.91333099239963,0.21235437088193332,0.2988841315258199,0.48876149390477536,0.5235449148615756,2.0737018821946975,2.469851083252684,65.81642921015217,29.29315123029609,"[[10, 172, 134], [11, 117, 186], [6, 182, 72]]",0.05284404320604459,0.0,0.9815966371650023,1.418917720508682e-05,-1.8299774874921724,35.048042131688476,-51.68784210673823,-21.31224301090066,5.564194709447435,40.416778113479836,-15.849164049417766,-66.5224205503385,3.547294301271705e-06,0.006743406466717511,281905,2189.9738619327545,4.124654178195589,0.7386433291469602,1.0310077519379846,0.8502807533658272,0.9766867382221083,0.6572361135396632,4827.086629418573,1.0493579045618433,0.9273911227731796,0.16355001691573343,0.9198534021428143,0.27167082041844026,5.355800001758227,0.23406991907679667,2.0545660625039237,5.00090033762661,2.088899180867966,5.0,171.7082416091646,1.0,0.4406442526519059,1.0936656994789815,0.43204169199611625,умеренная,умеренно неровные,выраженный,монотонная,неоднородная,лобуляции слабые,с примесью красного или синего,умеренно вытянутая,тёмный ободок по краю,цвет умеренно неоднородный,грубая,овальная,красноватый,средне упорядоченная,размер:маленький,периметр:средний,выпуклость:высокая,плотность:высокая,заполнение_bbox:низкое,вариация_радиуса:высокая,граница:сильно_изрезанная,форма:сильно_вытянутая,отношение_периметр_площадь:среднее,красный:норма,зеленый:норма,синий:норма,контраст:выраженный,центр:оттенок_как_периферия,насыщенность_центра:умеренно_выше,яркость_центра:значительно_темнее,ободок:темнее_центра,яркость_асимметрия:сильная_лево_право,яркость_асимметрия:сильная_низ_верх,насыщенность_асимметрия:слабая,насыщенность_асимметрия:слабая,разнообразие_оттенка:среднее,разнообразие_насыщенности:среднее,разнообразие_яркости:высокое,вариабельность_оттенка:низкая,вариабельность_насыщенности:средняя,вариабельность_яркости:высокая,насыщенность:средняя,яркость:средняя,энергия_текстуры:низкая,энтропия_текстуры:высокая,энтропия_lbp:средняя,среднее_lbp:среднее,разброс_lbp:средний,медиана_lbp:типичная,темные_пиксели:много,белые_пиксели:нет,красные_пиксели:преобладают,синие_пиксели:нет,яркие_выбросы:нет,темные_выбросы:нет
/kaggle/input/datasets/mihailodin1/all-image-skin/1014.jpg,success,8.095611360026558,160.67810978091535,151.045276557522,1.8528223014952985,35.58752037841045,35.760835796279736,0.20378275511630428,0.2869922868163897,0.5092249546959662,0.13357733075167733,2.110599496651342,2.085656252914375,43.04880527284023,19.140458839432895,"[[8, 123, 185], [7, 201, 104], [9, 171, 152]]",0.0,0.0,0.9996982498491249,0.0,-0.48627775660924044,53.66474455880973,-52.57994875576364,21.62120143109641,-15.431411411166096,9.372692465396426,-11.269073296925058,-43.56907283369196,0.0,0.024392640103296795,142502,1492.5310872793198,3.953783692300741,0.8038667258223696,1.0141509433962264,0.7478775981254042,0.9921119504299092,0.7816037735849056,1241.8321982645139,1.031408350857992,0.8208730794655711,0.1682407524501388,0.9166289566342604,0.3089044868767644,5.085185161894151,0.2234313351151839,2.0657902495071574,4.998974728833454,2.1068780724822815,5.0,164.4253496757666,1.0,0.3810142707608153,0.8086386378179978,0.42461127166515794,умеренная,умеренно неровные,выраженный,монотонная,неоднородная,лобуляции слабые,с примесью красного или синего,умеренно вытянутая,тёмный ободок по краю,цвет однородный,грубая,овальная,красноватый,средне упорядоченная,размер:маленький,периметр:средний,выпуклость:высокая,плотность:высокая,заполнение_bbox:среднее,вариация_радиуса:средняя,граница:сильно_изрезанная,форма:умеренно_вытянутая,отношение_периметр_площадь:среднее,красный:норма,зеленый:норма,синий:норма,контраст:умеренный,центр:оттенок_как_периферия,насыщенность_центра:умеренно_выше,яркость_центра:значительно_темнее,ободок:слегка_темнее,яркость_асимметрия:сильная_право_лево,яркость_асимметрия:слабая,насыщенность_асимметрия:слабая,насыщенность_асимметрия:слабая,разнообразие_оттенка:низкое,разнообразие_насыщенности:среднее,разнообразие_яркости:среднее,вариабельность_оттенка:низкая,вариабельность_насыщенности:средняя,вариабельность_яркости:высокая,насыщенность:высокая,яркость:средняя,энергия_текстуры:низкая,энтропия_текстуры:высокая,энтропия_lbp:средняя,среднее_lbp:среднее,разброс_lbp:средний,медиана_lbp:типичная,темные_пиксели:нет,белые_пиксели:нет,красные_пиксели:преобладают,синие_пиксели:нет,яркие_выбросы:нет,темные_выбросы:умеренно
/kaggle/input/datasets/mihailodin1/all-image-skin/1015.jpg,success,8.40418985432161,179.79421568816355,131.49156053103144,2.145836079486818,37.340164315729645,40.92449574499242,0.18021128700316572,0.28321679140832484,0.5365719175078528,0.2502553010106772,2.0641030168651526,2.262487811794543,64.47858304319668,30.195387379553367,"[[10, 133, 176], [7, 215, 85], [9, 190, 136]]",0.003651322761517563,0.0,0.9991425653673481,0.0,-2.6308595059738593,52.028938760276986,-68.57991753752948,-3.632877893287457,-2.5996617245158973,11.4118562806472,-9.015683403313147,-58.96453976664698,0.0,0.003651322761517563,103798,1208.2295715808868,3.750204651721268,0.8935110497869879,1.0339943342776203,0.554574452621192,0.9947387083481077,0.8056036322713338,171.05968512877595,1.038006768371617,0.9771812975146239,0.18629902333284146,0.9082269343528067,0.2910515801142281,5.2274261353799,0.24024792503867748,2.0082606858684167,4.92283965632997,1.9937876488103032,5.0,149.89979510554403,1.0,0.29428439344940616,0.9167382951761173,0.1442110664706308,умеренная,ровные,выраженный,монотонная,неоднородная,лобуляции отсутствуют,с примесью красного или синего,умеренно вытянутая,тёмный ободок по краю,цвет умеренно неоднородный,грубая,округлая,красноватый,средне упорядоченная,размер:маленький,периметр:средний,выпуклость:высокая,плотность:высокая,заполнение_bbox:высокое,вариация_радиуса:низкая,граница:сильно_изрезанная,форма:умеренно_вытянутая,отношение_периметр_площадь:среднее,красный:повышен,зеленый:норма,синий:понижен,контраст:выраженный,центр:оттенок_как_периферия,насыщенность_центра:умеренно_выше,яркость_центра:значительно_темнее,ободок:темнее_центра,яркость_асимметрия:слабая,яркость_асимметрия:слабая,насыщенность_асимметрия:слабая,насыщенность_асимметрия:слабая,разнообразие_оттенка:низкое,разнообразие_насыщенности:среднее,разнообразие_яркости:высокое,вариабельность_оттенка:низкая,вариабельность_насыщенности:средняя,вариабельность_яркости:высокая,насыщенность:высокая,яркость:средняя,энергия_текстуры:низкая,энтропия_текстуры:высокая,энтропия_lbp:средняя,среднее_lbp:среднее,разброс_lbp:низкий,медиана_lbp:типичная,темные_пиксели:единичные,белые_пиксели:нет,красные_пиксели:преобладают,синие_пиксели:нет,яркие_выбросы:нет,темные_выбросы:нет
/kaggle/input/datasets/mihailodin1/all-image-skin/1016.jpg,success,9.886447485457017,145.7493898350543,157.5418264717715,1.841972465627995,32.424812109780085,25.573344010381888,0.21521793964167182,0.30347361233237313,0.48130844497083974,0.4737944108543689,2.092204949440946,1.7821523136930066,35.55309334826415,14.857191035660037,"[[10, 113, 180], [9, 191, 118], [11, 153, 157]]",0.0,0.0,0.9960573957355505,0.0,-0.3780013763526142,49.480136097625035,-40.704210809808416,6.758807766843518,-11.87167837336628,8.915025916560069,-9.435830276876459,-31.01832124757385,2.682043717312592e-05,0.045782486254525946,37285,719.5533845424652,3.7264555616399,0.9049362193251915,0.9863013698630136,0.42313845001603073,0.9893856972270134,0.7881997294097751,21.99292841010889,1.0311107262741868,0.8355002973102501,0.22374983565047568,0.8914996556675753,0.3315027264276937,5.014278188608831,0.25234664920323074,2.009188754287568,4.814287273521066,1.9987037328342343,5.0,127.54369061743239,1.0,0.21156922500801537,0.7598292461028118,0.025245291968823587,умеренная,ровные,умеренный,монотонная,неоднородная,лобуляции отсутствуют,с примесью красного или синего,умеренно вытянутая,тёмный ободок по краю,цвет однородный,грубая,округлая,красноватый,средне упорядоченная,размер:очень_маленький,периметр:маленький,выпуклость:высокая,плотность:высокая,заполнение_bbox:среднее,вариация_радиуса:низкая,граница:сильно_изрезанная,форма:округлая,отношение_периметр_площадь:среднее,красный:норма,зеленый:норма,синий:норма,контраст:умеренный,центр:оттенок_как_периферия,насыщенность_центра:умеренно_выше,яркость_центра:темнее,ободок:слегка_темнее,яркость_асимметрия:слабая,яркость_асимметрия:слабая,насыщенность_асимметрия:слабая,насыщенность_асимметрия:слабая,разнообразие_оттенка:среднее,разнообразие_насыщенности:среднее,разнообразие_яркости:среднее,вариабельность_оттенка:низкая,вариабельность_насыщенности:средняя,вариабельность_яркости:средняя,насыщенность:средняя,яркость:средняя,энергия_текстуры:низкая,энтропия_текстуры:высокая,энтропия_lbp:средняя,среднее_lbp:низкое,разброс_lbp:низкий,медиана_lbp:типичная,темные_пиксели:нет,белые_пиксели:нет,красные_пиксели:преобладают,синие_пиксели:нет,яркие_выбросы:нет,темные_выбросы:много
/kaggle/input/datasets/mihailodin1/all-image-skin/1017.jpg,success,7.774767977730771,175.3371591568362,127.60618835815123,2.0404201384870126,35.9460840589223,36.95158686965687,0.18694280473697164,0.27895053704162276,0.5341066540358198,0.14223457742301684,2.0974710494122952,2.1385248986593277,51.94960604549726,26.030138923833757,"[[9, 180, 134], [6, 213, 84], [9, 132, 167]]",0.002789595822858248,0.0,0.9996277315799652,0.0,-1.2529212270526529,50.44899974137908,-48.7908830081052,18.516401802799763,-13.57274197015957,15.839911273943429,-10.645467822048317,-43.62367875696904,4.8346548056468764e-06,0.00914716689228389,206840,1883.5647007226944,4.1415535232568965,0.7326276535202484,1.644859813084112,0.7903664902282178,0.9730853731399457,0.686464528462192,2361.3619933800474,1.0697740779386187,0.8827262034932932,0.21523562212826478,0.896267148324246,0.2989759396052001,5.156420879337397,0.26808169960165584,1.9786669051987453,4.816922791533234,1.9563814588506294,5.0,159.06732684548803,1.0,0.717613151656165,0.8325493582577796,0.4271842908626816,умеренная,умеренно неровные,выраженный,монотонная,неоднородная,лобуляции слабые,с примесью красного или синего,вытянутая,тёмный ободок по краю,цвет однородный,грубая,овальная,красноватый,упорядоченная,размер:маленький,периметр:средний,выпуклость:средняя,плотность:высокая,заполнение_bbox:низкое,вариация_радиуса:средняя,граница:сильно_изрезанная,форма:умеренно_вытянутая,отношение_периметр_площадь:среднее,красный:повышен,зеленый:понижен,синий:понижен,контраст:выраженный,центр:оттенок_как_периферия,насыщенность_центра:умеренно_выше,яркость_центра:темнее,ободок:слегка_темнее,яркость_асимметрия:сильная_право_лево,яркость_асимметрия:сильная_низ_верх,насыщенность_асимметрия:слабая,насыщенность_асимметрия:слабая,разнообразие_оттенка:низкое,разнообразие_насыщенности:среднее,разнообразие_яркости:высокое,вариабельность_оттенка:низкая,вариабельность_насыщенности:средняя,вариабельность_яркости:высокая,насыщенность:высокая,яркость:средняя,энергия_текстуры:низкая,энтропия_текстуры:высокая,энтропия_lbp:низкая,среднее_lbp:низкое,разброс_lbp:низкий,медиана_lbp:типичная,темные_пиксели:единичные,белые_пиксели:нет,красные_пиксели:преобладают,синие_пиксели:нет,яркие_выбросы:нет,темные_выбросы:нет
/kaggle/input/datasets/mihailodin1/all-image-skin/1018.jpg,success,8.625598229224888,157.05424104212216,166.05038217614924,1.7699593225538413,33.05869548906053,24.97106714553778,0.20323257420906563,0.2909271949962946,0.505840227748334,0.17612015084832186,2.101093160149254,1.8351283051484422,34.68198136171787,14.362892216766262,"[[8, 119, 190], [10, 159, 169], [8, 196, 135]]",0.0,0.0,0.9995604546155119,0.0,-0.5322102410875544,37.65216302535461,-27.31349450147829,11.313651412329563,-8.19179576509984,23.263432941732447,-26.82170184008018,-23.679225221291375,0.0014670540754990553,0.03960475165685776,175181,1657.3565499782562,3.959792679526899,0.8014288407149227,0.9822834645669292,0.7257443962543516,0.9621681889832976,0.6910711186151831,1221.0486789266834,1.0497385939479023,0.9549067176443685,0.18486089933383879,0.9091660416173221,0.33131286313182806,4.999445679856964,0.2117420707611839,2.089569576310441,4.978628786045922,2.159365037388183,5.0,135.08844972716247,1.0,0.3628721981271758,0.6833263081431916,0.41956287278014676,умеренная,умеренно неровные,умеренный,монотонная,неоднородная,лобуляции слабые,с примесью красного или синего,умеренно вытянутая,тёмный ободок по краю,цвет однородный,грубая,овальная,красноватый,средне упорядоченная,размер:маленький,периметр:средний,выпуклость:высокая,плотность:средняя,заполнение_bbox:низкое,вариация_радиуса:средняя,граница:сильно_изрезанная,форма:умеренно_вытянутая,отношение_периметр_площадь:среднее,красный:норма,зеленый:норма,синий:норма,контраст:умеренный,центр:оттенок_как_периферия,насыщенность_центра:умеренно_выше,яркость_центра:темнее,ободок:слегка_темнее,яркость_асимметрия:слабая,яркость_асимметрия:сильная_низ_верх,насыщенность_асимметрия:слабая,насыщенность_асимметрия:сильная_верх_низ,разнообразие_оттенка:низкое,разнообразие_насыщенности:среднее,разнообразие_яркости:среднее,вариабельность_оттенка:низкая,вариабельность_насыщенности:средняя,вариабельность_яркости:средняя,насыщенность:средняя,яркость:средняя,энергия_текстуры:низкая,энтропия_текстуры:высокая,энтропия_lbp:средняя,среднее_lbp:среднее,разброс_lbp:средний,медиана_lbp:типичная,темные_пиксели:нет,белые_пиксели:нет,красные_пиксели:преобладают,синие_пиксели:нет,яркие_выбросы:единичные,темные_выбросы:умеренно
/kaggle/input/datasets/mihailodin1/all-image-skin/1019.jpg,success,9.652164797819957,175.79924455106936,151.12102496044102,1.9239758531689417,32.66018578689755,32.48074131390174,0.17807046172563765,0.2922924806679856,0.5296370541016557,0.4403310410205494,2.0453820855414557,2.0843356197047544,51.55180766464133,22.456870940882315,"[[10, 137, 187], [8, 211, 113], [10, 182, 151]]",0.0,0.0,0.9965800622734929,0.0,-0.7884449795945159,41.97963863833431,-43.4331936984111,-4.79618970954337,1.398550188228512,11.054702481791395,-8.921113198382102,-42.7600898046077,0.00040835077331427696,0.014615554761540164,58773,960.180801153183,3.960628318173449,0.8010906952447308,0.9166666666666666,0.3874102379836392,0.9788974017321785,0.8416824196597353,132.20608482254096,1.0786371452549062,0.9284749600091458,0.2559014565166257,0.8782330197178396,0.2900716293709797,5.240358573955988,0.28297300093100236,1.9446217879088554,4.701493051963725,1.8860400789582692,4.0,112.3718328942853,1.0,0.1937051189918196,0.8256245597020949,0.1167208481445696,умеренная,умеренно неровные,выраженный,монотонная,неоднородная,лобуляции отсутствуют,с примесью красного или синего,округлая,тёмный ободок по краю,цвет однородный,грубая,овальная,красноватый,упорядоченная,размер:очень_маленький,периметр:маленький,выпуклость:средняя,плотность:высокая,заполнение_bbox:высокое,вариация_радиуса:низкая,граница:сильно_изрезанная,форма:округлая,отношение_периметр_площадь:среднее,красный:повышен,зеленый:норма,синий:понижен,контраст:выраженный,центр:оттенок_как_периферия,насыщенность_центра:умеренно_выше,яркость_центра:темнее,ободок:слегка_темнее,яркость_асимметрия:слабая,яркость_асимметрия:слабая,насыщенность_асимметрия:слабая,насыщенность_асимметрия:слабая,разнообразие_оттенка:среднее,разнообразие_насыщенности:среднее,разнообразие_яркости:среднее,вариабельность_оттенка:низкая,вариабельность_насыщенности:средняя,вариабельность_яркости:средняя,насыщенность:высокая,яркость:средняя,энергия_текстуры:низкая,энтропия_текстуры:высокая,энтропия_lbp:низкая,среднее_lbp:низкое,разброс_lbp:низкий,медиана_lbp:ниже_нормы,темные_пиксели:нет,белые_пиксели:нет,красные_пиксели:преобладают,синие_пиксели:нет,яркие_выбросы:нет,темные_выбросы:умеренно
/kaggle/input/datasets/mihailodin1/all-image-skin/102.jpg,success,174.95440232334713,117.17222740456172,160.94943842713502,10.301224116329053,43.15986051616666,23.8412829196093,0.28669246339206905,0.26542630872577233,0.44788122509765393,1.2560494829565219,2.270885233910219,1.692290320716215,28.78095419376947,11.432646532638078,"[[4, 155, 140], [159, 70, 179], [172, 94, 178]]",0.0,1.2130313532213867e-05,0.7969907118189283,0.0003699745627325229,5.678288876603119,21.888430430959104,1.1447411193908295,7.177389869284383,-5.848140018433554,30.952542398354836,-62.41889493650267,-11.666404216353385,1.576940759187803e-05,0.04131584789072043,824381,6871.931690454483,7.568587687548805,0.21937148250652894,0.7098853868194842,0.7871191233799758,0.6795454095830971,0.5958938469144941,26472.07022303797,1.6075461954492967,1.0844433151762185,0.14384244668219442,0.9292479555460481,0.34716036075391404,4.895461924755002,0.2069303006131667,2.1299071690616653,5.104262805298778,2.281982581581547,5.0,135.1084276495285,2.0,0.3935595616899879,1.3273979423078586,0.5228802179313714,умеренная,фестончатые,умеренный,умеренно разнообразная,неоднородная,лобуляции выраженные,с примесью красного или синего,умеренно вытянутая,без выраженного ободка,цвет неоднородный,грубая,неправильная,красноватый,хаотичная,размер:крупный,периметр:большой,выпуклость:низкая,плотность:низкая,заполнение_bbox:низкое,вариация_радиуса:высокая,граница:сильно_изрезанная,форма:умеренно_вытянутая,отношение_периметр_площадь:высокое,красный:понижен,зеленый:понижен,синий:повышен,контраст:умеренный,центр:синее_периферии,насыщенность_центра:умеренно_выше,яркость_центра:равная,ободок:слегка_темнее,яркость_асимметрия:слабая,яркость_асимметрия:сильная_низ_верх,насыщенность_асимметрия:слабая,насыщенность_асимметрия:сильная_верх_низ,разнообразие_оттенка:высокое,разнообразие_насыщенности:среднее,разнообразие_яркости:среднее,вариабельность_оттенка:средняя,вариабельность_насыщенности:средняя,вариабельность_яркости:средняя,насыщенность:средняя,яркость:средняя,энергия_текстуры:низкая,энтропия_текстуры:высокая,энтропия_lbp:высокая,среднее_lbp:высокое,разброс_lbp:высокий,медиана_lbp:типичная,темные_пиксели:нет,белые_пиксели:нет,красные_пиксели:умеренно,синие_пиксели:единичные,яркие_выбросы:нет,темные_выбросы:много
/kaggle/input/datasets/mihailodin1/all-image-skin/1020.jpg,success,7.537205643828978,187.62056790677946,104.74143523716845,2.9483314058044883,30.162645443911416,44.64071796233545,0.17006672482027066,0.27513567972676706,0.5547975901559045,0.24979658928506157,1.9115357504556525,2.2827353092239,68.56178922794732,37.536915490373175,"[[10, 152, 159], [5, 210, 60], [8, 196, 108]]",0.10427427202634927,0.0,0.995945305287322,3.742795119395164e-05,-3.6174265862320425,32.251910323342486,-70.32790075983011,9.422636635051688,-7.157297486303833,8.625705225948181,-4.558355831901082,-64.55313302613217,0.0032312797864111585,0.0,80154,1078.0458060503006,3.807804249940081,0.8666837135607277,1.157190635451505,0.6125364400795661,0.9852617604759505,0.7747791288882016,211.128637298807,1.038013482364634,0.9608983373684855,0.18698719219600668,0.917009873499571,0.3416284074608793,5.02467196773316,0.23955428239718335,2.0191810832180788,5.077319132289287,2.0200878606660435,5.0,135.96123284860943,1.0,0.3848635377655355,0.9087604949105503,0.18058418387516148,умеренная,умеренно неровные,выраженный,монотонная,неоднородная,лобуляции отсутствуют,с примесью красного или синего,умеренно вытянутая,тёмный ободок по краю,цвет умеренно неоднородный,грубая,округлая,красноватый,средне упорядоченная,размер:очень_маленький,периметр:средний,выпуклость:высокая,плотность:высокая,заполнение_bbox:среднее,вариация_радиуса:низкая,граница:сильно_изрезанная,форма:умеренно_вытянутая,отношение_периметр_площадь:среднее,красный:повышен,зеленый:понижен,синий:понижен,контраст:выраженный,центр:оттенок_как_периферия,насыщенность_центра:умеренно_выше,яркость_центра:значительно_темнее,ободок:темнее_центра,яркость_асимметрия:слабая,яркость_асимметрия:слабая,насыщенность_асимметрия:слабая,насыщенность_асимметрия:слабая,разнообразие_оттенка:низкое,разнообразие_насыщенности:низкое,разнообразие_яркости:высокое,вариабельность_оттенка:низкая,вариабельность_насыщенности:средняя,вариабельность_яркости:высокая,насыщенность:высокая,яркость:средняя,энергия_текстуры:низкая,энтропия_текстуры:высокая,энтропия_lbp:средняя,среднее_lbp:среднее,разброс_lbp:низкий,медиана_lbp:типичная,темные_пиксели:много,белые_пиксели:нет,красные_пиксели:преобладают,синие_пиксели:нет,яркие_выбросы:единичные,темные_выбросы:нет
/kaggle/input/datasets/mihailodin1/all-image-skin/1021.jpg,success,12.224462268369766,83.70971273187142,160.9107404389749,2.9573856193890187,11.773362936927851,13.131641940532601,0.27095840835312185,0.325495904090015,0.403545685048978,0.6719055070829629,1.1818107077007312,1.2791254844521256,1.4515634719993924,0.5225122181510335,"[[15, 87, 161], [8, 75, 159], [12, 85, 162]]",0.0,0.0,0.7791229499592616,0.0,-0.6952954067386514,7.681743288899128,7.106449735580725,-7.988691111634438,2.947215247900985,17.719095638762923,4.446476395019218,9.866874278050034,0.011676672148437695,0.02980650514603338,200057,3635.6092952489853,8.128311321959458,0.19019942765521772,7.9423076923076925,0.993937283412405,0.8179714363983531,0.5822109564164649,55736.41196269097,1.0490447772685343,1.0415764194006245,0.12960805046830998,0.9351970009568621,0.5321459240686864,4.06362675161766,0.18834495301606546,2.1714100828171277,5.181625745175306,2.4036861793584983,5.0,48.58496682453607,1.0,3.9681224878600485,0.5156059461916459,0.732409915966399,слабая,фестончатые,низкий,монотонная,неоднородная,лобуляции выраженные,с примесью красного или синего,вытянутая,без выраженного ободка,цвет однородный,средняя,неправильная,красноватый,хаотичная,размер:маленький,периметр:большой,выпуклость:высокая,плотность:низкая,заполнение_bbox:низкое,вариация_радиуса:высокая,граница:сильно_изрезанная,форма:сильно_вытянутая,отношение_периметр_площадь:высокое,красный:понижен,зеленый:повышен,синий:повышен,контраст:очень_слабый,центр:оттенок_как_периферия,насыщенность_центра:равна,яркость_центра:равная,ободок:одинаковый,яркость_асимметрия:слабая,яркость_асимметрия:сильная_низ_верх,насыщенность_асимметрия:слабая,насыщенность_асимметрия:слабая,разнообразие_оттенка:среднее,разнообразие_насыщенности:низкое,разнообразие_яркости:низкое,вариабельность_оттенка:низкая,вариабельность_насыщенности:низкая,вариабельность_яркости:низкая,насыщенность:средняя,яркость:средняя,энергия_текстуры:низкая,энтропия_текстуры:высокая,энтропия_lbp:высокая,среднее_lbp:высокое,разброс_lbp:высокий,медиана_lbp:типичная,темные_пиксели:нет,белые_пиксели:нет,красные_пиксели:умеренно,синие_пиксели:нет,яркие_выбросы:много,темные_выбросы:умеренно
/kaggle/input/datasets/mihailodin1/all-image-skin/1022.jpg,success,7.698455074756249,139.47068936002827,152.8018130893542,3.8464455761721927,52.19177077124982,39.42699790926995,0.23487708955556263,0.2986747616731404,0.4664481457186614,0.47341676067904326,2.4050462250296265,2.152368258676851,62.385428490552144,24.217523681661305,"[[10, 125, 173], [9, 190, 112], [2, 65, 198]]",0.0,0.0008850556710943731,0.95031304746885,0.0,2.051376161967582,55.610888687664385,-42.51226032029561,35.910901801479326,-40.06248895510224,24.82892605497105,-26.928556410544417,-50.01039686469136,0.0,0.003554791502008676,274559,2157.6723462343216,4.117822793916137,0.7410961505767072,1.4423076923076923,0.7979511340324834,0.9644003737346063,0.7039974358974359,3484.77509158122,1.070598893842075,0.9548994740882052,0.26438248490492916,0.88041646125517,0.27254547135650364,5.424282854361383,0.14533546865702343,2.2595545565565915,5.052750086318991,2.720774120421079,5.0,227.9053983920246,1.0,0.6201294131700879,1.1627567295140318,0.4251570413910878,выраженная,умеренно неровные,выраженный,монотонная,неоднородная,лобуляции слабые,с примесью красного или синего,вытянутая,тёмный ободок по краю,цвет умеренно неоднородный,грубая,овальная,красноватый,хаотичная,размер:маленький,периметр:средний,выпуклость:средняя,плотность:средняя,заполнение_bbox:среднее,вариация_радиуса:высокая,граница:сильно_изрезанная,форма:умеренно_вытянутая,отношение_периметр_площадь:среднее,красный:норма,зеленый:норма,синий:норма,контраст:выраженный,центр:оттенок_как_периферия,насыщенность_центра:умеренно_выше,яркость_центра:темнее,ободок:темнее_центра,яркость_асимметрия:сильная_право_лево,яркость_асимметрия:сильная_низ_верх,насыщенность_асимметрия:сильная_лево_право,насыщенность_асимметрия:сильная_верх_низ,разнообразие_оттенка:среднее,разнообразие_насыщенности:высокое,разнообразие_яркости:высокое,вариабельность_оттенка:низкая,вариабельность_насыщенности:высокая,вариабельность_яркости:высокая,насыщенность:средняя,яркость:средняя,энергия_текстуры:низкая,энтропия_текстуры:высокая,энтропия_lbp:высокая,среднее_lbp:среднее,разброс_lbp:высокий,медиана_lbp:типичная,темные_пиксели:нет,белые_пиксели:единичные,красные_пиксели:много,синие_пиксели:нет,яркие_выбросы:нет,темные_выбросы:нет
/kaggle/input/datasets/mihailodin1/all-image-skin/1023.jpg,success,10.400698281805566,149.92370158528405,123.16395244147866,3.039895878595633,54.29532433632343,38.9653851608751,0.22249715566875877,0.30932917782848934,0.46817366270152877,0.7018353192838828,2.3439920722626573,2.1460252166774314,70.55109388992352,30.97164863905096,"[[12, 155, 132], [9, 200, 83], [11, 78, 169]]",0.0003663100660240794,0.0,0.9047373159622921,0.0,-1.925033706402175,70.23562400023962,-54.302845691045945,13.462946103430596,-15.082371930838377,-17.187955076932212,10.616314234939097,-60.45856166640594,8.82674857889348e-06,3.972036860502066e-05,226584,1809.4570552110672,3.801313259840601,0.8696460784534651,1.0551330798479088,0.4160053536317696,0.9908386865431457,0.7761586681738774,258.3880996645228,1.0489759213214527,0.9721425226839807,0.20368155616884143,0.9007122035123407,0.2979902606054258,5.253287512284285,0.15013518080432578,2.254113223718594,5.1653207876060545,2.7198838577079107,5.0,182.813090743828,1.0,0.23556921673983922,1.2093957874128105,0.21461619782322755,выраженная,умеренно неровные,выраженный,монотонная,неоднородная,лобуляции слабые,с примесью красного или синего,умеренно вытянутая,тёмный ободок по краю,цвет умеренно неоднородный,грубая,округлая,красноватый,хаотичная,размер:маленький,периметр:средний,выпуклость:высокая,плотность:высокая,заполнение_bbox:среднее,вариация_радиуса:низкая,граница:сильно_изрезанная,форма:округлая,отношение_периметр_площадь:среднее,красный:норма,зеленый:норма,синий:норма,контраст:выраженный,центр:оттенок_как_периферия,насыщенность_центра:выше,яркость_центра:значительно_темнее,ободок:темнее_центра,яркость_асимметрия:слабая,яркость_асимметрия:сильная_верх_низ,насыщенность_асимметрия:слабая,насыщенность_асимметрия:слабая,разнообразие_оттенка:высокое,разнообразие_насыщенности:высокое,разнообразие_яркости:высокое,вариабельность_оттенка:низкая,вариабельность_насыщенности:высокая,вариабельность_яркости:высокая,насыщенность:средняя,яркость:средняя,энергия_текстуры:низкая,энтропия_текстуры:высокая,энтропия_lbp:высокая,среднее_lbp:высокое,разброс_lbp:высокий,медиана_lbp:типичная,темные_пиксели:нет,белые_пиксели:нет,красные_пиксели:много,синие_пиксели:нет,яркие_выбросы:нет,темные_выбросы:нет
/kaggle/input/datasets/mihailodin1/all-image-skin/1024.jpg,success,7.668926689477754,129.31772519416418,154.3161936560935,3.224606267577441,50.40459437708668,44.752269480578384,0.246222511655352,0.30205569561569506,0.4517217898017048,0.3789884079981942,2.3906644051238186,2.258418357966216,60.14062080589633,23.268299397053447,"[[10, 142, 160], [7, 191, 91], [6, 75, 194]]",0.013914495173114612,0.00042099150758510563,0.9607606881033607,0.0,0.575589758315715,76.22801010842304,-65.7181063980294,-3.924324059509729,-9.478992127149368,12.191603873440926,-3.607667429997889,-48.49862725502132,0.0,0.039863540683748276,137770,1510.1534515619278,4.068588342426194,0.7591408525015896,1.658682634730539,0.8229275747071563,0.9714700738985728,0.7445578157763895,1913.410677245167,1.0466112728143737,0.875616332805481,0.28697998601386104,0.8685578964382353,0.24679048143666363,5.565681267708038,0.14297960888328778,2.2519018663101784,5.008367465068398,2.672108148861054,5.0,171.72429375486607,1.0,0.7408051047188476,1.153802616162114,0.42866074383765246,умеренная,умеренно неровные,выраженный,монотонная,неоднородная,лобуляции слабые,с примесью красного или синего,вытянутая,тёмный ободок по краю,цвет умеренно неоднородный,грубая,овальная,красноватый,хаотичная,размер:маленький,периметр:средний,выпуклость:высокая,плотность:высокая,заполнение_bbox:среднее,вариация_радиуса:средняя,граница:сильно_изрезанная,форма:сильно_вытянутая,отношение_периметр_площадь:среднее,красный:норма,зеленый:норма,синий:норма,контраст:выраженный,центр:оттенок_как_периферия,насыщенность_центра:выше,яркость_центра:значительно_темнее,ободок:слегка_темнее,яркость_асимметрия:слабая,яркость_асимметрия:слабая,насыщенность_асимметрия:слабая,насыщенность_асимметрия:слабая,разнообразие_оттенка:низкое,разнообразие_насыщенности:высокое,разнообразие_яркости:высокое,вариабельность_оттенка:низкая,вариабельность_насыщенности:высокая,вариабельность_яркости:высокая,насыщенность:средняя,яркость:средняя,энергия_текстуры:низкая,энтропия_текстуры:высокая,энтропия_lbp:высокая,среднее_lbp:среднее,разброс_lbp:высокий,медиана_lbp:типичная,темные_пиксели:единичные,белые_пиксели:единичные,красные_пиксели:много,синие_пиксели:нет,яркие_выбросы:нет,темные_выбросы:умеренно
/kaggle/input/datasets/mihailodin1/all-image-skin/1025.jpg,success,5.306156273680885,151.6993154383459,102.42196635835263,3.571500859745982,50.939952638476875,46.75702187549141,0.2350016636199782,0.2846227205514591,0.48037561113839244,0.30575871575627295,2.2949220897117413,2.243121126692234,78.58925815011895,39.566694350300594,"[[8, 152, 120], [4, 195, 56], [4, 77, 161]]",0.19717582028369535,0.0,0.9813443885105123,0.0,-2.00134204813736,65.33654007277039,-76.3551246348208,8.116919140759592,-5.214965401878146,-0.9605007952364417,-6.530285581298955,-69.71441571310059,5.806290535165799e-06,0.0,172227,1587.1139093637466,3.824348660463911,0.8592012598734836,1.267605633802817,0.6454433092491139,0.9923539647602475,0.7486828377673448,601.7631439898429,1.0449870050266854,0.953410251463621,0.21591381420634517,0.8982469295165805,0.3207139099136813,5.215190854228956,0.15272373540856032,2.2306450590588995,5.0959812010688665,2.558317200126568,5.0,164.51567767490167,1.0,0.4565244715259654,1.1724594527369505,0.41083004802678774,умеренная,умеренно неровные,выраженный,монотонная,неоднородная,лобуляции слабые,с примесью красного или синего,умеренно вытянутая,тёмный ободок по краю,цвет умеренно неоднородный,грубая,округлая,красноватый,хаотичная,размер:маленький,периметр:средний,выпуклость:высокая,плотность:высокая,заполнение_bbox:среднее,вариация_радиуса:средняя,граница:сильно_изрезанная,форма:умеренно_вытянутая,отношение_периметр_площадь:среднее,красный:норма,зеленый:норма,синий:норма,контраст:выраженный,центр:оттенок_как_периферия,насыщенность_центра:выше,яркость_центра:значительно_темнее,ободок:темнее_центра,яркость_асимметрия:слабая,яркость_асимметрия:слабая,насыщенность_асимметрия:слабая,насыщенность_асимметрия:слабая,разнообразие_оттенка:низкое,разнообразие_насыщенности:среднее,разнообразие_яркости:высокое,вариабельность_оттенка:низкая,вариабельность_насыщенности:высокая,вариабельность_яркости:высокая,насыщенность:средняя,яркость:средняя,энергия_текстуры:низкая,энтропия_текстуры:высокая,энтропия_lbp:высокая,среднее_lbp:среднее,разброс_lbp:высокий,медиана_lbp:типичная,темные_пиксели:много,белые_пиксели:нет,красные_пиксели:преобладают,синие_пиксели:нет,яркие_выбросы:нет,темные_выбросы:нет
/kaggle/input/datasets/mihailodin1/all-image-skin/1026.jpg,success,7.908167508300948,164.32097622367542,135.9808891242096,2.333489686619394,45.049193635881515,37.24730462565255,0.203970110563115,0.28621674496054883,0.509813140727183,0.210836196740944,2.212686646183363,2.1135492499802773,68.37759178836635,29.842725507308142,"[[7, 202, 101], [10, 162, 150], [7, 101, 182]]",0.0,0.0,0.9988468052902807,0.0,-1.4473779255960437,57.64851838043421,-54.23083624773727,-0.8681926060911564,-0.11814569041408163,-6.189705181680495,7.905683719964401,-55.19519998870339,5.544205335188794e-05,0.0017686015019252252,360737,2303.2703253030777,3.8348604767022563,0.8544973666135551,0.9277777777777778,0.42584052917984205,0.9778800044456853,0.7500353459747172,424.53400227503727,1.0524294711973712,0.9199932328265681,0.25724945601430155,0.8770096924424644,0.2958471827306608,5.286705493986555,0.15189979356134575,2.2381857691647356,4.97185738994588,2.586529692765737,5.0,128.40845975191766,1.0,0.21292026458992103,0.9534570213545565,0.3490128962134877,умеренная,умеренно неровные,выраженный,монотонная,неоднородная,лобуляции слабые,с примесью красного или синего,умеренно вытянутая,тёмный ободок по краю,цвет умеренно неоднородный,грубая,округлая,красноватый,хаотичная,размер:маленький,периметр:средний,выпуклость:средняя,плотность:высокая,заполнение_bbox:среднее,вариация_радиуса:низкая,граница:сильно_изрезанная,форма:округлая,отношение_периметр_площадь:среднее,красный:норма,зеленый:норма,синий:норма,контраст:выраженный,центр:оттенок_как_периферия,насыщенность_центра:умеренно_выше,яркость_центра:значительно_темнее,ободок:темнее_центра,яркость_асимметрия:слабая,яркость_асимметрия:слабая,насыщенность_асимметрия:слабая,насыщенность_асимметрия:слабая,разнообразие_оттенка:низкое,разнообразие_насыщенности:среднее,разнообразие_яркости:высокое,вариабельность_оттенка:низкая,вариабельность_насыщенности:высокая,вариабельность_яркости:высокая,насыщенность:высокая,яркость:средняя,энергия_текстуры:низкая,энтропия_текстуры:высокая,энтропия_lbp:высокая,среднее_lbp:среднее,разброс_lbp:высокий,медиана_lbp:типичная,темные_пиксели:нет,белые_пиксели:нет,красные_пиксели:преобладают,синие_пиксели:нет,яркие_выбросы:нет,темные_выбросы:нет
/kaggle/input/datasets/mihailodin1/all-image-skin/1027.jpg,success,7.668408119620157,155.5974230857027,132.81475976699554,2.683077739568929,36.48943386375878,28.95653402303215,0.21070242705436984,0.28656915980525444,0.5027284093551905,0.2098553493774078,2.1021131687223478,1.9615309787125512,51.17168676671411,23.85394217621466,"[[9, 143, 148], [8, 185, 109], [4, 100, 171]]",0.0,0.0,0.9992374092204158,0.0,0.13165558058761917,46.150910531958544,-44.5134203345863,-0.3250327044634389,-2.9820158992464485,-0.46585236736723346,-1.596845870856498,-46.987263729610845,0.00402938764467666,0.006751718365587034,591405,2976.6084188222885,3.87060817720197,0.838786524006849,1.0463182897862233,0.2232692999600826,0.9765539857728813,0.7972545234442614,299.57069733545245,1.0636367995535718,0.9561026170694337,0.202811598600519,0.9010153202782317,0.3244612314584994,5.0609631163103375,0.1600548520625599,2.2580256165537556,5.182408596888318,2.7888482221839146,5.0,96.16573328906608,1.0,0.13479379487315296,0.7963594408645589,0.24836113129243814,умеренная,умеренно неровные,выраженный,монотонная,неоднородная,лобуляции слабые,с примесью красного или синего,округлая,тёмный ободок по краю,цвет однородный,грубая,овальная,красноватый,хаотичная,размер:средний,периметр:средний,выпуклость:средняя,плотность:высокая,заполнение_bbox:среднее,вариация_радиуса:низкая,граница:сильно_изрезанная,форма:округлая,отношение_периметр_площадь:среднее,красный:норма,зеленый:норма,синий:норма,контраст:выраженный,центр:оттенок_как_периферия,насыщенность_центра:умеренно_выше,яркость_центра:темнее,ободок:слегка_темнее,яркость_асимметрия:слабая,яркость_асимметрия:слабая,насыщенность_асимметрия:слабая,насыщенность_асимметрия:слабая,разнообразие_оттенка:низкое,разнообразие_насыщенности:среднее,разнообразие_яркости:среднее,вариабельность_оттенка:низкая,вариабельность_насыщенности:средняя,вариабельность_яркости:средняя,насыщенность:средняя,яркость:средняя,энергия_текстуры:низкая,энтропия_текстуры:высокая,энтропия_lbp:высокая,среднее_lbp:высокое,разброс_lbp:высокий,медиана_lbp:типичная,темные_пиксели:нет,белые_пиксели:нет,красные_пиксели:преобладают,синие_пиксели:нет,яркие_выбросы:единичные,темные_выбросы:нет
/kaggle/input/datasets/mihailodin1/all-image-skin/1028.jpg,success,7.680670008316834,140.76331232552752,148.19508490485535,2.2306575043758303,39.85382241796569,31.51647986596298,0.2288786038627257,0.2932428063470071,0.47787858656560844,0.16162545482005486,2.19048808125559,1.932662578741609,39.96216454082431,17.4746166512154,"[[7, 101, 176], [7, 189, 108], [9, 144, 153]]",8.533151292772421e-06,0.0,0.9995574951543891,0.0,-0.35095284509785074,28.63419441673335,-22.446964993993305,17.147176444291546,-20.18414034904606,23.340684705023477,-26.444064190452252,-25.029503698537923,0.0,0.025117940341082248,820330,4175.112156510353,4.609712598953523,0.5913739164779149,1.0754214729370009,0.7439382852429969,0.8922915270755923,0.600567820757231,10608.43811234466,1.1533658436274854,0.9905589672220928,0.2157286676899217,0.8947578856996296,0.3118201883157274,5.123155685504221,0.15719345548134075,2.261859777175667,5.129742018506036,2.78901184492605,5.0,138.54817794463784,1.0,0.40967987908999887,0.8284646366901615,0.43721869183326867,умеренная,фестончатые,выраженный,монотонная,неоднородная,лобуляции слабые,с примесью красного или синего,умеренно вытянутая,тёмный ободок по краю,цвет однородный,грубая,неправильная,красноватый,хаотичная,размер:крупный,периметр:большой,выпуклость:низкая,плотность:низкая,заполнение_bbox:низкое,вариация_радиуса:высокая,граница:сильно_изрезанная,форма:умеренно_вытянутая,отношение_периметр_площадь:высокое,красный:норма,зеленый:норма,синий:норма,контраст:умеренный,центр:оттенок_как_периферия,насыщенность_центра:умеренно_выше,яркость_центра:темнее,ободок:слегка_темнее,яркость_асимметрия:сильная_право_лево,яркость_асимметрия:сильная_низ_верх,насыщенность_асимметрия:сильная_лево_право,насыщенность_асимметрия:сильная_верх_низ,разнообразие_оттенка:низкое,разнообразие_насыщенности:среднее,разнообразие_яркости:среднее,вариабельность_оттенка:низкая,вариабельность_насыщенности:средняя,вариабельность_яркости:средняя,насыщенность:средняя,яркость:средняя,энергия_текстуры:низкая,энтропия_текстуры:высокая,энтропия_lbp:высокая,среднее_lbp:высокое,разброс_lbp:высокий,медиана_lbp:типичная,темные_пиксели:нет,белые_пиксели:нет,красные_пиксели:преобладают,синие_пиксели:нет,яркие_выбросы:нет,темные_выбросы:умеренно
/kaggle/input/datasets/mihailodin1/all-image-skin/1029.jpg,success,12.49099217431811,119.51134143315498,180.81380113365995,3.5933471038095046,49.35493790737825,36.615700848506464,0.24487034454701215,0.3220903633660682,0.4330392896919209,0.7317867384328832,2.4735668680646024,2.136996222378252,51.38801419640347,17.087125808144542,"[[13, 66, 213], [11, 180, 129], [13, 132, 183]]",0.0,0.023049152118173898,0.7313588988653733,2.148303860394622e-06,-0.5051295541096437,41.83921003088291,-29.56742689157693,35.57469599476781,-30.481778356641342,12.51406592284809,12.418320349480396,-29.89636245554513,7.519063511381177e-06,0.041101349457069905,930967,4117.153786659241,4.267071754424632,0.6901602973176322,1.0674846625766872,0.7487550680340457,0.9267659698586308,0.669886698068269,8588.254194319017,1.1090920553537935,0.997997639874169,0.3085356308482488,0.8587449392968624,0.24245470296300584,5.610808580007765,0.1494344655532224,2.267432582830107,5.004360474526671,2.77271736241638,5.0,162.90062710030713,1.0,0.4081198653053664,1.1624313089607181,0.42480276497570935,умеренная,фестончатые,выраженный,монотонная,неоднородная,лобуляции слабые,с примесью красного или синего,умеренно вытянутая,тёмный ободок по краю,цвет умеренно неоднородный,грубая,неправильная,красноватый,хаотичная,размер:крупный,периметр:большой,выпуклость:низкая,плотность:средняя,заполнение_bbox:низкое,вариация_радиуса:высокая,граница:сильно_изрезанная,форма:умеренно_вытянутая,отношение_периметр_площадь:высокое,красный:понижен,зеленый:повышен,синий:норма,контраст:выраженный,центр:оттенок_как_периферия,насыщенность_центра:умеренно_выше,яркость_центра:темнее,ободок:слегка_темнее,яркость_асимметрия:сильная_право_лево,яркость_асимметрия:слабая,насыщенность_асимметрия:сильная_лево_право,насыщенность_асимметрия:слабая,разнообразие_оттенка:высокое,разнообразие_насыщенности:высокое,разнообразие_яркости:высокое,вариабельность_оттенка:низкая,вариабельность_насыщенности:высокая,вариабельность_яркости:высокая,насыщенность:средняя,яркость:высокая,энергия_текстуры:низкая,энтропия_текстуры:высокая,энтропия_lbp:высокая,среднее_lbp:среднее,разброс_lbp:высокий,медиана_lbp:типичная,темные_пиксели:нет,белые_пиксели:присутствуют,красные_пиксели:умеренно,синие_пиксели:нет,яркие_выбросы:нет,темные_выбросы:много
/kaggle/input/datasets/mihailodin1/all-image-skin/103.jpg,success,3.9476483642173767,145.59802681297631,164.31417079362092,3.5054745056404117,37.23678872652986,27.44363268493952,0.22933883303654667,0.26894271338932624,0.5017184505207138,0.36441408375995965,2.1810269712544184,1.9017340359523578,49.934869541030054,19.980224707057864,"[[6, 185, 134], [179, 97, 194], [5, 142, 173]]",0.0,2.768219730209305e-06,0.9994297467355768,0.0,2.442083998600509,40.28931889550148,-26.88147191908118,-20.529457700292,16.178757310047928,-19.633292380188635,16.95380649071498,-28.58286137165848,0.0002491397757188375,0.03626921490520232,361243,2495.402356028557,4.151842408567482,0.7290010313541475,1.3266563944530045,0.8143153425483183,0.9532206949872154,0.6464747874421293,4871.9273991574,1.0686726108616678,0.9638780826089279,0.16817772659849586,0.9181459570367742,0.32324880417843044,5.024372696952749,0.21749971412076097,2.0916855678113087,5.010037847622182,2.1692773838247925,5.0,142.9081886944267,2.0,0.5704858685006614,0.8547568852426974,0.4282863973840609,умеренная,умеренно неровные,выраженный,умеренно разнообразная,неоднородная,лобуляции слабые,с примесью красного или синего,вытянутая,тёмный ободок по краю,цвет умеренно неоднородный,грубая,овальная,красноватый,средне упорядоченная,размер:маленький,периметр:средний,выпуклость:средняя,плотность:средняя,заполнение_bbox:низкое,вариация_радиуса:высокая,граница:сильно_изрезанная,форма:сильно_вытянутая,отношение_периметр_площадь:среднее,красный:норма,зеленый:понижен,синий:норма,контраст:умеренный,центр:оттенок_как_периферия,насыщенность_центра:умеренно_выше,яркость_центра:темнее,ободок:слегка_темнее,яркость_асимметрия:сильная_лево_право,яркость_асимметрия:сильная_верх_низ,насыщенность_асимметрия:слабая,насыщенность_асимметрия:слабая,разнообразие_оттенка:низкое,разнообразие_насыщенности:среднее,разнообразие_яркости:среднее,вариабельность_оттенка:низкая,вариабельность_насыщенности:средняя,вариабельность_яркости:средняя,насыщенность:средняя,яркость:средняя,энергия_текстуры:низкая,энтропия_текстуры:высокая,энтропия_lbp:средняя,среднее_lbp:среднее,разброс_lbp:средний,медиана_lbp:типичная,темные_пиксели:нет,белые_пиксели:нет,красные_пиксели:преобладают,синие_пиксели:нет,яркие_выбросы:нет,темные_выбросы:умеренно
/kaggle/input/datasets/mihailodin1/all-image-skin/1030.jpg,success,4.931037623473569,136.75607282540787,132.67062678119572,5.062339663262705,51.39309051023669,45.098767301162255,0.24804879957960196,0.28750696545452925,0.4644442314651352,0.5273670718547754,2.3735792232366486,2.322760513298202,70.77240307189781,30.109775530029378,"[[176, 64, 191], [6, 181, 92], [7, 112, 160]]",0.01151518955203017,0.0010483914679477488,0.938557128063514,0.0,1.8189099859215787,66.51002508094066,-63.72649480464703,22.465892627501134,-15.981332593491203,9.400779194552129,-9.197950288842463,-54.857972658996005,1.854297834465406e-05,0.006438692634443725,701074,3357.843042731285,4.010314765146993,0.7813631787650268,1.0344108446298228,0.3976179572787551,0.9596299860245535,0.7369424635877426,923.2237241171104,1.0764234646728659,0.9594120201562663,0.27774687828071487,0.8818246809165639,0.267682243181141,5.468738638369686,0.15034419076814548,2.2402253158616987,5.013350386345355,2.621252279210442,5.0,189.1013845758962,2.0,0.21601440095428895,1.2655050015197735,0.41534656798416475,выраженная,умеренно неровные,выраженный,умеренно разнообразная,неоднородная,лобуляции слабые,с примесью красного или синего,умеренно вытянутая,тёмный ободок по краю,цвет умеренно неоднородный,грубая,овальная,красноватый,хаотичная,размер:средний,периметр:большой,выпуклость:средняя,плотность:средняя,заполнение_bbox:среднее,вариация_радиуса:средняя,граница:сильно_изрезанная,форма:округлая,отношение_периметр_площадь:среднее,красный:норма,зеленый:норма,синий:норма,контраст:выраженный,центр:оттенок_как_периферия,насыщенность_центра:выше,яркость_центра:значительно_темнее,ободок:темнее_центра,яркость_асимметрия:сильная_право_лево,яркость_асимметрия:слабая,насыщенность_асимметрия:слабая,насыщенность_асимметрия:слабая,разнообразие_оттенка:среднее,разнообразие_насыщенности:высокое,разнообразие_яркости:высокое,вариабельность_оттенка:средняя,вариабельность_насыщенности:высокая,вариабельность_яркости:высокая,насыщенность:средняя,яркость:средняя,энергия_текстуры:низкая,энтропия_текстуры:высокая,энтропия_lbp:высокая,среднее_lbp:среднее,разброс_lbp:высокий,медиана_lbp:типичная,темные_пиксели:единичные,белые_пиксели:единичные,красные_пиксели:много,синие_пиксели:нет,яркие_выбросы:нет,темные_выбросы:нет
/kaggle/input/datasets/mihailodin1/all-image-skin/1031.jpg,success,9.783538473221673,150.47794648809636,135.57314761466276,2.649812089542309,40.980181968081645,32.29580366011557,0.21432604580488898,0.30314604285982144,0.4825279077761195,0.5990293493472941,2.2240552269454197,2.029931100435433,50.414861249589976,22.462226877621532,"[[9, 189, 103], [10, 96, 173], [11, 149, 146]]",0.001140143675509888,0.0,0.9732092346415684,0.0,-0.21977956441813262,20.884345572538166,-18.850541250727034,19.513622518129125,-25.346301055201053,18.376826493876024,-22.583863468857345,-19.703877205656738,0.00020191857459411755,0.008630278386531335,574489,4357.435093045235,5.7489703391646385,0.3802154216993442,0.8584905660377359,0.8785234478596688,0.791679011767235,0.4922084776287178,25890.413645065408,1.309630847441383,1.0045714066890912,0.2603433550172874,0.8814792680430799,0.29513703360516236,5.251690821178839,0.14176038802308624,2.252929409860745,5.053711155137288,2.6813903892069852,5.0,125.77527992374688,1.0,0.4392617239298344,0.9708442632702059,0.475783521204933,умеренная,фестончатые,выраженный,монотонная,неоднородная,лобуляции слабые,с примесью красного или синего,умеренно вытянутая,без выраженного ободка,цвет умеренно неоднородный,грубая,неправильная,красноватый,хаотичная,размер:средний,периметр:большой,выпуклость:низкая,плотность:низкая,заполнение_bbox:низкое,вариация_радиуса:высокая,граница:сильно_изрезанная,форма:сильно_вытянутая,отношение_периметр_площадь:высокое,красный:норма,зеленый:норма,синий:норма,контраст:выраженный,центр:оттенок_как_периферия,насыщенность_центра:умеренно_выше,яркость_центра:равная,ободок:слегка_темнее,яркость_асимметрия:сильная_право_лево,яркость_асимметрия:сильная_низ_верх,насыщенность_асимметрия:сильная_лево_право,насыщенность_асимметрия:сильная_верх_низ,разнообразие_оттенка:среднее,разнообразие_насыщенности:среднее,разнообразие_яркости:среднее,вариабельность_оттенка:низкая,вариабельность_насыщенности:средняя,вариабельность_яркости:средняя,насыщенность:средняя,яркость:средняя,энергия_текстуры:низкая,энтропия_текстуры:высокая,энтропия_lbp:высокая,среднее_lbp:среднее,разброс_lbp:высокий,медиана_lbp:типичная,темные_пиксели:единичные,белые_пиксели:нет,красные_пиксели:преобладают,синие_пиксели:нет,яркие_выбросы:нет,темные_выбросы:нет
/kaggle/input/datasets/mihailodin1/all-image-skin/1032.jpg,success,7.690242184966391,177.23542327300586,117.46368701846944,2.032717855404238,28.349131490167128,38.2027853546909,0.18253201038137187,0.27673511307603926,0.5407328719391843,0.14960542070955135,1.8763189989323918,2.1335959210926374,61.25277629415248,31.688241387108654,"[[8, 135, 171], [7, 198, 84], [9, 176, 132]]",0.0005765532383731722,0.0,0.9997630603129973,0.0,-1.7197123911453644,34.599778225076136,-58.207394383237656,2.8444062493180127,-3.398024210128767,3.2985485911413974,-4.268335197283221,-62.045561209720745,0.0025273566613618504,3.948994783377891e-06,253229,1918.6214878559113,3.812699558397095,0.8644595884470393,0.8383333333333334,0.5287341889645363,0.9872206216594479,0.8390622929092114,489.08826123960296,1.044827051084152,0.9454034156754378,0.1907930621587631,0.9069140736718829,0.3499953900900555,4.9915361832789875,0.1426379514576228,2.243303498481704,5.186891332172641,2.654723395466209,5.0,108.33619924733055,1.0,0.26436709448226814,0.7706777854727761,0.401274960546219,умеренная,умеренно неровные,выраженный,монотонная,неоднородная,лобуляции слабые,с примесью красного или синего,умеренно вытянутая,тёмный ободок по краю,цвет однородный,грубая,округлая,красноватый,хаотичная,размер:маленький,периметр:средний,выпуклость:высокая,плотность:высокая,заполнение_bbox:высокое,вариация_радиуса:низкая,граница:сильно_изрезанная,форма:умеренно_вытянутая,отношение_периметр_площадь:среднее,красный:повышен,зеленый:понижен,синий:понижен,контраст:выраженный,центр:оттенок_как_периферия,насыщенность_центра:умеренно_выше,яркость_центра:значительно_темнее,ободок:темнее_центра,яркость_асимметрия:слабая,яркость_асимметрия:слабая,насыщенность_асимметрия:слабая,насыщенность_асимметрия:слабая,разнообразие_оттенка:низкое,разнообразие_насыщенности:низкое,разнообразие_яркости:высокое,вариабельность_оттенка:низкая,вариабельность_насыщенности:низкая,вариабельность_яркости:высокая,насыщенность:высокая,яркость:средняя,энергия_текстуры:низкая,энтропия_текстуры:высокая,энтропия_lbp:высокая,среднее_lbp:высокое,разброс_lbp:высокий,медиана_lbp:типичная,темные_пиксели:нет,белые_пиксели:нет,красные_пиксели:преобладают,синие_пиксели:нет,яркие_выбросы:единичные,темные_выбросы:нет
/kaggle/input/datasets/mihailodin1/all-image-skin/1033.jpg,success,10.012688934120236,162.78393859004214,116.81039451872518,2.2284066275367196,41.80612354186519,38.150139220532886,0.20338623120976498,0.3023225741610783,0.49429119039758507,0.5742694068956922,2.215283481361511,2.1668778069202004,65.29909434347948,31.41525235551899,"[[8, 201, 78], [12, 109, 162], [11, 165, 124]]",0.013764686478795283,0.0,0.9802810523108404,0.0,-2.8011477825080817,57.32220467185806,-57.963369047648555,3.509157523213034,-5.548470760219175,-5.8423673186543255,5.687787666818821,-50.01162114334886,0.00027115649643443186,0.002331386783776455,357727,2262.64290869236,3.7830332514611786,0.8780708238096273,0.839622641509434,0.5491652588041779,0.9917796901511539,0.7738553127420144,583.5035528194536,1.0398508200541803,0.9039023007031429,0.2071649209963277,0.8996584811505852,0.30236072115033824,5.213139643502437,0.14199151970487672,2.246851377410594,5.127825827784776,2.662229940341328,5.0,138.67450477092007,1.0,0.27458262940208894,1.0174102002657945,0.4092722478433343,умеренная,умеренно неровные,выраженный,монотонная,неоднородная,лобуляции слабые,с примесью красного или синего,умеренно вытянутая,тёмный ободок по краю,цвет умеренно неоднородный,грубая,округлая,красноватый,хаотичная,размер:маленький,периметр:средний,выпуклость:высокая,плотность:высокая,заполнение_bbox:среднее,вариация_радиуса:средняя,граница:сильно_изрезанная,форма:умеренно_вытянутая,отношение_периметр_площадь:среднее,красный:норма,зеленый:норма,синий:норма,контраст:выраженный,центр:оттенок_как_периферия,насыщенность_центра:умеренно_выше,яркость_центра:значительно_темнее,ободок:темнее_центра,яркость_асимметрия:слабая,яркость_асимметрия:слабая,насыщенность_асимметрия:слабая,насыщенность_асимметрия:слабая,разнообразие_оттенка:среднее,разнообразие_насыщенности:среднее,разнообразие_яркости:высокое,вариабельность_оттенка:низкая,вариабельность_насыщенности:средняя,вариабельность_яркости:высокая,насыщенность:высокая,яркость:средняя,энергия_текстуры:низкая,энтропия_текстуры:высокая,энтропия_lbp:высокая,среднее_lbp:высокое,разброс_lbp:высокий,медиана_lbp:типичная,темные_пиксели:единичные,белые_пиксели:нет,красные_пиксели:преобладают,синие_пиксели:нет,яркие_выбросы:нет,темные_выбросы:нет
/kaggle/input/datasets/mihailodin1/all-image-skin/1034.jpg,success,6.533509041595349,162.82325947316784,136.58044649303048,2.264304128705386,34.86451571088684,35.86072643392735,0.205087056449705,0.27470860107180917,0.5202043386697098,0.07975196961644192,2.0757203688340793,2.098410151289366,59.35163448608628,27.281016871630854,"[[7, 194, 99], [5, 110, 182], [8, 161, 151]]",1.8511319671979416e-06,0.0,0.9999777864163937,0.0,0.6263957333550252,38.92151922749801,-44.04538808503973,-3.8279738416424607,3.6415028483996537,-30.746490740150236,18.40960707382763,-47.93051956883971,0.0001684530090150127,0.00034616167786601505,540210,2811.3363406658173,3.8250005055158605,0.8589084398507504,0.8581081081081081,0.5548279821041783,0.9881685379693348,0.7983524863446123,952.4460984677124,1.053037082698375,1.0498711772288043,0.21786353088918017,0.894666476528123,0.3089012186972259,5.150969705459789,0.15029543746325635,2.2544095381002824,5.1378063210221985,2.7254947862692123,5.0,140.21887754991275,1.0,0.27741399105208914,0.8026672181424318,0.40846391310417707,умеренная,умеренно неровные,выраженный,монотонная,неоднородная,лобуляции слабые,с примесью красного или синего,умеренно вытянутая,тёмный ободок по краю,цвет однородный,грубая,округлая,красноватый,хаотичная,размер:средний,периметр:средний,выпуклость:средняя,плотность:высокая,заполнение_bbox:среднее,вариация_радиуса:средняя,граница:сильно_изрезанная,форма:умеренно_вытянутая,отношение_периметр_площадь:среднее,красный:повышен,зеленый:понижен,синий:норма,контраст:выраженный,центр:оттенок_как_периферия,насыщенность_центра:умеренно_выше,яркость_центра:темнее,ободок:слегка_темнее,яркость_асимметрия:слабая,яркость_асимметрия:сильная_верх_низ,насыщенность_асимметрия:слабая,насыщенность_асимметрия:слабая,разнообразие_оттенка:низкое,разнообразие_насыщенности:среднее,разнообразие_яркости:среднее,вариабельность_оттенка:низкая,вариабельность_насыщенности:средняя,вариабельность_яркости:высокая,насыщенность:высокая,яркость:средняя,энергия_текстуры:низкая,энтропия_текстуры:высокая,энтропия_lbp:высокая,среднее_lbp:высокое,разброс_lbp:высокий,медиана_lbp:типичная,темные_пиксели:нет,белые_пиксели:нет,красные_пиксели:преобладают,синие_пиксели:нет,яркие_выбросы:нет,темные_выбросы:нет
/kaggle/input/datasets/mihailodin1/all-image-skin/1035.jpg,success,8.102402392467985,136.92576013974562,157.21965627672543,4.306036655620163,49.0610245082204,26.002306084125106,0.23121919692428708,0.3012712713138476,0.46750952878825797,0.6340686150482808,2.27113207438605,1.8569185376448645,46.42620590903599,18.461450953810395,"[[10, 176, 137], [0, 65, 185], [10, 106, 180]]",0.0,9.098022089997635e-07,0.9723219971978092,0.0,3.665298903042114,64.06424385723547,-28.97424968818703,30.310607133522637,-61.898143969720266,20.43790730359774,-51.13805671290693,-16.83371387762432,0.0011290645413687065,0.012119475226085849,1099140,8768.91478061676,8.364102434588613,0.17962681860576069,0.8768656716417911,0.6727148290738092,0.6155457302304222,0.4847835291626972,55621.76422290324,1.7427618383707033,1.073908001830124,0.21961833518309984,0.8911340808006848,0.30721649600380974,5.144018329111367,0.16250214252782536,2.263631457602963,5.127529672291776,2.827517520587696,5.0,260.4885075682122,1.0,0.3363574145369046,1.052685014872864,0.541979131082935,выраженная,фестончатые,выраженный,монотонная,неоднородная,лобуляции выраженные,с примесью красного или синего,умеренно вытянутая,без выраженного ободка,цвет умеренно неоднородный,грубая,неправильная,красноватый,хаотичная,размер:крупный,периметр:очень_большой,выпуклость:низкая,плотность:низкая,заполнение_bbox:низкое,вариация_радиуса:высокая,граница:сильно_изрезанная,форма:умеренно_вытянутая,отношение_периметр_площадь:высокое,красный:норма,зеленый:норма,синий:норма,контраст:умеренный,центр:оттенок_как_периферия,насыщенность_центра:выше,яркость_центра:темнее,ободок:слегка_темнее,яркость_асимметрия:сильная_право_лево,яркость_асимметрия:сильная_низ_верх,насыщенность_асимметрия:сильная_лево_право,насыщенность_асимметрия:сильная_верх_низ,разнообразие_оттенка:среднее,разнообразие_насыщенности:среднее,разнообразие_яркости:среднее,вариабельность_оттенка:низкая,вариабельность_насыщенности:высокая,вариабельность_яркости:средняя,насыщенность:средняя,яркость:средняя,энергия_текстуры:низкая,энтропия_текстуры:высокая,энтропия_lbp:высокая,среднее_lbp:высокое,разброс_lbp:высокий,медиана_lbp:типичная,темные_пиксели:нет,белые_пиксели:нет,красные_пиксели:преобладают,синие_пиксели:нет,яркие_выбросы:единичные,темные_выбросы:умеренно
/kaggle/input/datasets/mihailodin1/all-image-skin/1036.jpg,success,5.68769692503816,134.1569091916241,121.66540982207793,6.444718394472074,55.2864788152366,39.343099492519656,0.24961264823383622,0.29195697592302583,0.4584303720748433,0.7871003949068156,2.468721123504583,2.219210699137136,64.74284764398482,29.35945223557172,"[[7, 176, 93], [175, 71, 168], [9, 83, 155]]",0.023754091855294934,9.751380429792092e-05,0.8722907753295492,0.0,1.546426450653442,76.4223636483978,-58.47754348572596,2.647957893830309,-9.178655636844098,-8.419709143975268,18.880751089300887,-49.042751904720475,0.00011376610501424107,0.01461081834397182,738357,3389.260220646858,3.944316134500079,0.807730406305056,0.8858267716535433,0.45721336268212065,0.9740099385404039,0.8074770341207349,1381.12241563795,1.06384073202763,0.9643632979097084,0.1906028240874373,0.9143722051750279,0.2860859465591538,5.302287020123915,0.22546955815336384,2.0515310578746155,4.964665604380501,2.0945166119489356,5.0,175.57340734872776,2.0,0.22860668134106032,1.3578948282866687,0.4141714904792169,умеренная,умеренно неровные,выраженный,умеренно разнообразная,неоднородная,лобуляции слабые,с примесью красного или синего,умеренно вытянутая,тёмный ободок по краю,цвет неоднородный,грубая,овальная,красноватый,средне упорядоченная,размер:средний,периметр:большой,выпуклость:средняя,плотность:высокая,заполнение_bbox:высокое,вариация_радиуса:средняя,граница:сильно_изрезанная,форма:округлая,отношение_периметр_площадь:среднее,красный:норма,зеленый:норма,синий:норма,контраст:выраженный,центр:оттенок_как_периферия,насыщенность_центра:выше,яркость_центра:значительно_темнее,ободок:слегка_темнее,яркость_асимметрия:слабая,яркость_асимметрия:слабая,насыщенность_асимметрия:слабая,насыщенность_асимметрия:слабая,разнообразие_оттенка:высокое,разнообразие_насыщенности:высокое,разнообразие_яркости:высокое,вариабельность_оттенка:средняя,вариабельность_насыщенности:высокая,вариабельность_яркости:высокая,насыщенность:средняя,яркость:средняя,энергия_текстуры:низкая,энтропия_текстуры:высокая,энтропия_lbp:средняя,среднее_lbp:среднее,разброс_lbp:средний,медиана_lbp:типичная,темные_пиксели:единичные,белые_пиксели:нет,красные_пиксели:много,синие_пиксели:нет,яркие_выбросы:нет,темные_выбросы:умеренно
/kaggle/input/datasets/mihailodin1/all-image-skin/1037.jpg,success,7.495123702285278,173.82771009361545,126.197067849937,2.257014050830836,32.08419861384309,31.636552722216933,0.1865374102169063,0.27543735969277167,0.5380252258269486,0.18651358847080635,1.9852301126824186,1.983983274185558,53.909884305995966,27.002690292795442,"[[7, 199, 97], [9, 169, 142], [7, 123, 168]]",0.0,0.0,0.9993873638478962,0.0,0.15260609055172836,40.03144979694207,-41.72564905864709,-1.5169116134536011,-4.414261067656469,-22.39141850102169,18.684025063503384,-39.50898835929857,0.00041357771782404005,0.0005875122720491036,517436,3051.0104397535324,4.241459976144554,0.6985204379288877,0.7783902976846747,0.6529740254702403,0.9501491046376684,0.8080619418997973,2740.292058665869,1.1132025424416827,0.9866928575222872,0.1421387116066449,0.9297456313142396,0.35831309724749616,4.854059710692496,0.2260649252745374,2.0845865168537037,5.103084611140039,2.16401396057292,5.0,128.91632119177603,1.0,0.32648701273512015,0.759069712172663,0.4216487354783368,умеренная,фестончатые,выраженный,монотонная,неоднородная,лобуляции слабые,с примесью красного или синего,умеренно вытянутая,тёмный ободок по краю,цвет однородный,грубая,неправильная,красноватый,средне упорядоченная,размер:средний,периметр:большой,выпуклость:низкая,плотность:средняя,заполнение_bbox:высокое,вариация_радиуса:средняя,граница:сильно_изрезанная,форма:умеренно_вытянутая,отношение_периметр_площадь:высокое,красный:повышен,зеленый:понижен,синий:понижен,контраст:выраженный,центр:оттенок_как_периферия,насыщенность_центра:умеренно_выше,яркость_центра:темнее,ободок:слегка_темнее,яркость_асимметрия:слабая,яркость_асимметрия:сильная_верх_низ,насыщенность_асимметрия:слабая,насыщенность_асимметрия:слабая,разнообразие_оттенка:низкое,разнообразие_насыщенности:низкое,разнообразие_яркости:среднее,вариабельность_оттенка:низкая,вариабельность_насыщенности:средняя,вариабельность_яркости:средняя,насыщенность:высокая,яркость:средняя,энергия_текстуры:низкая,энтропия_текстуры:высокая,энтропия_lbp:средняя,среднее_lbp:высокое,разброс_lbp:средний,медиана_lbp:типичная,темные_пиксели:нет,белые_пиксели:нет,красные_пиксели:преобладают,синие_пиксели:нет,яркие_выбросы:нет,темные_выбросы:нет
/kaggle/input/datasets/mihailodin1/all-image-skin/1038.jpg,success,10.222572573822823,155.39716583451778,152.68885163453479,2.075420969626355,33.0093459042682,25.510846753918752,0.20291129688686177,0.30247918133296914,0.4946095185408248,0.5567676788871327,2.0406566385626146,1.884752266760074,58.68668658345972,23.54371274029456,"[[9, 185, 128], [11, 105, 187], [11, 156, 158]]",1.2148158946511656e-05,0.0,0.975674526525505,6.074079473255828e-06,-0.5181987934146974,30.363847974645807,-19.026498519867744,-15.789442776930656,12.021013994826973,-16.08982094755973,17.142748135793454,-11.220682086062112,0.01631983672874376,0.013932723495754218,823170,3896.883796453476,4.29509415127449,0.6811840767962856,0.8655660377358491,0.8578548602536695,0.9666146470001796,0.5877804054633009,15924.357134489514,1.0718805080214777,0.9683707171983881,0.19094105605470427,0.9062596572891725,0.32885529390914375,5.044415457223149,0.24109747338281354,2.0255294312211625,4.886268023707497,2.0431681345838952,5.0,110.95157114303906,1.0,0.42892743012683476,0.793574545291198,0.4380679089391434,умеренная,фестончатые,выраженный,монотонная,неоднородная,лобуляции слабые,с примесью красного или синего,умеренно вытянутая,без выраженного ободка,цвет однородный,грубая,неправильная,красноватый,средне упорядоченная,размер:крупный,периметр:большой,выпуклость:средняя,плотность:средняя,заполнение_bbox:низкое,вариация_радиуса:высокая,граница:сильно_изрезанная,форма:сильно_вытянутая,отношение_периметр_площадь:высокое,красный:норма,зеленый:норма,синий:норма,контраст:выраженный,центр:оттенок_как_периферия,насыщенность_центра:умеренно_выше,яркость_центра:равная,ободок:слегка_темнее,яркость_асимметрия:сильная_лево_право,яркость_асимметрия:сильная_верх_низ,насыщенность_асимметрия:слабая,насыщенность_асимметрия:слабая,разнообразие_оттенка:среднее,разнообразие_насыщенности:среднее,разнообразие_яркости:среднее,вариабельность_оттенка:низкая,вариабельность_насыщенности:средняя,вариабельность_яркости:средняя,насыщенность:средняя,яркость:средняя,энергия_текстуры:низкая,энтропия_текстуры:высокая,энтропия_lbp:средняя,среднее_lbp:низкое,разброс_lbp:низкий,медиана_lbp:типичная,темные_пиксели:нет,белые_пиксели:нет,красные_пиксели:преобладают,синие_пиксели:нет,яркие_выбросы:много,темные_выбросы:умеренно
/kaggle/input/datasets/mihailodin1/all-image-skin/1039.jpg,success,8.754676934129757,168.75735661707665,141.68612054451322,1.9863379696049117,40.41210796287116,41.53928679625358,0.1959655953697266,0.29002966317057965,0.5140047378319078,0.27235018804456523,2.1542939521245383,2.2770766910284475,66.44006529697165,28.716432351285164,"[[9, 113, 194], [8, 204, 103], [10, 166, 153]]",0.001841668246881231,0.0,0.9976411706229493,5.7462347796606275e-06,-1.728459803859323,51.75735261385668,-56.52219964626967,-0.12711817158705685,-6.720967952709088,20.852646810720586,-15.923673748377524,-53.66841854554491,0.0003993633171864136,0.004410235193389531,348054,2261.807341337204,3.833825085547833,0.8549589726934914,0.8398328690807799,0.5701559978618964,0.9895037896664071,0.8039052647625383,771.8198174468172,1.049343424572889,0.8699742493859975,0.18622339338991978,0.9101814134581541,0.295218547553337,5.253121320637713,0.2350831459635048,2.028824588781485,4.907195579420724,2.0427644425838207,5.0,153.63241874737992,1.0,0.2850779989309482,0.9538127602558857,0.4102338540442208,умеренная,умеренно неровные,выраженный,монотонная,неоднородная,лобуляции слабые,с примесью красного или синего,умеренно вытянутая,тёмный ободок по краю,цвет умеренно неоднородный,грубая,округлая,красноватый,средне упорядоченная,размер:маленький,периметр:средний,выпуклость:высокая,плотность:высокая,заполнение_bbox:высокое,вариация_радиуса:средняя,граница:сильно_изрезанная,форма:умеренно_вытянутая,отношение_периметр_площадь:среднее,красный:норма,зеленый:норма,синий:понижен,контраст:выраженный,центр:оттенок_как_периферия,насыщенность_центра:умеренно_выше,яркость_центра:значительно_темнее,ободок:темнее_центра,яркость_асимметрия:слабая,яркость_асимметрия:сильная_низ_верх,насыщенность_асимметрия:слабая,насыщенность_асимметрия:слабая,разнообразие_оттенка:низкое,разнообразие_насыщенности:среднее,разнообразие_яркости:высокое,вариабельность_оттенка:низкая,вариабельность_насыщенности:средняя,вариабельность_яркости:высокая,насыщенность:высокая,яркость:средняя,энергия_текстуры:низкая,энтропия_текстуры:высокая,энтропия_lbp:средняя,среднее_lbp:среднее,разброс_lbp:низкий,медиана_lbp:типичная,темные_пиксели:единичные,белые_пиксели:нет,красные_пиксели:преобладают,синие_пиксели:нет,яркие_выбросы:нет,темные_выбросы:нет
/kaggle/input/datasets/mihailodin1/all-image-skin/104.jpg,success,10.454231856580005,153.8685372983369,132.439622706567,2.3651505895237523,43.52005258838604,26.22856357313688,0.20803550769942575,0.30587840339650546,0.4860860852338223,0.6468485531234354,2.262099524884644,1.8694918427359069,57.57485463163598,25.158284896690116,"[[10, 92, 164], [10, 194, 106], [12, 151, 141]]",0.0,0.0,0.9652934483194581,0.0,-1.2758742396319036,64.72671599034797,-41.656827818336836,5.1237998321403495,-0.656772716263589,5.413387611242285,-5.521160631852013,-34.500079115034566,0.0009807790297183708,0.008317465912181965,261017,2024.4763880968094,3.962582515880958,0.8003007540518955,1.1971326164874552,0.7257378229719929,0.9746641175196601,0.7002580859785805,1577.4121136568863,1.0601290771122955,0.9990186697947415,0.16802475368035677,0.9165172040698527,0.325789674235266,5.0017098849208175,0.22438327606840908,2.0580482423558566,4.973254063235919,2.093115457231047,5.0,124.37453883981495,1.0,0.461435219729724,0.9380366528802131,0.4166549655573832,умеренная,умеренно неровные,выраженный,монотонная,неоднородная,лобуляции слабые,с примесью красного или синего,умеренно вытянутая,тёмный ободок по краю,цвет умеренно неоднородный,грубая,овальная,красноватый,средне упорядоченная,размер:маленький,периметр:средний,выпуклость:средняя,плотность:высокая,заполнение_bbox:среднее,вариация_радиуса:средняя,граница:сильно_изрезанная,форма:умеренно_вытянутая,отношение_периметр_площадь:среднее,красный:норма,зеленый:норма,синий:норма,контраст:выраженный,центр:оттенок_как_периферия,насыщенность_центра:выше,яркость_центра:темнее,ободок:слегка_темнее,яркость_асимметрия:слабая,яркость_асимметрия:слабая,насыщенность_асимметрия:слабая,насыщенность_асимметрия:слабая,разнообразие_оттенка:среднее,разнообразие_насыщенности:среднее,разнообразие_яркости:среднее,вариабельность_оттенка:низкая,вариабельность_насыщенности:средняя,вариабельность_яркости:средняя,насыщенность:средняя,яркость:средняя,энергия_текстуры:низкая,энтропия_текстуры:высокая,энтропия_lbp:средняя,среднее_lbp:среднее,разброс_lbp:средний,медиана_lbp:типичная,темные_пиксели:нет,белые_пиксели:нет,красные_пиксели:много,синие_пиксели:нет,яркие_выбросы:нет,темные_выбросы:нет
/kaggle/input/datasets/mihailodin1/all-image-skin/1040.jpg,success,7.699038092249576,184.05537628812326,108.72007018691728,1.8364663584776684,29.154180260989317,34.171244241529514,0.17227822115754485,0.2726324534548748,0.5550893202819057,0.08981653710091285,1.9036879165654104,2.0520762076488914,56.391100778251065,31.653636602083875,"[[9, 182, 121], [8, 140, 156], [7, 207, 78]]",0.007609778584068165,0.0,0.9997992535204985,0.0,-1.654573059255057,35.965293148329096,-50.372027340283836,-0.9050445379368313,0.8169351671724883,8.946433592217645,-5.956875021693804,-53.65771609492448,0.0019442668292465315,0.0004981486713557079,268996,1982.7291333675385,3.822878338075989,0.859862304079805,0.9930675909878682,0.46662673260904086,0.9859472931862332,0.8136083309892596,409.1935991685341,1.04863389264016,0.8977694369915711,0.1371812799518499,0.9339778722921449,0.3863047365258263,4.783946914579618,0.23173676231119097,2.061587963085936,5.150470735770304,2.10262617877737,5.0,104.61718186688876,1.0,0.23331336630452043,0.7169239245830055,0.33698058689847854,умеренная,умеренно неровные,выраженный,монотонная,неоднородная,лобуляции слабые,с примесью красного или синего,умеренно вытянутая,тёмный ободок по краю,цвет однородный,грубая,округлая,красноватый,средне упорядоченная,размер:маленький,периметр:средний,выпуклость:высокая,плотность:высокая,заполнение_bbox:высокое,вариация_радиуса:низкая,граница:сильно_изрезанная,форма:округлая,отношение_периметр_площадь:среднее,красный:повышен,зеленый:понижен,синий:понижен,контраст:выраженный,центр:оттенок_как_периферия,насыщенность_центра:умеренно_выше,яркость_центра:значительно_темнее,ободок:темнее_центра,яркость_асимметрия:слабая,яркость_асимметрия:слабая,насыщенность_асимметрия:слабая,насыщенность_асимметрия:слабая,разнообразие_оттенка:низкое,разнообразие_насыщенности:низкое,разнообразие_яркости:среднее,вариабельность_оттенка:низкая,вариабельность_насыщенности:низкая,вариабельность_яркости:средняя,насыщенность:высокая,яркость:средняя,энергия_текстуры:низкая,энтропия_текстуры:высокая,энтропия_lbp:средняя,среднее_lbp:высокое,разброс_lbp:средний,медиана_lbp:типичная,темные_пиксели:единичные,белые_пиксели:нет,красные_пиксели:преобладают,синие_пиксели:нет,яркие_выбросы:единичные,темные_выбросы:нет
/kaggle/input/datasets/mihailodin1/all-image-skin/1041.jpg,success,9.817184386855326,166.1264518590328,130.88244808583246,2.507308654049905,38.89741805696102,37.56683527413594,0.1957905208609361,0.2987355971885228,0.5054738780884962,0.5793759379351676,2.140718028836244,2.2081799725402904,68.82960157795102,30.528086663385796,"[[12, 111, 179], [8, 199, 96], [11, 166, 142]]",0.007522883519423882,0.0,0.9712019106399546,0.0,-2.9938786328316667,46.93448904970393,-51.92447910679657,-9.175547876005595,3.6622615555227185,16.658209181485574,-12.42774170884303,-49.142325784176435,0.001714140878340419,0.01083880543194521,382699,2394.7089240550995,3.8710080006819,0.8386132620412613,1.0451977401129944,0.6634685408514378,0.9864444089308636,0.7304531226141395,1385.0347652082087,1.0590008857155115,0.9296392134481575,0.22523446895680635,0.9009150456610057,0.3024031807298646,5.267312868726917,0.23836822318278564,2.0290277090651885,4.907127316160705,2.0471374323606537,5.0,143.7766071111891,1.0,0.3543331404822161,0.9930634729297583,0.41012533433648907,умеренная,умеренно неровные,выраженный,монотонная,неоднородная,лобуляции слабые,с примесью красного или синего,умеренно вытянутая,тёмный ободок по краю,цвет умеренно неоднородный,грубая,овальная,красноватый,средне упорядоченная,размер:маленький,периметр:средний,выпуклость:средняя,плотность:высокая,заполнение_bbox:среднее,вариация_радиуса:средняя,граница:сильно_изрезанная,форма:умеренно_вытянутая,отношение_периметр_площадь:среднее,красный:норма,зеленый:норма,синий:понижен,контраст:выраженный,центр:оттенок_как_периферия,насыщенность_центра:умеренно_выше,яркость_центра:значительно_темнее,ободок:слегка_темнее,яркость_асимметрия:слабая,яркость_асимметрия:сильная_низ_верх,насыщенность_асимметрия:слабая,насыщенность_асимметрия:слабая,разнообразие_оттенка:среднее,разнообразие_насыщенности:среднее,разнообразие_яркости:высокое,вариабельность_оттенка:низкая,вариабельность_насыщенности:средняя,вариабельность_яркости:высокая,насыщенность:высокая,яркость:средняя,энергия_текстуры:низкая,энтропия_текстуры:высокая,энтропия_lbp:средняя,среднее_lbp:среднее,разброс_lbp:низкий,медиана_lbp:типичная,темные_пиксели:единичные,белые_пиксели:нет,красные_пиксели:преобладают,синие_пиксели:нет,яркие_выбросы:единичные,темные_выбросы:умеренно
/kaggle/input/datasets/mihailodin1/all-image-skin/1042.jpg,success,6.571487844617643,155.546728196067,143.35153525879002,2.201817623747434,35.082526301742675,28.37577094959406,0.21186691313071962,0.2780422962522069,0.5100907870587523,0.06181044801691031,2.0787416437208237,1.9072876885535601,37.277139429733424,17.65267272202324,"[[7, 191, 114], [5, 113, 175], [8, 151, 152]]",0.0,0.0,0.9999984335692378,0.0,0.7587707991753376,30.799445886428657,-22.750558921338694,14.167740361706137,-14.111678968260321,7.155985181838872,-4.108563340110152,-32.0928377888805,9.555227649382669e-05,0.014793372118159006,638394,3249.838866829872,4.067405111448732,0.7595825934148748,2.0081833060556464,0.8624897405705397,0.985804223988437,0.8515360205523032,12339.290351337202,1.0401664527727676,0.981092511305978,0.15086933178081927,0.9260683596603586,0.34643862830889804,4.871650338532955,0.2254355899437984,2.0807406559556942,5.02709253838398,2.158022765423103,5.0,93.85274345885817,1.0,0.935336523313093,0.7234295053091759,0.4305054475268246,умеренная,умеренно неровные,выраженный,монотонная,неоднородная,лобуляции слабые,с примесью красного или синего,вытянутая,тёмный ободок по краю,цвет однородный,грубая,овальная,красноватый,средне упорядоченная,размер:средний,периметр:большой,выпуклость:высокая,плотность:высокая,заполнение_bbox:высокое,вариация_радиуса:высокая,граница:сильно_изрезанная,форма:сильно_вытянутая,отношение_периметр_площадь:среднее,красный:норма,зеленый:понижен,синий:норма,контраст:умеренный,центр:оттенок_как_периферия,насыщенность_центра:умеренно_выше,яркость_центра:темнее,ободок:слегка_темнее,яркость_асимметрия:слабая,яркость_асимметрия:слабая,насыщенность_асимметрия:слабая,насыщенность_асимметрия:слабая,разнообразие_оттенка:низкое,разнообразие_насыщенности:среднее,разнообразие_яркости:среднее,вариабельность_оттенка:низкая,вариабельность_насыщенности:средняя,вариабельность_яркости:средняя,насыщенность:средняя,яркость:средняя,энергия_текстуры:низкая,энтропия_текстуры:высокая,энтропия_lbp:средняя,среднее_lbp:среднее,разброс_lbp:средний,медиана_lbp:типичная,темные_пиксели:нет,белые_пиксели:нет,красные_пиксели:преобладают,синие_пиксели:нет,яркие_выбросы:нет,темные_выбросы:умеренно
/kaggle/input/datasets/mihailodin1/all-image-skin/1043.jpg,success,6.801679378588001,167.36075664802613,146.79781008322334,2.421194326037169,30.270885464756383,28.56816091504856,0.19469171564016843,0.2721207573143999,0.5331875234133094,0.11594280461104896,1.9307987338668902,1.9719716769224027,47.66054208306199,21.801042304936864,"[[4, 121, 186], [7, 192, 121], [8, 162, 158]]",0.0,0.0,0.9999566639160291,0.0,0.5438281175494524,37.980647381545964,-42.21137983982871,-0.3189846943036798,1.921026061010025,4.754322115961202,-7.4396767370787416,-46.16806999944197,0.00488794913788278,0.010713041091635955,553811,2847.3190957307816,3.8260915007641523,0.8584186808232064,1.1072319201995013,0.4442719458008964,0.9840543013761917,0.7776322145087731,545.4046390843442,1.0519495827830037,0.9539268068871327,0.14754369125356237,0.9281439597772323,0.35702358276371116,4.877488770564191,0.22259320686789358,2.093769582552945,5.0677807093629665,2.183155817234691,5.0,95.16986494727777,1.0,0.27575193300019885,0.6980826424853839,0.40887198772241035,умеренная,умеренно неровные,выраженный,монотонная,неоднородная,лобуляции слабые,с примесью красного или синего,умеренно вытянутая,тёмный ободок по краю,цвет однородный,грубая,округлая,красноватый,средне упорядоченная,размер:средний,периметр:средний,выпуклость:средняя,плотность:высокая,заполнение_bbox:среднее,вариация_радиуса:средняя,граница:сильно_изрезанная,форма:округлая,отношение_периметр_площадь:среднее,красный:повышен,зеленый:понижен,синий:понижен,контраст:умеренный,центр:оттенок_как_периферия,насыщенность_центра:умеренно_выше,яркость_центра:темнее,ободок:слегка_темнее,яркость_асимметрия:слабая,яркость_асимметрия:слабая,насыщенность_асимметрия:слабая,насыщенность_асимметрия:слабая,разнообразие_оттенка:низкое,разнообразие_насыщенности:низкое,разнообразие_яркости:среднее,вариабельность_оттенка:низкая,вариабельность_насыщенности:средняя,вариабельность_яркости:средняя,насыщенность:высокая,яркость:средняя,энергия_текстуры:низкая,энтропия_текстуры:высокая,энтропия_lbp:средняя,среднее_lbp:среднее,разброс_lbp:средний,медиана_lbp:типичная,темные_пиксели:нет,белые_пиксели:нет,красные_пиксели:преобладают,синие_пиксели:нет,яркие_выбросы:единичные,темные_выбросы:умеренно
/kaggle/input/datasets/mihailodin1/all-image-skin/1044.jpg,success,7.084622205962269,171.3482633606779,142.86862391060183,2.2270242064667305,40.58923986476632,36.086415903654135,0.19382428425065862,0.2749441051963492,0.5312316068346697,0.09909059328807278,2.142407383928927,2.1108213814784382,64.5062774499643,28.265511394453036,"[[9, 171, 154], [6, 113, 188], [6, 206, 108]]",0.0,0.0,0.9998976356682827,0.0,-1.1353889931387187,52.796967630659026,-51.81346787651974,1.645198872897339,-1.9635834598179827,-0.3331096984258295,1.9850196162169595,-51.13606608259741,0.0003810227902810754,0.0025591082929325958,351685,2292.3069031238556,3.865412436575223,0.841042969495837,0.9195088676671214,0.42459026243647474,0.9693579417974543,0.7118524335987628,525.9517864133635,1.0547542966548953,1.0199349631450416,0.21690025029296447,0.8956976609609599,0.3168898697101528,5.16860025175641,0.25532603342229143,2.006401967652718,4.804394263919273,1.9995854545944867,5.0,111.6727361476756,1.0,0.21229513121823737,0.8657633462217804,0.4109796437466732,умеренная,умеренно неровные,выраженный,монотонная,неоднородная,лобуляции слабые,с примесью красного или синего,умеренно вытянутая,тёмный ободок по краю,цвет умеренно неоднородный,грубая,овальная,красноватый,средне упорядоченная,размер:маленький,периметр:средний,выпуклость:средняя,плотность:средняя,заполнение_bbox:среднее,вариация_радиуса:средняя,граница:сильно_изрезанная,форма:округлая,отношение_периметр_площадь:среднее,красный:повышен,зеленый:понижен,синий:понижен,контраст:выраженный,центр:оттенок_как_периферия,насыщенность_центра:умеренно_выше,яркость_центра:значительно_темнее,ободок:темнее_центра,яркость_асимметрия:слабая,яркость_асимметрия:слабая,насыщенность_асимметрия:слабая,насыщенность_асимметрия:слабая,разнообразие_оттенка:низкое,разнообразие_насыщенности:среднее,разнообразие_яркости:высокое,вариабельность_оттенка:низкая,вариабельность_насыщенности:средняя,вариабельность_яркости:высокая,насыщенность:высокая,яркость:средняя,энергия_текстуры:низкая,энтропия_текстуры:высокая,энтропия_lbp:средняя,среднее_lbp:низкое,разброс_lbp:низкий,медиана_lbp:типичная,темные_пиксели:нет,белые_пиксели:нет,красные_пиксели:преобладают,синие_пиксели:нет,яркие_выбросы:нет,темные_выбросы:нет
/kaggle/input/datasets/mihailodin1/all-image-skin/1045.jpg,success,11.937073467782692,128.03969448156448,173.10701679930506,2.6050487554116972,43.59262294485111,28.835949252221837,0.2340379900374615,0.31895580524570727,0.44700620213457765,0.6872812216102285,2.3478440890905614,1.9120642435172632,48.376757083063396,16.892826825121148,"[[10, 182, 133], [12, 82, 199], [13, 138, 175]]",0.0,0.0007926737305821241,0.8333128734656561,0.0,-0.5063922668540499,35.66120583529013,-20.414771692855652,26.79108937925085,-32.016265385714945,2.7438807110113146,3.297625244517832,-27.439128178972965,2.8059247100252183e-05,0.03971318772922359,855333,3950.7690106630325,4.2718306213057025,0.6886234613079505,1.4113924050632911,0.8109885636978827,0.9309959737855232,0.6743273542600897,13072.766552333404,1.088343260200049,0.988234136256315,0.2069036322102643,0.9006570880868324,0.28831197465978947,5.253734169883767,0.22083318159872284,2.0744477912856096,4.877320511660853,2.1404371431006224,5.0,121.43123051549478,1.0,0.6111904843805869,0.9829409858870097,0.43138431853791304,умеренная,фестончатые,выраженный,монотонная,неоднородная,лобуляции слабые,с примесью красного или синего,вытянутая,тёмный ободок по краю,цвет умеренно неоднородный,грубая,неправильная,красноватый,средне упорядоченная,размер:крупный,периметр:большой,выпуклость:низкая,плотность:средняя,заполнение_bbox:низкое,вариация_радиуса:высокая,граница:сильно_изрезанная,форма:сильно_вытянутая,отношение_периметр_площадь:высокое,красный:понижен,зеленый:повышен,синий:норма,контраст:умеренный,центр:оттенок_как_периферия,насыщенность_центра:умеренно_выше,яркость_центра:темнее,ободок:слегка_темнее,яркость_асимметрия:сильная_право_лево,яркость_асимметрия:слабая,насыщенность_асимметрия:сильная_лево_право,насыщенность_асимметрия:слабая,разнообразие_оттенка:среднее,разнообразие_насыщенности:высокое,разнообразие_яркости:среднее,вариабельность_оттенка:низкая,вариабельность_насыщенности:средняя,вариабельность_яркости:средняя,насыщенность:средняя,яркость:высокая,энергия_текстуры:низкая,энтропия_текстуры:высокая,энтропия_lbp:средняя,среднее_lbp:низкое,разброс_lbp:средний,медиана_lbp:типичная,темные_пиксели:нет,белые_пиксели:единичные,красные_пиксели:умеренно,синие_пиксели:нет,яркие_выбросы:нет,темные_выбросы:умеренно
/kaggle/input/datasets/mihailodin1/all-image-skin/1046.jpg,success,4.822846826384639,125.95904772820745,153.76575489316946,4.362014663195127,44.56960391885364,35.095296784711934,0.2520477879431793,0.28877079196913935,0.4591814171014415,0.4626499093459092,2.301394822740892,1.8977269616913763,39.673988256557,16.49736605635066,"[[179, 82, 182], [7, 187, 104], [7, 115, 167]]",0.008333389518537746,0.0,0.998739204012972,0.0,3.494860215621884,38.857998169960965,-36.184130204756485,-31.85854172767455,30.606197236322103,-3.552619546363019,5.4129154440826,-31.401557289444042,0.0,0.060801380807583655,148319,1711.9423364400864,4.44519418799464,0.6359579318435019,1.1329113924050633,0.8722981472423785,0.9161544971061133,0.5826988504663351,3857.5480983787324,1.0833182355283983,0.9514129572033618,0.18996279859909257,0.9066533581713753,0.3357301679632018,5.077623656666352,0.22608772779684377,2.0623476903320674,4.932788417583767,2.1122266821953932,5.0,149.9672625447816,2.0,0.5026047698237209,1.057711973145304,0.44589409344107855,умеренная,фестончатые,выраженный,умеренно разнообразная,неоднородная,лобуляции слабые,с примесью красного или синего,вытянутая,тёмный ободок по краю,цвет умеренно неоднородный,грубая,неправильная,красноватый,средне упорядоченная,размер:маленький,периметр:средний,выпуклость:низкая,плотность:средняя,заполнение_bbox:низкое,вариация_радиуса:высокая,граница:сильно_изрезанная,форма:сильно_вытянутая,отношение_периметр_площадь:высокое,красный:норма,зеленый:норма,синий:повышен,контраст:умеренный,центр:оттенок_как_периферия,насыщенность_центра:умеренно_выше,яркость_центра:темнее,ободок:слегка_темнее,яркость_асимметрия:сильная_лево_право,яркость_асимметрия:слабая,насыщенность_асимметрия:сильная_право_лево,насыщенность_асимметрия:слабая,разнообразие_оттенка:среднее,разнообразие_насыщенности:высокое,разнообразие_яркости:среднее,вариабельность_оттенка:низкая,вариабельность_насыщенности:средняя,вариабельность_яркости:высокая,насыщенность:средняя,яркость:средняя,энергия_текстуры:низкая,энтропия_текстуры:высокая,энтропия_lbp:средняя,среднее_lbp:среднее,разброс_lbp:средний,медиана_lbp:типичная,темные_пиксели:единичные,белые_пиксели:нет,красные_пиксели:преобладают,синие_пиксели:нет,яркие_выбросы:нет,темные_выбросы:много
/kaggle/input/datasets/mihailodin1/all-image-skin/1047.jpg,success,3.5420437231843533,137.29185242413496,160.87173868990322,4.3820578325984085,45.6103751905731,44.19342205392044,0.24590060958229407,0.2771002581974846,0.47699912925513166,0.4960204443499022,2.350198296409326,2.1967629386683147,53.33454333916276,21.374813975918283,"[[178, 86, 200], [6, 194, 99], [6, 138, 174]]",0.006870915446577841,6.332640964587871e-05,0.9850359694006788,0.0,3.8967421262720308,72.46516298353161,-68.07317466805073,-9.78502286579078,-5.833144803483577,21.822388212828542,-16.564525708341762,-43.07143796081013,0.0,0.05501798470033943,157912,1569.983966588974,3.950823698799684,0.8050717057530917,1.2850356294536818,0.7193758777795044,0.9734434718283812,0.6933232642989801,965.2632456719609,1.0564241892313895,0.8733219082529752,0.18743274529285572,0.9089526469541541,0.28075855959875845,5.326941727471645,0.24137357186289884,2.0220154779597506,4.908490415079847,2.022105075170403,5.0,198.44016136829902,2.0,0.5022057536165931,1.168111677952358,0.4168845206405595,выраженная,умеренно неровные,выраженный,умеренно разнообразная,неоднородная,лобуляции слабые,с примесью красного или синего,вытянутая,тёмный ободок по краю,цвет умеренно неоднородный,грубая,овальная,красноватый,средне упорядоченная,размер:маленький,периметр:средний,выпуклость:средняя,плотность:высокая,заполнение_bbox:низкое,вариация_радиуса:средняя,граница:сильно_изрезанная,форма:умеренно_вытянутая,отношение_периметр_площадь:среднее,красный:норма,зеленый:понижен,синий:норма,контраст:выраженный,центр:оттенок_как_периферия,насыщенность_центра:выше,яркость_центра:значительно_темнее,ободок:слегка_темнее,яркость_асимметрия:слабая,яркость_асимметрия:сильная_низ_верх,насыщенность_асимметрия:слабая,насыщенность_асимметрия:слабая,разнообразие_оттенка:среднее,разнообразие_насыщенности:высокое,разнообразие_яркости:высокое,вариабельность_оттенка:низкая,вариабельность_насыщенности:высокая,вариабельность_яркости:высокая,насыщенность:средняя,яркость:средняя,энергия_текстуры:низкая,энтропия_текстуры:высокая,энтропия_lbp:средняя,среднее_lbp:среднее,разброс_lbp:низкий,медиана_lbp:типичная,темные_пиксели:единичные,белые_пиксели:нет,красные_пиксели:преобладают,синие_пиксели:нет,яркие_выбросы:нет,темные_выбросы:много
/kaggle/input/datasets/mihailodin1/all-image-skin/1048.jpg,success,5.471851474694566,156.3614821175995,108.08308244089716,4.13700564260925,54.0380339339128,48.04862180437737,0.23137044559719927,0.28420703075341097,0.4844225191674439,0.4145419999046876,2.3636483708987184,2.287079606528301,73.49201666003246,36.52754529350591,"[[1, 78, 166], [5, 205, 59], [9, 153, 128]]",0.17600020206102243,0.0,0.9851737724792887,0.0,-1.0567898413623311,73.77632425436497,-79.66165490645449,9.70944449703093,-8.07201302709663,6.749058152920085,-3.0865273031411107,-67.56138140702748,0.0,0.0,197960,1710.8224983215332,3.8451760647989253,0.8499187366417535,1.297921478060046,0.6436189926927217,0.9803931279374403,0.8134919004216219,647.3248375369118,1.0498911639748312,0.9687884286735492,0.17010859605991793,0.9164870483935953,0.3084960234257686,5.206190518525511,0.22862045613088175,2.0427532604951,5.015357119216257,2.0602333672194098,5.0,182.11181198237054,1.0,0.4707702353763839,1.2624022454460486,0.41092085566747005,выраженная,умеренно неровные,выраженный,монотонная,неоднородная,лобуляции слабые,с примесью красного или синего,умеренно вытянутая,тёмный ободок по краю,цвет умеренно неоднородный,грубая,овальная,красноватый,средне упорядоченная,размер:маленький,периметр:средний,выпуклость:высокая,плотность:высокая,заполнение_bbox:высокое,вариация_радиуса:средняя,граница:сильно_изрезанная,форма:умеренно_вытянутая,отношение_периметр_площадь:среднее,красный:норма,зеленый:норма,синий:норма,контраст:выраженный,центр:оттенок_как_периферия,насыщенность_центра:выше,яркость_центра:значительно_темнее,ободок:темнее_центра,яркость_асимметрия:слабая,яркость_асимметрия:слабая,насыщенность_асимметрия:слабая,насыщенность_асимметрия:слабая,разнообразие_оттенка:среднее,разнообразие_насыщенности:высокое,разнообразие_яркости:высокое,вариабельность_оттенка:низкая,вариабельность_насыщенности:высокая,вариабельность_яркости:высокая,насыщенность:средняя,яркость:средняя,энергия_текстуры:низкая,энтропия_текстуры:высокая,энтропия_lbp:средняя,среднее_lbp:среднее,разброс_lbp:средний,медиана_lbp:типичная,темные_пиксели:много,белые_пиксели:нет,красные_пиксели:преобладают,синие_пиксели:нет,яркие_выбросы:нет,темные_выбросы:нет
/kaggle/input/datasets/mihailodin1/all-image-skin/1049.jpg,success,10.174709580684342,139.36632713771567,135.5487982105643,2.6244769544953974,50.14506260764961,33.6380054866363,0.23007912659955157,0.30924065071017487,0.4606802192916431,0.6183976138409154,2.351577379894631,2.0463696486712717,56.88039570622367,24.074396987269647,"[[9, 191, 98], [10, 79, 172], [11, 144, 141]]",0.00014630197377618398,0.0,0.9415734939837377,0.0,-1.2562971028278014,79.60504358086344,-56.50625458430753,1.6193013594248953,-0.2596843510315807,1.7586570255050447,-1.0700506390247426,-49.39039993339287,0.0,0.010520737491994031,307583,2114.927179455757,3.8134166129945206,0.8641345222363147,1.1652754590984975,0.5361368620596731,0.9869152701172107,0.7356649812725125,598.2841661455601,1.0457988844400956,0.8855546096370789,0.14083672527982496,0.9300444856988873,0.31082452117661474,5.090125152307192,0.21571804540812317,2.1135196707420834,5.116240474507031,2.220983780772313,5.0,142.07528864298502,1.0,0.3507061605790853,1.0799126495529345,0.4097665806425604,умеренная,умеренно неровные,выраженный,монотонная,неоднородная,лобуляции слабые,с примесью красного или синего,умеренно вытянутая,тёмный ободок по краю,цвет умеренно неоднородный,грубая,округлая,красноватый,средне упорядоченная,размер:маленький,периметр:средний,выпуклость:высокая,плотность:высокая,заполнение_bbox:среднее,вариация_радиуса:средняя,граница:сильно_изрезанная,форма:умеренно_вытянутая,отношение_периметр_площадь:среднее,красный:норма,зеленый:норма,синий:норма,контраст:выраженный,центр:оттенок_как_периферия,насыщенность_центра:выше,яркость_центра:значительно_темнее,ободок:слегка_темнее,яркость_асимметрия:слабая,яркость_асимметрия:слабая,насыщенность_асимметрия:слабая,насыщенность_асимметрия:слабая,разнообразие_оттенка:среднее,разнообразие_насыщенности:высокое,разнообразие_яркости:среднее,вариабельность_оттенка:низкая,вариабельность_насыщенности:высокая,вариабельность_яркости:средняя,насыщенность:средняя,яркость:средняя,энергия_текстуры:низкая,энтропия_текстуры:высокая,энтропия_lbp:высокая,среднее_lbp:высокое,разброс_lbp:средний,медиана_lbp:типичная,темные_пиксели:нет,белые_пиксели:нет,красные_пиксели:много,синие_пиксели:нет,яркие_выбросы:нет,темные_выбросы:умеренно
/kaggle/input/datasets/mihailodin1/all-image-skin/105.jpg,success,9.130357023645642,111.74649749195676,181.98176160611348,2.7060787179333112,33.50282607757293,16.5847237123126,0.2514571400246734,0.30927381466886283,0.4392690428926558,0.4766165508061862,2.0349241162023333,1.434139604572964,33.66803124083401,11.750847382572024,"[[9, 143, 168], [6, 74, 198], [11, 88, 193]]",0.0,5.734394900613882e-05,0.9793803231784242,0.0,0.19796822600042674,50.84508396814846,-21.555015520838026,-0.8768736959194996,-1.0979440218640946,-9.110879684719123,14.557542876689752,-19.557313067423536,0.0013853090838851431,0.020969776720771185,331334,2271.561736345291,3.9463131329596277,0.8069131228351103,0.8285714285714286,0.575985152801012,0.972717958353272,0.6744575174042259,1037.5757170825348,1.056110530412358,0.9994128396991913,0.17248890002386663,0.9142885030477204,0.3694267980414118,4.773614177624401,0.2100947100947101,2.1144664915069957,4.991741741741742,2.2267390859672167,5.0,98.24130799417938,1.0,0.287992576400506,0.7102322595315123,0.4166403258482647,умеренная,умеренно неровные,умеренный,монотонная,неоднородная,лобуляции слабые,с примесью красного или синего,умеренно вытянутая,без выраженного ободка,цвет однородный,грубая,овальная,красноватый,средне упорядоченная,размер:маленький,периметр:средний,выпуклость:средняя,плотность:высокая,заполнение_bbox:низкое,вариация_радиуса:средняя,граница:сильно_изрезанная,форма:умеренно_вытянутая,отношение_периметр_площадь:среднее,красный:понижен,зеленый:норма,синий:повышен,контраст:умеренный,центр:оттенок_как_периферия,насыщенность_центра:умеренно_выше,яркость_центра:темнее,ободок:слегка_темнее,яркость_асимметрия:слабая,яркость_асимметрия:слабая,насыщенность_асимметрия:слабая,насыщенность_асимметрия:слабая,разнообразие_оттенка:среднее,разнообразие_насыщенности:среднее,разнообразие_яркости:низкое,вариабельность_оттенка:низкая,вариабельность_насыщенности:средняя,вариабельность_яркости:низкая,насыщенность:средняя,яркость:высокая,энергия_текстуры:низкая,энтропия_текстуры:высокая,энтропия_lbp:высокая,среднее_lbp:среднее,разброс_lbp:средний,медиана_lbp:типичная,темные_пиксели:нет,белые_пиксели:нет,красные_пиксели:преобладают,синие_пиксели:нет,яркие_выбросы:единичные,темные_выбросы:умеренно
/kaggle/input/datasets/mihailodin1/all-image-skin/1050.jpg,success,8.897651428592383,142.03257613245776,142.28682577469874,3.4215253782214594,56.77265387972652,43.53110183552603,0.23365131367038133,0.3049322986893406,0.46141638439741717,0.5910761650715226,2.4620533469904173,2.216245412562119,71.48295317809543,28.233130824560774,"[[11, 128, 165], [9, 196, 98], [6, 62, 192]]",0.005831137740567868,0.0004279734121517701,0.9183540410052026,0.0,0.49998109791806655,68.20950745166189,-52.07164515142976,41.74692794307887,-39.816716512442994,16.81530079288757,-11.514798369599049,-53.147853080389496,0.0,0.007954287089914538,299084,2183.81448161602,3.9931824290620748,0.788082277470003,1.5076923076923077,0.7879594764980531,0.9887009011510668,0.7336244113029827,3219.7682037205145,1.05041237312521,0.9365545042591532,0.18685527449743863,0.9126834915208417,0.2746384299202161,5.346915416445064,0.22091440278741886,2.075745244821788,5.005886872308449,2.1393192276641075,5.0,230.6748773190182,1.0,0.6478258920951804,1.2648574443611216,0.42186497024209263,выраженная,умеренно неровные,выраженный,монотонная,неоднородная,лобуляции слабые,с примесью красного или синего,вытянутая,тёмный ободок по краю,цвет умеренно неоднородный,грубая,овальная,красноватый,средне упорядоченная,размер:маленький,периметр:средний,выпуклость:средняя,плотность:высокая,заполнение_bbox:среднее,вариация_радиуса:высокая,граница:сильно_изрезанная,форма:умеренно_вытянутая,отношение_периметр_площадь:среднее,красный:норма,зеленый:норма,синий:норма,контраст:выраженный,центр:оттенок_как_периферия,насыщенность_центра:выше,яркость_центра:значительно_темнее,ободок:темнее_центра,яркость_асимметрия:сильная_право_лево,яркость_асимметрия:сильная_низ_верх,насыщенность_асимметрия:сильная_лево_право,насыщенность_асимметрия:слабая,разнообразие_оттенка:среднее,разнообразие_насыщенности:высокое,разнообразие_яркости:высокое,вариабельность_оттенка:низкая,вариабельность_насыщенности:высокая,вариабельность_яркости:высокая,насыщенность:средняя,яркость:средняя,энергия_текстуры:низкая,энтропия_текстуры:высокая,энтропия_lbp:средняя,среднее_lbp:среднее,разброс_lbp:средний,медиана_lbp:типичная,темные_пиксели:единичные,белые_пиксели:единичные,красные_пиксели:много,синие_пиксели:нет,яркие_выбросы:нет,темные_выбросы:нет
/kaggle/input/datasets/mihailodin1/all-image-skin/1051.jpg,success,4.25288248205181,155.04548645725268,161.13934315971025,2.8472413677056645,31.182372836815862,23.766222841305908,0.21540327473316492,0.2603889652459282,0.5242077567677736,0.24435638307163118,2.0348608718021373,1.8149523575956856,41.975112076791774,18.028809482134136,"[[5, 183, 139], [1, 112, 190], [5, 147, 170]]",0.0,0.0,0.999810204371196,0.0,1.4360927786245696,35.79550321440735,-24.279529841398215,-0.5830379871384253,7.967714789660221,-3.646871914196794,7.885440433629299,-28.707834564139688,0.006591252079920544,0.019477085402504934,542689,3085.1739959716797,4.187975696978545,0.7164758534453082,0.7518796992481203,0.7448548980725453,0.9418037808279086,0.6375575657894736,5669.352963591709,1.069754637967411,0.9487818047299855,0.17055447787857578,0.9162100655868208,0.3514880798938169,4.897693259111668,0.21686849735630223,2.0722816602758236,4.959721614546641,2.1271951568934395,5.0,81.59419095905487,1.0,0.3724274490362727,0.7054830981393143,0.4306717858831676,умеренная,фестончатые,выраженный,монотонная,неоднородная,лобуляции слабые,с примесью красного или синего,умеренно вытянутая,тёмный ободок по краю,цвет однородный,грубая,овальная,красноватый,средне упорядоченная,размер:средний,периметр:большой,выпуклость:средняя,плотность:средняя,заполнение_bbox:низкое,вариация_радиуса:высокая,граница:сильно_изрезанная,форма:умеренно_вытянутая,отношение_периметр_площадь:среднее,красный:повышен,зеленый:понижен,синий:норма,контраст:умеренный,центр:оттенок_как_периферия,насыщенность_центра:умеренно_выше,яркость_центра:темнее,ободок:слегка_темнее,яркость_асимметрия:слабая,яркость_асимметрия:слабая,насыщенность_асимметрия:слабая,насыщенность_асимметрия:слабая,разнообразие_оттенка:низкое,разнообразие_насыщенности:среднее,разнообразие_яркости:среднее,вариабельность_оттенка:низкая,вариабельность_насыщенности:средняя,вариабельность_яркости:средняя,насыщенность:средняя,яркость:средняя,энергия_текстуры:низкая,энтропия_текстуры:высокая,энтропия_lbp:средняя,среднее_lbp:среднее,разброс_lbp:средний,медиана_lbp:типичная,темные_пиксели:нет,белые_пиксели:нет,красные_пиксели:преобладают,синие_пиксели:нет,яркие_выбросы:единичные,темные_выбросы:умеренно
/kaggle/input/datasets/mihailodin1/all-image-skin/1052.jpg,success,8.903154525816676,182.58495299848488,150.292965249833,1.2829706283446576,25.542240985479918,21.032254201386568,0.1644977478935942,0.2810450753234533,0.5544571730937766,0.1011487474329725,1.800621966124684,1.6836241284760731,35.55594572446393,16.81334305582407,"[[9, 148, 176], [9, 183, 154], [9, 206, 130]]",0.0,0.0,1.0,0.0,-0.21580956933212292,27.204007986068973,-22.506948652392765,7.8265891735055675,-7.516611265864128,3.2183074348195646,-9.72809866074391,-28.837039034778456,0.007640800899301086,0.01776608396735146,122762,1353.5432798862457,3.8631375285554004,0.8420338007716114,1.0837837837837838,0.4739183078983052,0.9744021208537389,0.8274044618184269,286.5336053955684,1.0511518786093546,0.9274579811597499,0.21457233308578028,0.8936429283835478,0.3673454373007694,4.794169852418196,0.14575111812680874,2.258478747629233,5.072267166535123,2.7117153588644376,5.0,78.21637274272703,1.0,0.2788510458410445,0.5337978263383967,0.24111663537530337,слабая,умеренно неровные,выраженный,монотонная,неоднородная,лобуляции слабые,с примесью красного или синего,умеренно вытянутая,тёмный ободок по краю,цвет однородный,грубая,овальная,красноватый,хаотичная,размер:маленький,периметр:средний,выпуклость:средняя,плотность:высокая,заполнение_bbox:высокое,вариация_радиуса:низкая,граница:сильно_изрезанная,форма:округлая,отношение_периметр_площадь:среднее,красный:повышен,зеленый:норма,синий:понижен,контраст:умеренный,центр:оттенок_как_периферия,насыщенность_центра:умеренно_выше,яркость_центра:темнее,ободок:слегка_темнее,яркость_асимметрия:слабая,яркость_асимметрия:слабая,насыщенность_асимметрия:слабая,насыщенность_асимметрия:слабая,разнообразие_оттенка:низкое,разнообразие_насыщенности:низкое,разнообразие_яркости:среднее,вариабельность_оттенка:низкая,вариабельность_насыщенности:низкая,вариабельность_яркости:средняя,насыщенность:высокая,яркость:средняя,энергия_текстуры:низкая,энтропия_текстуры:высокая,энтропия_lbp:высокая,среднее_lbp:среднее,разброс_lbp:высокий,медиана_lbp:типичная,темные_пиксели:нет,белые_пиксели:нет,красные_пиксели:преобладают,синие_пиксели:нет,яркие_выбросы:единичные,темные_выбросы:умеренно
/kaggle/input/datasets/mihailodin1/all-image-skin/1053.jpg,success,8.276538235200624,173.29451630131183,120.4509579437818,2.2913726891111184,35.85777993541783,36.89149250129849,0.18872154198939287,0.28502622509748443,0.5262522285441062,0.24491290820533315,2.0557867434561024,2.16760966048622,62.054528236709466,30.787345914814694,"[[10, 175, 131], [9, 123, 165], [7, 205, 83]]",0.011875310771572918,0.0,0.9992633562716006,0.0,-2.4728183539306627,41.623759369709546,-54.969111514842126,0.19246636769975112,-3.535443012215808,15.078490076060334,-12.15991098563012,-47.815228566341546,0.0001104965592599186,0.0073602985862579115,325802,2201.6723462343216,3.8572324753111342,0.844613920316582,0.935672514619883,0.36031658820920487,0.9796052137047672,0.7442479897660819,357.03141690688426,1.0552387770585019,0.9014772630864393,0.22168359352298903,0.8914334336029999,0.2981006157424938,5.195999760614512,0.14817264043954279,2.236191745468167,5.046562363840313,2.592017275761885,5.0,130.03199968008835,1.0,0.18015829410460243,0.8651000410555337,0.29584593605629195,умеренная,умеренно неровные,выраженный,монотонная,неоднородная,лобуляции слабые,с примесью красного или синего,округлая,тёмный ободок по краю,цвет умеренно неоднородный,грубая,овальная,красноватый,хаотичная,размер:маленький,периметр:средний,выпуклость:средняя,плотность:высокая,заполнение_bbox:среднее,вариация_радиуса:низкая,граница:сильно_изрезанная,форма:округлая,отношение_периметр_площадь:среднее,красный:повышен,зеленый:норма,синий:понижен,контраст:выраженный,центр:оттенок_как_периферия,насыщенность_центра:умеренно_выше,яркость_центра:значительно_темнее,ободок:слегка_темнее,яркость_асимметрия:слабая,яркость_асимметрия:сильная_низ_верх,насыщенность_асимметрия:слабая,насыщенность_асимметрия:слабая,разнообразие_оттенка:низкое,разнообразие_насыщенности:среднее,разнообразие_яркости:высокое,вариабельность_оттенка:низкая,вариабельность_насыщенности:средняя,вариабельность_яркости:высокая,насыщенность:высокая,яркость:средняя,энергия_текстуры:низкая,энтропия_текстуры:высокая,энтропия_lbp:высокая,среднее_lbp:среднее,разброс_lbp:высокий,медиана_lbp:типичная,темные_пиксели:единичные,белые_пиксели:нет,красные_пиксели:преобладают,синие_пиксели:нет,яркие_выбросы:нет,темные_выбросы:нет
/kaggle/input/datasets/mihailodin1/all-image-skin/1054.jpg,success,7.986853608897843,163.60870544165155,162.26311795443135,1.8709609466347918,35.100584683914526,23.453039443446652,0.1962826472746987,0.2827308691637877,0.5209864803507626,0.1343679993826145,2.0903453875123335,1.7978758813821059,51.19613804712005,20.654462841518818,"[[7, 196, 139], [9, 163, 168], [8, 113, 192]]",0.0,0.0,0.9997831811988078,0.0,-1.2968964744870277,49.68926995944324,-35.00727341040238,-1.2543032536848955,-1.7397651477814122,0.27523590976946366,0.9893363430182944,-36.619418770277406,0.0054054594974140184,0.020619467993375353,599579,2974.1618033647537,3.840974156016624,0.8517793242400754,1.187725631768953,0.5629377191277097,0.9874782190512894,0.7310182797547419,1195.1867903898315,1.0565341164416275,0.9506429612043082,0.2151552299829567,0.8934551505681229,0.31899409445244004,5.077856519039615,0.16380508495888274,2.2625493779393646,5.15172055359493,2.8314508632916113,5.0,90.25208049858671,1.0,0.3753316754483314,0.6814936060070919,0.40861282676875854,умеренная,умеренно неровные,выраженный,монотонная,неоднородная,лобуляции слабые,с примесью красного или синего,умеренно вытянутая,тёмный ободок по краю,цвет однородный,грубая,округлая,красноватый,хаотичная,размер:средний,периметр:средний,выпуклость:средняя,плотность:высокая,заполнение_bbox:среднее,вариация_радиуса:средняя,граница:сильно_изрезанная,форма:умеренно_вытянутая,отношение_периметр_площадь:среднее,красный:повышен,зеленый:норма,синий:понижен,контраст:выраженный,центр:оттенок_как_периферия,насыщенность_центра:умеренно_выше,яркость_центра:темнее,ободок:слегка_темнее,яркость_асимметрия:слабая,яркость_асимметрия:слабая,насыщенность_асимметрия:слабая,насыщенность_асимметрия:слабая,разнообразие_оттенка:низкое,разнообразие_насыщенности:среднее,разнообразие_яркости:среднее,вариабельность_оттенка:низкая,вариабельность_насыщенности:средняя,вариабельность_яркости:средняя,насыщенность:высокая,яркость:средняя,энергия_текстуры:низкая,энтропия_текстуры:высокая,энтропия_lbp:высокая,среднее_lbp:высокое,разброс_lbp:высокий,медиана_lbp:типичная,темные_пиксели:нет,белые_пиксели:нет,красные_пиксели:преобладают,синие_пиксели:нет,яркие_выбросы:единичные,темные_выбросы:умеренно
/kaggle/input/datasets/mihailodin1/all-image-skin/1055.jpg,success,10.97321199357408,171.9247110438341,137.04158274857926,1.7627218700728282,31.906378457129257,26.628692066113928,0.18002436554000598,0.30350837172216283,0.5164672589691411,0.6656727302359577,1.9885940349877118,1.8626909416050101,48.34989830727532,22.275702445296997,"[[12, 128, 171], [10, 201, 111], [12, 173, 142]]",0.0,0.0,0.9754082588226239,0.0,-1.3852063897999471,39.757308679091494,-36.09789513728657,9.840420240793037,-12.272168705031419,2.2095416699887096,-2.4526674638468933,-31.501799114259768,0.0015201467550960193,0.0007568663168832501,155906,1547.7585709095001,3.9198712535637443,0.8178360645093443,0.6449912126537786,0.7513115600879037,0.9895903418684067,0.7465940054495913,1276.099460046098,1.0402539973262972,1.0131581192005599,0.22132272003086026,0.891547763508291,0.3287421190797402,4.999385612361574,0.14638506227291273,2.2579400463061123,5.085401001288852,2.712447971162398,5.0,104.01520828583807,1.0,0.37565578004395184,0.8105262834605156,0.4194141448193917,умеренная,умеренно неровные,выраженный,монотонная,неоднородная,лобуляции слабые,с примесью красного или синего,умеренно вытянутая,тёмный ободок по краю,цвет однородный,грубая,овальная,красноватый,хаотичная,размер:маленький,периметр:средний,выпуклость:высокая,плотность:высокая,заполнение_bbox:среднее,вариация_радиуса:средняя,граница:сильно_изрезанная,форма:умеренно_вытянутая,отношение_периметр_площадь:среднее,красный:норма,зеленый:норма,синий:понижен,контраст:умеренный,центр:оттенок_как_периферия,насыщенность_центра:умеренно_выше,яркость_центра:темнее,ободок:слегка_темнее,яркость_асимметрия:слабая,яркость_асимметрия:слабая,насыщенность_асимметрия:слабая,насыщенность_асимметрия:слабая,разнообразие_оттенка:среднее,разнообразие_насыщенности:низкое,разнообразие_яркости:среднее,вариабельность_оттенка:низкая,вариабельность_насыщенности:средняя,вариабельность_яркости:средняя,насыщенность:высокая,яркость:средняя,энергия_текстуры:низкая,энтропия_текстуры:высокая,энтропия_lbp:высокая,среднее_lbp:среднее,разброс_lbp:высокий,медиана_lbp:типичная,темные_пиксели:нет,белые_пиксели:нет,красные_пиксели:преобладают,синие_пиксели:нет,яркие_выбросы:единичные,темные_выбросы:нет
/kaggle/input/datasets/mihailodin1/all-image-skin/1056.jpg,success,9.387773446791426,180.54985864976277,148.4469033712343,1.4703415328482847,28.163192847178983,28.83550382063559,0.16932882370558341,0.28737318879491275,0.5432979838396229,0.25506709070025485,1.8824708762608546,1.9476538394671414,50.037414484897816,22.517332274741705,"[[9, 207, 119], [10, 183, 152], [10, 145, 182]]",0.0,0.0,0.9999377311730202,0.0,-1.2793113009056043,40.15604519394958,-42.78295628641331,6.162852638062759,-2.8445735953602025,4.874684740402216,-2.496401488682608,-40.63315155896342,0.0006226882697983736,0.010025281143753813,80297,1076.6660823822021,3.7995430716549503,0.8704565947670326,0.75,0.6622676354606406,0.9895739620176726,0.8640775654269972,311.3884173867785,1.038547066392646,0.9441340204902564,0.24171782795373822,0.8814285498517352,0.3194861610816333,5.054033407455964,0.13724280353590046,2.2525210468075008,5.000440728335055,2.6512355797170652,5.0,100.59682524377628,1.0,0.3311338177303203,0.6827651237814856,0.26001234436575027,умеренная,умеренно неровные,выраженный,монотонная,неоднородная,лобуляции слабые,с примесью красного или синего,умеренно вытянутая,тёмный ободок по краю,цвет однородный,грубая,округлая,красноватый,хаотичная,размер:очень_маленький,периметр:средний,выпуклость:высокая,плотность:высокая,заполнение_bbox:высокое,вариация_радиуса:низкая,граница:сильно_изрезанная,форма:умеренно_вытянутая,отношение_периметр_площадь:среднее,красный:повышен,зеленый:норма,синий:понижен,контраст:выраженный,центр:оттенок_как_периферия,насыщенность_центра:умеренно_выше,яркость_центра:темнее,ободок:слегка_темнее,яркость_асимметрия:слабая,яркость_асимметрия:слабая,насыщенность_асимметрия:слабая,насыщенность_асимметрия:слабая,разнообразие_оттенка:низкое,разнообразие_насыщенности:низкое,разнообразие_яркости:среднее,вариабельность_оттенка:низкая,вариабельность_насыщенности:низкая,вариабельность_яркости:средняя,насыщенность:высокая,яркость:средняя,энергия_текстуры:низкая,энтропия_текстуры:высокая,энтропия_lbp:высокая,среднее_lbp:среднее,разброс_lbp:высокий,медиана_lbp:типичная,темные_пиксели:нет,белые_пиксели:нет,красные_пиксели:преобладают,синие_пиксели:нет,яркие_выбросы:нет,темные_выбросы:умеренно
/kaggle/input/datasets/mihailodin1/all-image-skin/1057.jpg,success,8.858287441752077,183.68418929496818,129.6134837826115,2.588346963632193,28.925259797644056,35.876438656089455,0.16798948027788224,0.28406962467365077,0.5479408908209679,0.46327122644018653,1.8799150925304717,2.184655446454251,54.99694282239136,27.055749696678934,"[[9, 195, 129], [11, 150, 168], [6, 210, 87]]",0.010159499334207569,0.0,0.9921002747895451,0.0,-3.305824826930589,35.89538861067956,-51.18116634100501,-5.0206005706285595,-3.746784200542095,-13.634139892255106,1.715032020963605,-52.026154323512216,0.0011545460408428564,0.024005199883154377,790787,3547.260220646858,3.988993127757647,0.789738458695388,1.5253399258343634,0.8017175250111508,0.9878638654244462,0.7921288662995114,9057.731708705196,1.0484110930420145,0.9944037676670003,0.18447958775299622,0.9095356102204163,0.3073501237678565,5.151961944966185,0.15553374289218985,2.251409694687649,5.200217392960633,2.750585969930444,5.0,114.49893646300453,1.0,0.6635287254227571,0.8501130232684548,0.4221511566692192,умеренная,умеренно неровные,выраженный,монотонная,неоднородная,лобуляции слабые,с примесью красного или синего,вытянутая,тёмный ободок по краю,цвет умеренно неоднородный,грубая,овальная,красноватый,хаотичная,размер:средний,периметр:большой,выпуклость:высокая,плотность:высокая,заполнение_bbox:среднее,вариация_радиуса:высокая,граница:сильно_изрезанная,форма:сильно_вытянутая,отношение_периметр_площадь:среднее,красный:повышен,зеленый:норма,синий:понижен,контраст:выраженный,центр:оттенок_как_периферия,насыщенность_центра:умеренно_выше,яркость_центра:значительно_темнее,ободок:темнее_центра,яркость_асимметрия:слабая,яркость_асимметрия:слабая,насыщенность_асимметрия:слабая,насыщенность_асимметрия:слабая,разнообразие_оттенка:среднее,разнообразие_насыщенности:низкое,разнообразие_яркости:высокое,вариабельность_оттенка:низкая,вариабельность_насыщенности:низкая,вариабельность_яркости:высокая,насыщенность:высокая,яркость:средняя,энергия_текстуры:низкая,энтропия_текстуры:высокая,энтропия_lbp:высокая,среднее_lbp:высокое,разброс_lbp:высокий,медиана_lbp:типичная,темные_пиксели:единичные,белые_пиксели:нет,красные_пиксели:преобладают,синие_пиксели:нет,яркие_выбросы:единичные,темные_выбросы:умеренно
/kaggle/input/datasets/mihailodin1/all-image-skin/1058.jpg,success,9.521614606083117,163.9889723858311,157.1403350408834,1.6083729112103973,32.193686892867206,27.62892168681352,0.19328344388205998,0.29493179338212777,0.511784759478948,0.3295752706373933,2.0260486956451578,1.9173469500175564,42.79736393294452,18.230052627015855,"[[10, 128, 185], [9, 199, 124], [10, 169, 158]]",0.0,0.0,0.99958627641249,0.0,-0.6753081387527686,47.412633753632065,-41.28072189091199,10.879241115183191,-10.990798756548344,-2.275784097295684,1.003496251891363,-35.20432675140438,0.00014292269386711199,0.022604352372140604,132939,1421.6753106117249,3.8991883796639715,0.8265353429626137,0.8375527426160337,0.7438337727250558,0.987446983933625,0.7064534642731881,974.5236171578098,1.038175405254397,0.838580541682197,0.22142674570254262,0.8905746701584635,0.3093261445377273,5.089566686125248,0.15887246894350948,2.262011704939337,5.135820385214451,2.7882507775694183,5.0,114.5179840042154,1.0,0.3719168863625279,0.7342323338298354,0.41848650689847877,умеренная,умеренно неровные,выраженный,монотонная,неоднородная,лобуляции слабые,с примесью красного или синего,умеренно вытянутая,тёмный ободок по краю,цвет однородный,грубая,овальная,красноватый,хаотичная,размер:маленький,периметр:средний,выпуклость:высокая,плотность:высокая,заполнение_bbox:среднее,вариация_радиуса:средняя,граница:сильно_изрезанная,форма:умеренно_вытянутая,отношение_периметр_площадь:среднее,красный:норма,зеленый:норма,синий:понижен,контраст:умеренный,центр:оттенок_как_периферия,насыщенность_центра:умеренно_выше,яркость_центра:темнее,ободок:слегка_темнее,яркость_асимметрия:слабая,яркость_асимметрия:слабая,насыщенность_асимметрия:слабая,насыщенность_асимметрия:слабая,разнообразие_оттенка:низкое,разнообразие_насыщенности:среднее,разнообразие_яркости:среднее,вариабельность_оттенка:низкая,вариабельность_насыщенности:средняя,вариабельность_яркости:средняя,насыщенность:высокая,яркость:средняя,энергия_текстуры:низкая,энтропия_текстуры:высокая,энтропия_lbp:высокая,среднее_lbp:высокое,разброс_lbp:высокий,медиана_lbp:типичная,темные_пиксели:нет,белые_пиксели:нет,красные_пиксели:преобладают,синие_пиксели:нет,яркие_выбросы:нет,темные_выбросы:умеренно
/kaggle/input/datasets/mihailodin1/all-image-skin/1059.jpg,success,7.643922211103668,168.68156657479676,153.32085755533424,2.116685011812078,31.58261193491761,27.8078628008659,0.19066426319557328,0.2783085460278328,0.5310271873130908,0.09040373610845172,1.9890337569388639,1.9266051576876384,41.79487065009971,18.686344164317187,"[[8, 199, 125], [9, 168, 160], [6, 128, 185]]",0.0,1.9300399132254054e-05,0.9997085639731029,0.0,0.15377890285810736,45.238832055009226,-41.68555464212275,0.4154250523631333,-2.4110826886589223,2.384833685845024,-3.3364014029625366,-30.998029384658935,0.0011425836286294401,0.01923091769537794,518124,2831.429705619812,3.9335885330544733,0.8121420651857206,0.7323498419388831,0.6754353378639367,0.9815780300389506,0.7855660255778517,2683.398882026054,1.0484119519922037,0.9235210732451261,0.2119458872422014,0.8955573046972116,0.32401710032874037,5.0202719687274815,0.15842350053605944,2.26110453925792,5.139846568734842,2.792064744361058,5.0,95.6259084298197,1.0,0.33771766893196836,0.6870618484453507,0.41799555438142444,умеренная,умеренно неровные,выраженный,монотонная,неоднородная,лобуляции слабые,с примесью красного или синего,умеренно вытянутая,тёмный ободок по краю,цвет однородный,грубая,овальная,красноватый,хаотичная,размер:средний,периметр:средний,выпуклость:высокая,плотность:высокая,заполнение_bbox:среднее,вариация_радиуса:средняя,граница:сильно_изрезанная,форма:умеренно_вытянутая,отношение_периметр_площадь:среднее,красный:повышен,зеленый:понижен,синий:понижен,контраст:умеренный,центр:оттенок_как_периферия,насыщенность_центра:умеренно_выше,яркость_центра:темнее,ободок:слегка_темнее,яркость_асимметрия:слабая,яркость_асимметрия:слабая,насыщенность_асимметрия:слабая,насыщенность_асимметрия:слабая,разнообразие_оттенка:низкое,разнообразие_насыщенности:низкое,разнообразие_яркости:среднее,вариабельность_оттенка:низкая,вариабельность_насыщенности:средняя,вариабельность_яркости:средняя,насыщенность:высокая,яркость:средняя,энергия_текстуры:низкая,энтропия_текстуры:высокая,энтропия_lbp:высокая,среднее_lbp:высокое,разброс_lbp:высокий,медиана_lbp:типичная,темные_пиксели:нет,белые_пиксели:нет,красные_пиксели:преобладают,синие_пиксели:нет,яркие_выбросы:единичные,темные_выбросы:умеренно
/kaggle/input/datasets/mihailodin1/all-image-skin/106.jpg,success,10.384419662353274,153.6595695031181,136.22338362502515,1.8244285996121672,36.553852866426894,25.705290986269716,0.20649499889250636,0.3045149267546229,0.48899007076325174,0.5715838603068575,2.0838963526548504,1.8283172487686805,60.82633916318521,26.158109869076295,"[[11, 96, 172], [10, 183, 114], [11, 147, 146]]",0.0,0.0,0.9844779722389861,0.0,-0.9301549883263363,44.32430200902601,-32.82265791219312,-7.997538668111076,11.230569048338111,3.546305212455991,-6.809941109840423,-41.206394904017344,0.0067431100382216854,0.0021726010863005432,124275,1340.9230035543442,3.803749911514668,0.8685322587191929,1.1174934725848564,0.4332811821117835,0.9858557172095385,0.7581257167955882,125.82917946179313,1.0475392278110272,0.9863939984017782,0.17354236368374842,0.9139245214875582,0.35636421463967777,4.9025070021282575,0.2319949271179689,2.0427338252602,4.964205289129887,2.0602385287123512,5.0,107.66146894829107,1.0,0.27538732734831994,0.8263016902574194,0.10918281858972648,умеренная,умеренно неровные,выраженный,монотонная,неоднородная,лобуляции отсутствуют,с примесью красного или синего,умеренно вытянутая,тёмный ободок по краю,цвет однородный,грубая,округлая,красноватый,средне упорядоченная,размер:маленький,периметр:средний,выпуклость:высокая,плотность:высокая,заполнение_bbox:среднее,вариация_радиуса:низкая,граница:сильно_изрезанная,форма:округлая,отношение_периметр_площадь:среднее,красный:норма,зеленый:норма,синий:норма,контраст:выраженный,центр:оттенок_как_периферия,насыщенность_центра:умеренно_выше,яркость_центра:темнее,ободок:слегка_темнее,яркость_асимметрия:слабая,яркость_асимметрия:слабая,насыщенность_асимметрия:слабая,насыщенность_асимметрия:слабая,разнообразие_оттенка:среднее,разнообразие_насыщенности:среднее,разнообразие_яркости:среднее,вариабельность_оттенка:низкая,вариабельность_насыщенности:средняя,вариабельность_яркости:средняя,насыщенность:средняя,яркость:средняя,энергия_текстуры:низкая,энтропия_текстуры:высокая,энтропия_lbp:средняя,среднее_lbp:среднее,разброс_lbp:средний,медиана_lbp:типичная,темные_пиксели:нет,белые_пиксели:нет,красные_пиксели:преобладают,синие_пиксели:нет,яркие_выбросы:единичные,темные_выбросы:нет
/kaggle/input/datasets/mihailodin1/all-image-skin/1060.jpg,success,7.6287091762325785,192.5933611005932,102.07545121797298,2.216716195749382,25.604041046959246,36.72470661748789,0.15771526692306853,0.2693182644768952,0.5729664629868702,0.1670270656520387,1.7391372388380792,2.1385701193701268,67.60326212732146,38.226384759784814,"[[8, 200, 106], [6, 210, 67], [10, 156, 152]]",0.04009844755774328,0.0,0.9998422314779755,0.0,-2.491679362096079,26.385144513412513,-49.438371798178665,6.168767390366639,-4.991561706206568,1.0231734709634424,1.6708438156547913,-60.13248259804291,0.007301527199293197,0.0,158460,1505.650925397873,3.782374000624138,0.8783769381032493,1.0363636363636364,0.5200173844547519,0.987923714283933,0.7897727272727273,196.08234070661078,1.0461799195126047,0.9236693281248544,0.19727779156641737,0.903363143271665,0.3531941337240927,4.954226413939558,0.16123094951502068,2.215240249452656,5.079322621117458,2.5023995906743055,5.0,92.1695420568787,1.0,0.2781905104091941,0.7389347829157937,0.16418994675831758,умеренная,умеренно неровные,выраженный,монотонная,неоднородная,лобуляции отсутствуют,с примесью красного или синего,умеренно вытянутая,тёмный ободок по краю,цвет однородный,грубая,округлая,красноватый,хаотичная,размер:маленький,периметр:средний,выпуклость:высокая,плотность:высокая,заполнение_bbox:среднее,вариация_радиуса:низкая,граница:сильно_изрезанная,форма:умеренно_вытянутая,отношение_периметр_площадь:среднее,красный:повышен,зеленый:понижен,синий:понижен,контраст:выраженный,центр:оттенок_как_периферия,насыщенность_центра:умеренно_выше,яркость_центра:темнее,ободок:темнее_центра,яркость_асимметрия:слабая,яркость_асимметрия:слабая,насыщенность_асимметрия:слабая,насыщенность_асимметрия:слабая,разнообразие_оттенка:низкое,разнообразие_насыщенности:низкое,разнообразие_яркости:высокое,вариабельность_оттенка:низкая,вариабельность_насыщенности:низкая,вариабельность_яркости:высокая,насыщенность:высокая,яркость:средняя,энергия_текстуры:низкая,энтропия_текстуры:высокая,энтропия_lbp:высокая,среднее_lbp:среднее,разброс_lbp:высокий,медиана_lbp:типичная,темные_пиксели:единичные,белые_пиксели:нет,красные_пиксели:преобладают,синие_пиксели:нет,яркие_выбросы:единичные,темные_выбросы:нет
/kaggle/input/datasets/mihailodin1/all-image-skin/1061.jpg,success,7.763837440924102,175.29625207798097,156.617198126039,1.517439629398893,24.744922548629347,25.24680341137403,0.17836140188214755,0.2743624851822831,0.5472761094412143,0.026454099741070103,1.813926551011544,1.827475234662082,32.29817938032874,15.136248663983151,"[[8, 146, 183], [7, 201, 129], [9, 173, 164]]",0.0,0.0,0.9999697748224271,0.0,-0.24601770726330585,31.162552692050298,-32.48671760595644,2.2704991659976486,-4.376282397751851,0.6216421139147599,-7.847680800900946,-28.462076141652318,0.0002720265981562642,0.022396856581532416,66170,993.8965303897858,3.863764137857618,0.8417607077931573,1.389121338912134,0.6978446668972283,0.9830050212437235,0.8339214598981701,364.5000642254166,1.0335228561743197,0.9473319476425863,0.20872441156991653,0.8991629227252816,0.35523839745011493,4.8528575561275265,0.25387928401246257,2.006166327569638,4.874747999266907,2.013045487376646,5.0,79.01139248383525,1.0,0.5434830029046811,0.5571121055152645,0.30882550486735877,слабая,умеренно неровные,выраженный,монотонная,неоднородная,лобуляции слабые,с примесью красного или синего,вытянутая,тёмный ободок по краю,цвет однородный,грубая,овальная,красноватый,средне упорядоченная,размер:очень_маленький,периметр:маленький,выпуклость:высокая,плотность:высокая,заполнение_bbox:высокое,вариация_радиуса:низкая,граница:сильно_изрезанная,форма:умеренно_вытянутая,отношение_периметр_площадь:среднее,красный:повышен,зеленый:понижен,синий:понижен,контраст:умеренный,центр:оттенок_как_периферия,насыщенность_центра:умеренно_выше,яркость_центра:темнее,ободок:слегка_темнее,яркость_асимметрия:слабая,яркость_асимметрия:слабая,насыщенность_асимметрия:слабая,насыщенность_асимметрия:слабая,разнообразие_оттенка:низкое,разнообразие_насыщенности:низкое,разнообразие_яркости:среднее,вариабельность_оттенка:низкая,вариабельность_насыщенности:низкая,вариабельность_яркости:средняя,насыщенность:высокая,яркость:средняя,энергия_текстуры:низкая,энтропия_текстуры:высокая,энтропия_lbp:средняя,среднее_lbp:низкое,разброс_lbp:низкий,медиана_lbp:типичная,темные_пиксели:нет,белые_пиксели:нет,красные_пиксели:преобладают,синие_пиксели:нет,яркие_выбросы:нет,темные_выбросы:умеренно
/kaggle/input/datasets/mihailodin1/all-image-skin/1062.jpg,success,11.295420288668776,183.13704482636635,120.48786138852498,2.815235922495765,34.31140320494575,36.627937327890756,0.16753514241079706,0.30694105417985246,0.5255237990477177,0.695268738025145,2.0645798800075674,2.1501837641537525,58.133465283494075,28.65854437055342,"[[14, 143, 158], [8, 219, 74], [12, 191, 125]]",0.01872592200966424,0.0,0.8804643188965817,0.0,-3.99774745010005,52.108653945190184,-59.459202003791646,-2.7702919538626105,3.3458645739914914,4.6237418342702625,-5.470535608889833,-45.148494386989185,3.887465644522367e-06,0.012241629314600933,257237,1977.9250915050507,3.899807066091802,0.8262731117151692,1.2669245647969052,0.6823804812694003,0.9817644028013663,0.7596290991775806,1413.149804238346,1.0406610587194691,0.9078865604439158,0.16729404822892602,0.9171210088120932,0.30118763499072837,5.117855968605803,0.22705291309846856,2.0437680942481733,4.991882716411949,2.0634636024141715,5.0,131.77603737009608,1.0,0.47465252303315275,0.9770517872511768,0.41778721234104443,умеренная,умеренно неровные,выраженный,монотонная,неоднородная,лобуляции слабые,с примесью красного или синего,умеренно вытянутая,тёмный ободок по краю,цвет умеренно неоднородный,грубая,овальная,красноватый,средне упорядоченная,размер:маленький,периметр:средний,выпуклость:высокая,плотность:высокая,заполнение_bbox:среднее,вариация_радиуса:средняя,граница:сильно_изрезанная,форма:умеренно_вытянутая,отношение_периметр_площадь:среднее,красный:повышен,зеленый:норма,синий:понижен,контраст:выраженный,центр:оттенок_как_периферия,насыщенность_центра:умеренно_выше,яркость_центра:значительно_темнее,ободок:слегка_темнее,яркость_асимметрия:слабая,яркость_асимметрия:слабая,насыщенность_асимметрия:слабая,насыщенность_асимметрия:слабая,разнообразие_оттенка:среднее,разнообразие_насыщенности:среднее,разнообразие_яркости:высокое,вариабельность_оттенка:низкая,вариабельность_насыщенности:средняя,вариабельность_яркости:высокая,насыщенность:высокая,яркость:средняя,энергия_текстуры:низкая,энтропия_текстуры:высокая,энтропия_lbp:средняя,среднее_lbp:среднее,разброс_lbp:средний,медиана_lbp:типичная,темные_пиксели:единичные,белые_пиксели:нет,красные_пиксели:много,синие_пиксели:нет,яркие_выбросы:нет,темные_выбросы:умеренно
/kaggle/input/datasets/mihailodin1/all-image-skin/1063.jpg,success,10.5357750897554,167.7506935388263,140.23311203319503,2.9941464278652252,36.7591108005306,42.00723444032234,0.19169143904238367,0.304968115726577,0.503340441641727,0.6858033660406445,2.128659682669468,2.2269461958993344,57.78747692691255,25.345223488526653,"[[12, 180, 141], [12, 127, 182], [7, 208, 84]]",0.009570243034973325,0.0,0.9312240663900415,0.0,-3.8397720735623153,53.60788161506861,-68.19121439525598,-3.606892619300595,2.9468958776280374,8.611065943099277,-8.949152081666796,-52.56583663069861,0.0,0.023192056905749853,337400,2249.655101299286,3.8729634780051523,0.8377666363334001,0.8007968127490039,0.7406437642386875,0.9908404523682967,0.7430752391209072,2155.670067284715,1.0461240345244898,1.0089872107293691,0.15923316848956595,0.9210752826728368,0.2907235514593601,5.215986937334796,0.222238132741462,2.0857333677290444,5.042254361471087,2.15230800370181,5.0,149.7528746055816,1.0,0.37032188211934375,1.0589191748475315,0.4141350504930395,умеренная,умеренно неровные,выраженный,монотонная,неоднородная,лобуляции слабые,с примесью красного или синего,умеренно вытянутая,тёмный ободок по краю,цвет умеренно неоднородный,грубая,овальная,красноватый,средне упорядоченная,размер:маленький,периметр:средний,выпуклость:высокая,плотность:высокая,заполнение_bbox:среднее,вариация_радиуса:средняя,граница:сильно_изрезанная,форма:умеренно_вытянутая,отношение_периметр_площадь:среднее,красный:норма,зеленый:норма,синий:понижен,контраст:выраженный,центр:оттенок_как_периферия,насыщенность_центра:умеренно_выше,яркость_центра:значительно_темнее,ободок:темнее_центра,яркость_асимметрия:слабая,яркость_асимметрия:слабая,насыщенность_асимметрия:слабая,насыщенность_асимметрия:слабая,разнообразие_оттенка:среднее,разнообразие_насыщенности:среднее,разнообразие_яркости:высокое,вариабельность_оттенка:низкая,вариабельность_насыщенности:средняя,вариабельность_яркости:высокая,насыщенность:высокая,яркость:средняя,энергия_текстуры:низкая,энтропия_текстуры:высокая,энтропия_lbp:средняя,среднее_lbp:среднее,разброс_lbp:средний,медиана_lbp:типичная,темные_пиксели:единичные,белые_пиксели:нет,красные_пиксели:много,синие_пиксели:нет,яркие_выбросы:нет,темные_выбросы:умеренно
/kaggle/input/datasets/mihailodin1/all-image-skin/1064.jpg,success,9.860587047609881,142.67472748242122,159.2785703451651,2.0956207764908927,37.367772043489744,27.846793985125064,0.2200981657721014,0.30498770377607004,0.47491412747017125,0.5174668932769905,2.231464177068448,1.865624370285601,38.75715638616112,15.59054448498753,"[[9, 106, 182], [9, 199, 110], [11, 154, 158]]",5.723656157080019e-06,0.0,0.9929226991617706,0.0,0.5498851180539788,31.63913921624969,-17.43856959755314,18.016757157308348,-13.349285242356473,27.519310936187196,-24.477917309714684,-23.383543241636147,0.0001430914039270005,0.06390462099379841,349427,2457.8216218948364,4.157881719550197,0.7268848256496105,0.8409937888198757,0.8529512655928889,0.968671686145794,0.6411681055441892,5922.167920725823,1.0590656490905466,0.9323907819951726,0.1817382700795409,0.9097640976065763,0.32879600939295067,5.052818222507189,0.21760930894672081,2.076730610559758,4.9202958898741,2.1346508414689715,5.0,132.9908645774235,1.0,0.42647563279644446,0.8513664094884253,0.4316214342391008,умеренная,умеренно неровные,выраженный,монотонная,неоднородная,лобуляции слабые,с примесью красного или синего,умеренно вытянутая,тёмный ободок по краю,цвет умеренно неоднородный,грубая,овальная,красноватый,средне упорядоченная,размер:маленький,периметр:средний,выпуклость:средняя,плотность:средняя,заполнение_bbox:низкое,вариация_радиуса:высокая,граница:сильно_изрезанная,форма:сильно_вытянутая,отношение_периметр_площадь:среднее,красный:норма,зеленый:норма,синий:норма,контраст:умеренный,центр:оттенок_как_периферия,насыщенность_центра:умеренно_выше,яркость_центра:равная,ободок:слегка_темнее,яркость_асимметрия:сильная_право_лево,яркость_асимметрия:сильная_низ_верх,насыщенность_асимметрия:слабая,насыщенность_асимметрия:сильная_верх_низ,разнообразие_оттенка:среднее,разнообразие_насыщенности:среднее,разнообразие_яркости:среднее,вариабельность_оттенка:низкая,вариабельность_насыщенности:средняя,вариабельность_яркости:средняя,насыщенность:средняя,яркость:средняя,энергия_текстуры:низкая,энтропия_текстуры:высокая,энтропия_lbp:средняя,среднее_lbp:среднее,разброс_lbp:средний,медиана_lbp:типичная,темные_пиксели:нет,белые_пиксели:нет,красные_пиксели:преобладают,синие_пиксели:нет,яркие_выбросы:нет,темные_выбросы:много
/kaggle/input/datasets/mihailodin1/all-image-skin/1065.jpg,success,8.215435629566686,151.07585589451799,149.32660505656636,2.435938636527005,35.54619831325995,21.254394958347785,0.21184171840938607,0.29065674014121556,0.49750153811776465,0.27385919649217416,2.1282240561520043,1.6769643679799024,38.10587062405699,16.62616352640617,"[[9, 148, 155], [8, 189, 126], [7, 107, 172]]",0.0001849782835495113,0.0,0.9978912475675356,0.0,-0.07573782822754538,54.05801584338138,-30.7546950300015,-1.4213696659788866,1.2512060280226365,6.489466480340212,-7.136621889386788,-25.71794990922683,5.179391939386316e-05,0.027509970329483317,135151,1400.9818786382675,3.8108590502531188,0.8652947959949875,1.0291970802919708,0.539218793113793,0.9854750151301925,0.7773866427384054,250.808171471421,1.043512331240192,0.9384610778508136,0.19899867374408156,0.9061978153196836,0.34900951854941814,4.885636931717492,0.2309150761008308,2.05146172672437,4.9702837265893836,2.0949504508967576,5.0,101.18711276533895,1.0,0.28420793670288186,0.717668686390021,0.2109072665740631,умеренная,умеренно неровные,выраженный,монотонная,неоднородная,лобуляции слабые,с примесью красного или синего,умеренно вытянутая,тёмный ободок по краю,цвет однородный,грубая,округлая,красноватый,средне упорядоченная,размер:маленький,периметр:средний,выпуклость:высокая,плотность:высокая,заполнение_bbox:среднее,вариация_радиуса:низкая,граница:сильно_изрезанная,форма:умеренно_вытянутая,отношение_периметр_площадь:среднее,красный:норма,зеленый:норма,синий:норма,контраст:умеренный,центр:оттенок_как_периферия,насыщенность_центра:умеренно_выше,яркость_центра:темнее,ободок:слегка_темнее,яркость_асимметрия:слабая,яркость_асимметрия:слабая,насыщенность_асимметрия:слабая,насыщенность_асимметрия:слабая,разнообразие_оттенка:низкое,разнообразие_насыщенности:среднее,разнообразие_яркости:среднее,вариабельность_оттенка:низкая,вариабельность_насыщенности:средняя,вариабельность_яркости:средняя,насыщенность:средняя,яркость:средняя,энергия_текстуры:низкая,энтропия_текстуры:высокая,энтропия_lbp:средняя,среднее_lbp:среднее,разброс_lbp:средний,медиана_lbp:типичная,темные_пиксели:нет,белые_пиксели:нет,красные_пиксели:преобладают,синие_пиксели:нет,яркие_выбросы:нет,темные_выбросы:умеренно
/kaggle/input/datasets/mihailodin1/all-image-skin/1066.jpg,success,7.22774398072598,163.69469849907838,148.05431405248837,1.7498061455846232,29.189790447872852,21.393219698560785,0.1966092573630912,0.27640059084576407,0.5269901482317066,0.0318553463794674,1.9727082446175306,1.6749971585535475,34.129337087422684,16.00754829453641,"[[7, 130, 170], [7, 198, 122], [8, 166, 149]]",0.0,0.0,1.0,0.0,-0.18957109481088708,37.91889360739978,-26.148628995069316,4.334173426400696,-6.536679109709212,3.327860842621476,-8.79361488477619,-24.31548703713537,0.0003949793732993944,0.042991310453787415,113930,1328.5554724931717,3.9360503379299936,0.8111264734725043,1.0578947368421052,0.7809238129147419,0.9918686446580304,0.7458104215763289,1070.3612159080176,1.0371535217856165,0.9289245761525697,0.15428956402445135,0.9237756346367161,0.3731397989126979,4.7260274683102965,0.21999716201355138,2.0873932964222286,5.086407818652666,2.1569199005120803,5.0,87.24942196078756,1.0,0.41940927487842355,0.5721208095786907,0.42155771880906456,умеренная,умеренно неровные,выраженный,монотонная,неоднородная,лобуляции слабые,с примесью красного или синего,умеренно вытянутая,тёмный ободок по краю,цвет однородный,грубая,овальная,красноватый,средне упорядоченная,размер:маленький,периметр:средний,выпуклость:высокая,плотность:высокая,заполнение_bbox:среднее,вариация_радиуса:средняя,граница:сильно_изрезанная,форма:умеренно_вытянутая,отношение_периметр_площадь:среднее,красный:повышен,зеленый:понижен,синий:понижен,контраст:умеренный,центр:оттенок_как_периферия,насыщенность_центра:умеренно_выше,яркость_центра:темнее,ободок:слегка_темнее,яркость_асимметрия:слабая,яркость_асимметрия:слабая,насыщенность_асимметрия:слабая,насыщенность_асимметрия:слабая,разнообразие_оттенка:низкое,разнообразие_насыщенности:низкое,разнообразие_яркости:среднее,вариабельность_оттенка:низкая,вариабельность_насыщенности:низкая,вариабельность_яркости:средняя,насыщенность:высокая,яркость:средняя,энергия_текстуры:низкая,энтропия_текстуры:высокая,энтропия_lbp:средняя,среднее_lbp:среднее,разброс_lbp:средний,медиана_lbp:типичная,темные_пиксели:нет,белые_пиксели:нет,красные_пиксели:преобладают,синие_пиксели:нет,яркие_выбросы:нет,темные_выбросы:много
/kaggle/input/datasets/mihailodin1/all-image-skin/1067.jpg,success,8.736825566498123,166.0713043583638,154.68967133021084,2.4138577112660626,45.512423858843036,42.580688439517324,0.19999785172736398,0.2923329294086552,0.507669215582125,0.36355419899993235,2.3125386492673563,2.2605646530781742,57.66514537509444,23.817202203507534,"[[9, 111, 198], [7, 215, 102], [10, 170, 164]]",1.2118347784463066e-05,0.0,0.9972551942268191,0.0,-0.47398820891240234,54.54365163062582,-52.6468895491447,-14.367708912750459,11.363470067941819,9.760817203486567,-15.60134126686583,-50.118098175039535,0.0,0.021405041636623264,495117,3225.3708305358887,4.583800787314107,0.5980787806821798,2.0744101633393828,0.8928587307326463,0.9495823783814885,0.7861583091587235,12840.623201172843,1.1033837862502673,0.9623507869745271,0.18509968754850714,0.9084465791104446,0.272015594863059,5.344377022422155,0.2220363516769967,2.0691195982183888,4.89763021821969,2.128203766534101,5.0,158.7578668397276,1.0,0.9836344470360145,1.0522815964424554,0.45026992317347786,умеренная,фестончатые,выраженный,монотонная,неоднородная,лобуляции слабые,с примесью красного или синего,вытянутая,тёмный ободок по краю,цвет умеренно неоднородный,грубая,неправильная,красноватый,средне упорядоченная,размер:средний,периметр:большой,выпуклость:низкая,плотность:средняя,заполнение_bbox:среднее,вариация_радиуса:высокая,граница:сильно_изрезанная,форма:сильно_вытянутая,отношение_периметр_площадь:высокое,красный:норма,зеленый:норма,синий:понижен,контраст:выраженный,центр:оттенок_как_периферия,насыщенность_центра:умеренно_выше,яркость_центра:значительно_темнее,ободок:темнее_центра,яркость_асимметрия:слабая,яркость_асимметрия:слабая,насыщенность_асимметрия:слабая,насыщенность_асимметрия:слабая,разнообразие_оттенка:низкое,разнообразие_насыщенности:высокое,разнообразие_яркости:высокое,вариабельность_оттенка:низкая,вариабельность_насыщенности:высокая,вариабельность_яркости:высокая,насыщенность:высокая,яркость:средняя,энергия_текстуры:низкая,энтропия_текстуры:высокая,энтропия_lbp:средняя,среднее_lbp:низкое,разброс_lbp:средний,медиана_lbp:типичная,темные_пиксели:нет,белые_пиксели:нет,красные_пиксели:преобладают,синие_пиксели:нет,яркие_выбросы:нет,темные_выбросы:умеренно
/kaggle/input/datasets/mihailodin1/all-image-skin/1068.jpg,success,8.053138853478522,197.29154933865053,96.02761838079728,3.0447683459448007,28.161526128347692,50.645747360415285,0.15561474526192245,0.2799523559882313,0.5644328928720279,0.4201541985393781,1.8087366515321186,2.3296488977596197,90.54087280218315,47.97671857865005,"[[11, 156, 168], [5, 215, 50], [9, 206, 105]]",0.2502168982785126,0.0,0.9956315925660969,0.0,-4.571451327462881,26.927844593467967,-77.44048983437136,11.297139508338873,-9.489878492563179,9.181127596701671,-2.383212006503129,-83.61784367908635,0.0069331344464908145,0.0,131398,1383.0062638521194,3.815309462411059,0.8632773069583259,0.816017316017316,0.5576542392457569,0.9831500187055743,0.7544065130272026,255.4488688566975,1.0437257208889619,0.9301352810304595,0.16337761585155874,0.9208482090920942,0.37999508758150613,4.996717086400592,0.23831678676069118,2.0214633400015307,5.121573090735714,2.031752396994089,5.0,141.29114335940906,1.0,0.2788271196228784,0.9946035627206342,0.21488958849949885,умеренная,умеренно неровные,выраженный,монотонная,неоднородная,лобуляции слабые,с примесью красного или синего,умеренно вытянутая,тёмный ободок по краю,цвет умеренно неоднородный,грубая,округлая,красноватый,средне упорядоченная,размер:маленький,периметр:средний,выпуклость:высокая,плотность:высокая,заполнение_bbox:среднее,вариация_радиуса:низкая,граница:сильно_изрезанная,форма:умеренно_вытянутая,отношение_периметр_площадь:среднее,красный:повышен,зеленый:понижен,синий:понижен,контраст:сильный,центр:оттенок_как_периферия,насыщенность_центра:умеренно_выше,яркость_центра:значительно_темнее,ободок:темнее_центра,яркость_асимметрия:слабая,яркость_асимметрия:слабая,насыщенность_асимметрия:слабая,насыщенность_асимметрия:слабая,разнообразие_оттенка:среднее,разнообразие_насыщенности:низкое,разнообразие_яркости:высокое,вариабельность_оттенка:низкая,вариабельность_насыщенности:низкая,вариабельность_яркости:высокая,насыщенность:высокая,яркость:низкая,энергия_текстуры:низкая,энтропия_текстуры:высокая,энтропия_lbp:средняя,среднее_lbp:высокое,разброс_lbp:низкий,медиана_lbp:типичная,темные_пиксели:много,белые_пиксели:нет,красные_пиксели:преобладают,синие_пиксели:нет,яркие_выбросы:единичные,темные_выбросы:нет
/kaggle/input/datasets/mihailodin1/all-image-skin/1069.jpg,success,9.635484505266497,166.47416044576275,151.52240012308724,2.365490976763031,39.849226253327394,33.214854238371565,0.1933038876693231,0.29593661328766374,0.5107594956721452,0.5353528626088683,2.2049499152641117,2.08281234260526,60.18917168592878,24.735566107711062,"[[11, 170, 158], [10, 116, 188], [8, 206, 114]]",9.15363896100355e-05,0.0,0.9789018359862657,1.363307930362231e-05,-2.2995789339633035,60.85088065811803,-54.186406719331,-1.0823506185705867,-1.0012524698525738,15.011089886007625,-12.927637911999426,-40.47824109110789,0.00042067787565463127,0.014949645247800692,513457,2857.9292674064636,3.9884066938516844,0.7899707135743933,0.7697160883280757,0.697274490778686,0.9767890910059392,0.7375856877718594,2560.5557106010224,1.076301152228222,0.9601723288387933,0.16312755655296735,0.9190473455443677,0.3017285975046075,5.142091475422249,0.21643434177225107,2.0835960804102274,4.9838449965915235,2.1575092689842377,5.0,147.35919719784255,1.0,0.348637245389343,0.9433287197946412,0.4137401563704098,умеренная,умеренно неровные,выраженный,монотонная,неоднородная,лобуляции слабые,с примесью красного или синего,умеренно вытянутая,тёмный ободок по краю,цвет умеренно неоднородный,грубая,овальная,красноватый,средне упорядоченная,размер:средний,периметр:средний,выпуклость:средняя,плотность:высокая,заполнение_bbox:среднее,вариация_радиуса:средняя,граница:сильно_изрезанная,форма:умеренно_вытянутая,отношение_периметр_площадь:среднее,красный:норма,зеленый:норма,синий:понижен,контраст:выраженный,центр:оттенок_как_периферия,насыщенность_центра:выше,яркость_центра:значительно_темнее,ободок:слегка_темнее,яркость_асимметрия:слабая,яркость_асимметрия:сильная_низ_верх,насыщенность_асимметрия:слабая,насыщенность_асимметрия:слабая,разнообразие_оттенка:среднее,разнообразие_насыщенности:среднее,разнообразие_яркости:среднее,вариабельность_оттенка:низкая,вариабельность_насыщенности:средняя,вариабельность_яркости:средняя,насыщенность:высокая,яркость:средняя,энергия_текстуры:низкая,энтропия_текстуры:высокая,энтропия_lbp:средняя,среднее_lbp:среднее,разброс_lbp:средний,медиана_lbp:типичная,темные_пиксели:нет,белые_пиксели:нет,красные_пиксели:преобладают,синие_пиксели:нет,яркие_выбросы:нет,темные_выбросы:умеренно
/kaggle/input/datasets/mihailodin1/all-image-skin/107.jpg,success,7.027658991232368,117.20448884732549,164.78661308691585,5.793529022909448,58.3721919422197,42.08249760980875,0.2599025700865791,0.30760842295002655,0.4324890043387257,0.8107743644391259,2.4148106185675173,2.176209470689319,64.13127941713832,22.58393937857921,"[[9, 84, 191], [177, 47, 207], [9, 177, 123]]",0.0,0.010055462449421765,0.8202053684688104,6.481421468319737e-05,2.9493174504104616,89.87540957846352,-68.28869593954445,2.0800838238114636,-5.8543482839396574,16.438456044111035,-21.345682623709564,-49.86255460267236,8.333256173553948e-05,0.026814566531791373,108001,1236.3300768136978,3.7620152032641365,0.8879096405405935,0.806930693069307,0.6302952133958833,0.9952541560691511,0.820028245155804,315.1576159252895,1.0317961571663876,0.960537914098398,0.18389414766252477,0.909188045694392,0.2762880735043177,5.369759574612074,0.23078001065052273,2.054903255859053,4.924465371787326,2.0877816016816824,5.0,206.83199374399015,2.0,0.3151476066979417,1.4003581207270477,0.2622383858351256,выраженная,ровные,выраженный,умеренно разнообразная,неоднородная,лобуляции слабые,с примесью красного или синего,умеренно вытянутая,тёмный ободок по краю,цвет неоднородный,грубая,округлая,красноватый,средне упорядоченная,размер:маленький,периметр:средний,выпуклость:высокая,плотность:высокая,заполнение_bbox:высокое,вариация_радиуса:низкая,граница:сильно_изрезанная,форма:умеренно_вытянутая,отношение_периметр_площадь:среднее,красный:понижен,зеленый:норма,синий:повышен,контраст:выраженный,центр:оттенок_как_периферия,насыщенность_центра:выше,яркость_центра:значительно_темнее,ободок:слегка_темнее,яркость_асимметрия:слабая,яркость_асимметрия:сильная_низ_верх,насыщенность_асимметрия:слабая,насыщенность_асимметрия:сильная_верх_низ,разнообразие_оттенка:высокое,разнообразие_насыщенности:высокое,разнообразие_яркости:высокое,вариабельность_оттенка:средняя,вариабельность_насыщенности:высокая,вариабельность_яркости:высокая,насыщенность:средняя,яркость:средняя,энергия_текстуры:низкая,энтропия_текстуры:высокая,энтропия_lbp:средняя,среднее_lbp:среднее,разброс_lbp:средний,медиана_lbp:типичная,темные_пиксели:нет,белые_пиксели:присутствуют,красные_пиксели:умеренно,синие_пиксели:нет,яркие_выбросы:нет,темные_выбросы:умеренно
/kaggle/input/datasets/mihailodin1/all-image-skin/1070.jpg,success,12.49691942938486,146.2079919903592,182.8488910664508,2.1120089003978126,41.62796935576313,27.69803474824151,0.2111996360696018,0.31891831872585535,0.46988204263475947,0.6217453083403668,2.3031810562170056,1.9263240026647233,51.717587532200916,17.603323705400292,"[[13, 157, 181], [13, 100, 210], [11, 198, 145]]",0.0,0.0,0.8434772552981704,0.0,-1.0293976926571418,63.1969089089782,-41.63861766254752,2.0599297049860468,-5.388803162441718,12.907544628002285,-5.743854715226945,-29.24272497486848,0.0001947633017248725,0.038380543146157686,328604,2243.020544409752,3.9128826974984623,0.8207600454586752,0.7222946544980443,0.6701607787200587,0.9793463553619007,0.773335090535115,1434.9682871933906,1.0553730902024663,0.9502254561456058,0.2154546697470344,0.8941172389028459,0.28801355139184776,5.252214747238716,0.22677292691443027,2.075114711128187,4.826529737146777,2.1352747427414864,5.0,131.96505647483986,1.0,0.3350803893600294,0.9190966648050652,0.4143542752516448,умеренная,умеренно неровные,выраженный,монотонная,неоднородная,лобуляции слабые,с примесью красного или синего,умеренно вытянутая,тёмный ободок по краю,цвет умеренно неоднородный,грубая,овальная,красноватый,средне упорядоченная,размер:маленький,периметр:средний,выпуклость:средняя,плотность:высокая,заполнение_bbox:среднее,вариация_радиуса:средняя,граница:сильно_изрезанная,форма:умеренно_вытянутая,отношение_периметр_площадь:среднее,красный:норма,зеленый:повышен,синий:норма,контраст:выраженный,центр:оттенок_как_периферия,насыщенность_центра:выше,яркость_центра:темнее,ободок:слегка_темнее,яркость_асимметрия:слабая,яркость_асимметрия:слабая,насыщенность_асимметрия:слабая,насыщенность_асимметрия:слабая,разнообразие_оттенка:среднее,разнообразие_насыщенности:высокое,разнообразие_яркости:среднее,вариабельность_оттенка:низкая,вариабельность_насыщенности:средняя,вариабельность_яркости:средняя,насыщенность:средняя,яркость:высокая,энергия_текстуры:низкая,энтропия_текстуры:высокая,энтропия_lbp:средняя,среднее_lbp:низкое,разброс_lbp:средний,медиана_lbp:типичная,темные_пиксели:нет,белые_пиксели:нет,красные_пиксели:умеренно,синие_пиксели:нет,яркие_выбросы:нет,темные_выбросы:умеренно
/kaggle/input/datasets/mihailodin1/all-image-skin/1071.jpg,success,9.630727246782001,162.99651549800606,147.0355827102743,1.810208929429848,38.99892678498674,30.131188109641304,0.1969966520212052,0.29704300521480265,0.505960339322918,0.4036086404102483,2.2029527098672688,1.991697396805303,52.96935111553824,22.56375724343993,"[[10, 169, 152], [9, 205, 110], [10, 114, 179]]",0.0,0.0,0.996311548325226,0.0,-0.7273712027502199,51.177372830305444,-37.52876349249205,-12.1628081017966,1.6341699024560512,16.6251279420336,-9.05461763236329,-37.58009793851616,0.00014753806699096113,0.023297996519837362,230449,1925.58194565773,4.0112025376652705,0.7810173493099334,0.8330658105939005,0.7981110372823811,0.9763505641208147,0.7127207835787429,2500.627438981359,1.0506339836163183,0.9150493263683777,0.1829408278453272,0.9093371986734726,0.30682783695156934,5.102008574372903,0.22855542574092794,2.046501743815428,4.91055042860706,2.073203241004141,5.0,128.91023110419724,1.0,0.39905551864119054,0.8525436066965041,0.4231499952399998,умеренная,умеренно неровные,выраженный,монотонная,неоднородная,лобуляции слабые,с примесью красного или синего,умеренно вытянутая,тёмный ободок по краю,цвет умеренно неоднородный,грубая,овальная,красноватый,средне упорядоченная,размер:маленький,периметр:средний,выпуклость:средняя,плотность:высокая,заполнение_bbox:среднее,вариация_радиуса:средняя,граница:сильно_изрезанная,форма:умеренно_вытянутая,отношение_периметр_площадь:среднее,красный:норма,зеленый:норма,синий:понижен,контраст:выраженный,центр:оттенок_как_периферия,насыщенность_центра:умеренно_выше,яркость_центра:темнее,ободок:слегка_темнее,яркость_асимметрия:слабая,яркость_асимметрия:сильная_низ_верх,насыщенность_асимметрия:слабая,насыщенность_асимметрия:слабая,разнообразие_оттенка:среднее,разнообразие_насыщенности:среднее,разнообразие_яркости:среднее,вариабельность_оттенка:низкая,вариабельность_насыщенности:средняя,вариабельность_яркости:средняя,насыщенность:высокая,яркость:средняя,энергия_текстуры:низкая,энтропия_текстуры:высокая,энтропия_lbp:средняя,среднее_lbp:среднее,разброс_lbp:средний,медиана_lbp:типичная,темные_пиксели:нет,белые_пиксели:нет,красные_пиксели:преобладают,синие_пиксели:нет,яркие_выбросы:нет,темные_выбросы:умеренно
/kaggle/input/datasets/mihailodin1/all-image-skin/1072.jpg,success,9.534636619429545,171.70270172943094,150.53529533566805,2.125965595504727,35.638964765638406,44.171344465920704,0.18793255287157076,0.295395347172297,0.5166720965239,0.4644450598778367,2.121274897440214,2.281168562563179,53.65514706219607,23.17706853000621,"[[11, 135, 190], [10, 186, 148], [7, 214, 86]]",0.00610387388928401,0.0,0.9962188391836294,0.0,-2.0742922914805035,42.75700092812406,-59.56879883680766,35.904970980638325,-24.068209267912408,-2.1505627688814286,-2.808346420983753,-49.93929594564963,0.0,0.040053296361983126,111077,1310.3300768136978,3.931593776411482,0.8129663806387715,0.6746724890829694,0.773448974988129,0.9835916054192863,0.7848744364833736,1010.6390611984694,1.0375774442128336,0.9619904638685739,0.21959110734221476,0.8933513183213546,0.2693360172763213,5.363965056748578,0.252577179135521,2.017927878290477,4.8188572310878195,2.0180097754245416,5.0,169.33218149482815,1.0,0.3867244874940645,0.9850798771352078,0.4210962999670111,умеренная,умеренно неровные,выраженный,монотонная,неоднородная,лобуляции слабые,с примесью красного или синего,умеренно вытянутая,тёмный ободок по краю,цвет умеренно неоднородный,грубая,овальная,красноватый,средне упорядоченная,размер:маленький,периметр:средний,выпуклость:высокая,плотность:высокая,заполнение_bbox:среднее,вариация_радиуса:средняя,граница:сильно_изрезанная,форма:умеренно_вытянутая,отношение_периметр_площадь:среднее,красный:норма,зеленый:норма,синий:понижен,контраст:выраженный,центр:оттенок_как_периферия,насыщенность_центра:умеренно_выше,яркость_центра:значительно_темнее,ободок:слегка_темнее,яркость_асимметрия:сильная_право_лево,яркость_асимметрия:слабая,насыщенность_асимметрия:сильная_лево_право,насыщенность_асимметрия:слабая,разнообразие_оттенка:среднее,разнообразие_насыщенности:среднее,разнообразие_яркости:высокое,вариабельность_оттенка:низкая,вариабельность_насыщенности:средняя,вариабельность_яркости:высокая,насыщенность:высокая,яркость:средняя,энергия_текстуры:низкая,энтропия_текстуры:высокая,энтропия_lbp:средняя,среднее_lbp:низкое,разброс_lbp:низкий,медиана_lbp:типичная,темные_пиксели:единичные,белые_пиксели:нет,красные_пиксели:преобладают,синие_пиксели:нет,яркие_выбросы:нет,темные_выбросы:много
/kaggle/input/datasets/mihailodin1/all-image-skin/1073.jpg,success,10.070874676359642,171.67884633107477,143.26425156970618,1.6693827838895836,34.31846376405004,28.789310181478186,0.18291038856476546,0.29692175382130337,0.5201678539831032,0.4875868859842578,2.070370293695249,1.9617484990192393,49.49575838891386,22.14360036830371,"[[10, 129, 175], [11, 178, 146], [9, 207, 110]]",4.407598700159074e-05,0.0,0.9962936101839571,0.0,-1.1785870747223015,46.82327415827842,-42.8580613712264,9.596328663330382,-9.708580051602695,5.601946505373093,2.456782994526577,-38.68474268962831,0.0013022450705015448,0.016456370783230288,249569,1934.6357684135437,3.872611167655402,0.8379190747113685,1.0671378091872792,0.5917354472069514,0.9731151350676898,0.7300242201577235,789.133627718119,1.0510373093219956,0.8806889874858146,0.17060633592033733,0.9149687647420962,0.3259909765711034,4.9950117532537295,0.22056858145347216,2.0671481641741085,4.9703111814558945,2.1139913362243057,5.0,118.22356081905987,1.0,0.3294366281971153,0.8086205537476661,0.4126346447775565,умеренная,умеренно неровные,выраженный,монотонная,неоднородная,лобуляции слабые,с примесью красного или синего,умеренно вытянутая,тёмный ободок по краю,цвет однородный,грубая,овальная,красноватый,средне упорядоченная,размер:маленький,периметр:средний,выпуклость:средняя,плотность:высокая,заполнение_bbox:среднее,вариация_радиуса:средняя,граница:сильно_изрезанная,форма:умеренно_вытянутая,отношение_периметр_площадь:среднее,красный:повышен,зеленый:норма,синий:понижен,контраст:умеренный,центр:оттенок_как_периферия,насыщенность_центра:умеренно_выше,яркость_центра:темнее,ободок:слегка_темнее,яркость_асимметрия:слабая,яркость_асимметрия:слабая,насыщенность_асимметрия:слабая,насыщенность_асимметрия:слабая,разнообразие_оттенка:среднее,разнообразие_насыщенности:среднее,разнообразие_яркости:среднее,вариабельность_оттенка:низкая,вариабельность_насыщенности:средняя,вариабельность_яркости:средняя,насыщенность:высокая,яркость:средняя,энергия_текстуры:низкая,энтропия_текстуры:высокая,энтропия_lbp:средняя,среднее_lbp:среднее,разброс_lbp:средний,медиана_lbp:типичная,темные_пиксели:нет,белые_пиксели:нет,красные_пиксели:преобладают,синие_пиксели:нет,яркие_выбросы:единичные,темные_выбросы:умеренно
/kaggle/input/datasets/mihailodin1/all-image-skin/1074.jpg,success,8.63121966917105,184.86004325482324,123.37980024284845,1.5022470867261868,28.866293231234863,23.590371356630506,0.16443638669444144,0.27782447092048,0.5577391378645725,0.12325136994019725,1.8455019540077588,1.7607696978664737,48.27370906348846,25.287321509549166,"[[8, 208, 104], [9, 142, 156], [9, 182, 129]]",0.0,0.0,0.9999100561331496,0.0,-0.05210866922475077,27.767194546023063,-19.452916828800724,-1.7947860930056976,4.853398185752781,11.572324075883117,-8.348317027221611,-28.988281900004992,0.019615939688548918,0.0050981819073823475,244597,1970.5352631807327,3.9843607025225696,0.7915759083462519,0.7928902627511591,0.6402853145962206,0.964795954591712,0.736935503794692,807.0309479409045,1.0779984451913678,0.9142376383027035,0.15326547026164852,0.9237977155153416,0.40851584737720376,4.638663757903867,0.23889216361155652,2.0357763696257996,5.0030461790856515,2.047622373662641,5.0,73.84104542591174,1.0,0.3201426572981103,0.6054543912545759,0.41292751913178244,слабая,умеренно неровные,выраженный,монотонная,неоднородная,лобуляции слабые,с примесью красного или синего,умеренно вытянутая,тёмный ободок по краю,цвет однородный,грубая,овальная,красноватый,средне упорядоченная,размер:маленький,периметр:средний,выпуклость:средняя,плотность:средняя,заполнение_bbox:среднее,вариация_радиуса:средняя,граница:сильно_изрезанная,форма:умеренно_вытянутая,отношение_периметр_площадь:среднее,красный:повышен,зеленый:понижен,синий:понижен,контраст:умеренный,центр:оттенок_как_периферия,насыщенность_центра:умеренно_выше,яркость_центра:равная,ободок:слегка_темнее,яркость_асимметрия:слабая,яркость_асимметрия:слабая,насыщенность_асимметрия:слабая,насыщенность_асимметрия:слабая,разнообразие_оттенка:низкое,разнообразие_насыщенности:низкое,разнообразие_яркости:среднее,вариабельность_оттенка:низкая,вариабельность_насыщенности:низкая,вариабельность_яркости:средняя,насыщенность:высокая,яркость:средняя,энергия_текстуры:низкая,энтропия_текстуры:высокая,энтропия_lbp:средняя,среднее_lbp:среднее,разброс_lbp:низкий,медиана_lbp:типичная,темные_пиксели:нет,белые_пиксели:нет,красные_пиксели:преобладают,синие_пиксели:нет,яркие_выбросы:много,темные_выбросы:нет
/kaggle/input/datasets/mihailodin1/all-image-skin/1075.jpg,success,10.445858608636959,164.9656589540055,170.92760231942802,1.8480163729145602,33.12422586121178,36.40328402492684,0.1914731908335609,0.3022304209203242,0.5062963852840561,0.5901068046814888,2.060531260171742,2.095236017597509,45.14565409869407,17.82969141273551,"[[11, 178, 167], [9, 207, 118], [11, 135, 201]]",0.0002251871868490683,0.0,0.9907673253391882,0.0,-1.6988180845039267,51.96835062551625,-58.970490685065045,-5.126612281216779,3.2576094505935203,5.224362855169062,-5.544868364928931,-42.91929489071947,0.0,0.04213111523954287,142104,1420.136206626892,3.7672708796607117,0.88543394354249,0.9745958429561201,0.4434541366090281,0.9911074843596342,0.7776889988288476,129.35607302144805,1.0405093004000454,1.0015515355225246,0.22704018621824487,0.8934484961184634,0.2955894650393866,5.257536682397828,0.2506675377797978,2.02461891146525,4.832810192023634,2.033020591224071,5.0,131.79111234699351,1.0,0.22172706830451405,0.904402345795577,0.1113773842716982,умеренная,ровные,выраженный,монотонная,неоднородная,лобуляции отсутствуют,с примесью красного или синего,умеренно вытянутая,тёмный ободок по краю,цвет умеренно неоднородный,грубая,округлая,красноватый,средне упорядоченная,размер:маленький,периметр:средний,выпуклость:высокая,плотность:высокая,заполнение_bbox:среднее,вариация_радиуса:низкая,граница:сильно_изрезанная,форма:округлая,отношение_периметр_площадь:среднее,красный:норма,зеленый:норма,синий:понижен,контраст:умеренный,центр:оттенок_как_периферия,насыщенность_центра:умеренно_выше,яркость_центра:значительно_темнее,ободок:слегка_темнее,яркость_асимметрия:слабая,яркость_асимметрия:слабая,насыщенность_асимметрия:слабая,насыщенность_асимметрия:слабая,разнообразие_оттенка:среднее,разнообразие_насыщенности:среднее,разнообразие_яркости:среднее,вариабельность_оттенка:низкая,вариабельность_насыщенности:средняя,вариабельность_яркости:высокая,насыщенность:высокая,яркость:высокая,энергия_текстуры:низкая,энтропия_текстуры:высокая,энтропия_lbp:средняя,среднее_lbp:низкое,разброс_lbp:низкий,медиана_lbp:типичная,темные_пиксели:нет,белые_пиксели:нет,красные_пиксели:преобладают,синие_пиксели:нет,яркие_выбросы:нет,темные_выбросы:много
/kaggle/input/datasets/mihailodin1/all-image-skin/1076.jpg,success,4.944639149479576,160.75776282585045,147.50053863095218,4.67450949851931,31.910034799635365,22.010781493204696,0.20881364898747376,0.2621954720305167,0.528990875395607,0.589106975559251,1.9823546772163685,1.7268914621435867,42.817433602690485,19.495025302287207,"[[9, 126, 169], [178, 138, 168], [6, 182, 132]]",0.0,1.701499552824649e-05,0.9973190747670807,1.701499552824649e-05,1.2330634770640643,36.411425797702265,-26.958141484471525,-3.7132427945582833,9.211554832351908,8.61191055885891,-8.33193755434857,-22.92597303860586,0.013266379325929683,0.009464591262587108,940347,3822.3871990442276,3.941763886680247,0.8087767376612457,0.7029702970297029,0.7408528054637451,0.9830681945296761,0.7759285220963134,6407.697338013366,1.054078291817409,0.9613649448630784,0.16807852509509055,0.921212923292773,0.37661468981903834,4.821447595395771,0.22710570325648805,2.091836791185058,5.0668085392495765,2.1960929354371586,5.0,94.47127649935553,2.0,0.37042640273187255,0.8423018901021903,0.4169088039557959,умеренная,умеренно неровные,выраженный,умеренно разнообразная,неоднородная,лобуляции слабые,с примесью красного или синего,умеренно вытянутая,тёмный ободок по краю,цвет однородный,грубая,овальная,красноватый,средне упорядоченная,размер:крупный,периметр:большой,выпуклость:средняя,плотность:высокая,заполнение_bbox:среднее,вариация_радиуса:высокая,граница:сильно_изрезанная,форма:умеренно_вытянутая,отношение_периметр_площадь:среднее,красный:повышен,зеленый:понижен,синий:норма,контраст:умеренный,центр:оттенок_как_периферия,насыщенность_центра:умеренно_выше,яркость_центра:темнее,ободок:слегка_темнее,яркость_асимметрия:слабая,яркость_асимметрия:слабая,насыщенность_асимметрия:слабая,насыщенность_асимметрия:слабая,разнообразие_оттенка:среднее,разнообразие_насыщенности:низкое,разнообразие_яркости:среднее,вариабельность_оттенка:низкая,вариабельность_насыщенности:средняя,вариабельность_яркости:средняя,насыщенность:высокая,яркость:средняя,энергия_текстуры:низкая,энтропия_текстуры:высокая,энтропия_lbp:средняя,среднее_lbp:среднее,разброс_lbp:средний,медиана_lbp:типичная,темные_пиксели:нет,белые_пиксели:нет,красные_пиксели:преобладают,синие_пиксели:нет,яркие_выбросы:много,темные_выбросы:нет
/kaggle/input/datasets/mihailodin1/all-image-skin/1077.jpg,success,5.843599817199885,74.35590609655944,187.43925282636425,8.240431898197507,26.429576714641033,8.120825313873056,0.2863533945911292,0.3134845119636864,0.40016209130945446,0.9817083311268755,1.9104424569740028,0.8909777972630234,10.371821847071438,3.0787345806809476,"[[1, 63, 188], [10, 84, 187], [154, 24, 196]]",0.0,0.010959478586031558,0.7724824826573939,0.0,4.232755637492019,30.12324746762883,1.0524325087058628,-1.643106038572114,6.790599915829375,-0.8007374384246475,-3.129263026884942,-6.470451125997812,0.021453284174107533,0.02662548707822957,1144580,10495.886425733566,9.810610780817504,0.13056229387765753,1.198501872659176,0.627382126487165,0.7700810933916253,0.5358520599250937,9163.65699071588,2.3243652163442285,1.1424360088652483,0.17810387722529927,0.9124586021698701,0.461520048955176,4.400692229105067,0.19693649041625097,2.134475859803562,4.968203639631225,2.2790673016448353,5.0,47.77214203353779,2.0,0.4129419995731705,0.86561216634011,0.4759862436580442,слабая,фестончатые,низкий,умеренно разнообразная,неоднородная,лобуляции слабые,с примесью красного или синего,умеренно вытянутая,без выраженного ободка,цвет умеренно неоднородный,грубая,неправильная,красноватый,хаотичная,размер:крупный,периметр:очень_большой,неопределенная,плотность:низкая,заполнение_bbox:низкое,вариация_радиуса:высокая,граница:сильно_изрезанная,форма:умеренно_вытянутая,отношение_периметр_площадь:высокое,красный:понижен,зеленый:повышен,синий:повышен,контраст:очень_слабый,центр:оттенок_как_периферия,насыщенность_центра:умеренно_выше,яркость_центра:равная,ободок:одинаковый,яркость_асимметрия:слабая,яркость_асимметрия:слабая,насыщенность_асимметрия:слабая,насыщенность_асимметрия:слабая,разнообразие_оттенка:высокое,разнообразие_насыщенности:низкое,разнообразие_яркости:низкое,вариабельность_оттенка:средняя,вариабельность_насыщенности:низкая,вариабельность_яркости:низкая,насыщенность:низкая,яркость:высокая,энергия_текстуры:низкая,энтропия_текстуры:высокая,энтропия_lbp:высокая,среднее_lbp:среднее,разброс_lbp:высокий,медиана_lbp:типичная,темные_пиксели:нет,белые_пиксели:присутствуют,красные_пиксели:умеренно,синие_пиксели:нет,яркие_выбросы:много,темные_выбросы:умеренно
/kaggle/input/datasets/mihailodin1/all-image-skin/1078.jpg,success,177.65784070387568,94.59706969012224,215.016643545468,7.608322202724489,32.99608238341365,13.91648994103326,0.287407840832616,0.2820260176471922,0.4305661395169705,1.0288636691905926,2.13855966685122,1.3002516233887622,23.602917895516658,6.26648187157999,"[[3, 113, 212], [158, 47, 211], [175, 81, 220]]",0.0,0.01128777125069472,0.8816741937062837,0.00028625262475688666,7.505959599982219,39.92846540441373,0.6530293349396459,-6.692064684771793,7.117906648843004,12.111343454233662,-0.3477820234085982,18.185645910479536,0.006240555057470481,0.03984859590609179,1613959,7932.329535484314,6.243879297219655,0.3223301023571665,0.9198203976908275,0.5431253018813608,0.8261448206211804,0.7219335607437088,15028.05637353571,1.4478503193172678,1.1021237138687294,0.17160701838144243,0.9166966022696287,0.37571736770096265,4.844285378155967,0.194688734501445,2.1451305276539565,5.018382947793424,2.3120618269135935,5.0,74.35655115059265,3.0,0.2715626509406804,0.9799523806329336,0.47143585149629375,слабая,фестончатые,умеренный,умеренно разнообразная,неоднородная,лобуляции слабые,с примесью красного или синего,умеренно вытянутая,без выраженного ободка,цвет умеренно неоднородный,грубая,неправильная,красноватый,хаотичная,размер:крупный,периметр:большой,выпуклость:низкая,плотность:низкая,заполнение_bbox:среднее,вариация_радиуса:высокая,граница:сильно_изрезанная,форма:умеренно_вытянутая,отношение_периметр_площадь:высокое,красный:понижен,зеленый:норма,синий:повышен,контраст:умеренный,центр:синее_периферии,насыщенность_центра:умеренно_выше,яркость_центра:равная,ободок:светлее,яркость_асимметрия:слабая,яркость_асимметрия:слабая,насыщенность_асимметрия:слабая,насыщенность_асимметрия:слабая,разнообразие_оттенка:высокое,разнообразие_насыщенности:среднее,разнообразие_яркости:низкое,вариабельность_оттенка:средняя,вариабельность_насыщенности:средняя,вариабельность_яркости:низкая,насыщенность:средняя,яркость:высокая,энергия_текстуры:низкая,энтропия_текстуры:высокая,энтропия_lbp:высокая,среднее_lbp:среднее,разброс_lbp:высокий,медиана_lbp:типичная,темные_пиксели:нет,белые_пиксели:присутствуют,красные_пиксели:много,синие_пиксели:единичные,яркие_выбросы:единичные,темные_выбросы:умеренно
/kaggle/input/datasets/mihailodin1/all-image-skin/1079.jpg,success,0.21706536346047595,107.30182648401826,183.11568805775025,6.3497572084725675,27.841761951372824,34.51071460161164,0.2743292473390212,0.277083309899065,0.4485874403098948,0.8217405216054854,1.9712227368752187,1.894137442161044,5.427316297660658,2.1962373476249835,"[[178, 97, 198], [5, 131, 151], [128, 38, 229]]",0.006775422042857955,0.005517345914094621,0.9722806419219765,0.0008374542905322192,-1.2128807912094999,-4.722957374413099,15.783819874465195,-9.253645802574283,-1.3002208634068495,10.637023413078197,-4.28428387387531,11.070995580464086,0.002631728528391974,0.060105344928854276,527790,9448.163556218147,13.00519367029208,0.07429784478694261,0.8533333333333334,0.6943908403298422,0.6389144785025053,0.48869444444444443,12220.531939290178,2.724424089533916,1.19097780733413,0.4375170985514143,0.8716105278898175,0.35545002398520537,5.184821407217477,0.2560959763550008,2.048303100676393,4.883791965897829,2.1189416842777766,5.0,47.19483199302243,3.0,0.3471954201649211,1.0406184695469682,0.5955622984117313,слабая,фестончатые,низкий,умеренно разнообразная,неоднородная,лобуляции выраженные,с примесью красного или синего,умеренно вытянутая,без выраженного ободка,цвет умеренно неоднородный,грубая,неправильная,красноватый,средне упорядоченная,размер:средний,периметр:очень_большой,неопределенная,плотность:низкая,заполнение_bbox:низкое,вариация_радиуса:высокая,граница:сильно_изрезанная,форма:умеренно_вытянутая,отношение_периметр_площадь:высокое,красный:понижен,зеленый:понижен,синий:повышен,контраст:очень_слабый,центр:оттенок_как_периферия,насыщенность_центра:равна,яркость_центра:равная,ободок:светлее,яркость_асимметрия:слабая,яркость_асимметрия:слабая,насыщенность_асимметрия:слабая,насыщенность_асимметрия:слабая,разнообразие_оттенка:высокое,разнообразие_насыщенности:низкое,разнообразие_яркости:среднее,вариабельность_оттенка:средняя,вариабельность_насыщенности:низкая,вариабельность_яркости:средняя,насыщенность:средняя,яркость:высокая,энергия_текстуры:низкая,энтропия_текстуры:высокая,энтропия_lbp:средняя,среднее_lbp:низкое,разброс_lbp:средний,медиана_lbp:типичная,темные_пиксели:единичные,белые_пиксели:присутствуют,красные_пиксели:преобладают,синие_пиксели:единичные,яркие_выбросы:единичные,темные_выбросы:много
/kaggle/input/datasets/mihailodin1/all-image-skin/108.jpg,success,9.357907791001692,115.2046052631579,168.81473684210528,7.702988590278709,56.39273424713153,31.75026392699242,0.25427938972220354,0.31533702341214287,0.43038358431544294,1.0089586309063179,2.5184301414690706,2.042688326244601,47.08591340587158,16.568975817671973,"[[11, 70, 194], [11, 164, 142], [168, 30, 208]]",0.0,0.06948099415204678,0.7664546783625731,0.0,3.763158895452179,85.23651566301517,-45.2346270623965,0.0952610081996852,3.224727990654145,-18.29273423566829,24.736321248968423,-39.601357375740236,0.0003216374269005848,0.0279093567251462,136800,1894.509666442871,5.122167507272158,0.4789633804496192,1.9047619047619047,0.8464936573792988,0.9344389950682387,0.7238095238095238,2509.5076165040236,1.272674402477042,0.9642969412612639,0.19113410165265177,0.9053564069377837,0.26558768531833304,5.403668028324541,0.22721418737879887,2.058212443503408,4.902728228206001,2.09737289506839,5.0,180.5833461043544,2.0,0.8756277810706017,1.3904359258104426,0.43986024230229925,выраженная,фестончатые,выраженный,умеренно разнообразная,неоднородная,лобуляции слабые,с примесью красного или синего,вытянутая,тёмный ободок по краю,цвет неоднородный,грубая,неправильная,красноватый,средне упорядоченная,размер:маленький,периметр:средний,выпуклость:низкая,плотность:средняя,заполнение_bbox:среднее,вариация_радиуса:средняя,граница:сильно_изрезанная,форма:сильно_вытянутая,отношение_периметр_площадь:высокое,красный:понижен,зеленый:повышен,синий:повышен,контраст:умеренный,центр:оттенок_как_периферия,насыщенность_центра:выше,яркость_центра:темнее,ободок:слегка_темнее,яркость_асимметрия:слабая,яркость_асимметрия:сильная_верх_низ,насыщенность_асимметрия:слабая,насыщенность_асимметрия:сильная_низ_верх,разнообразие_оттенка:высокое,разнообразие_насыщенности:высокое,разнообразие_яркости:среднее,вариабельность_оттенка:средняя,вариабельность_насыщенности:высокая,вариабельность_яркости:средняя,насыщенность:средняя,яркость:средняя,энергия_текстуры:низкая,энтропия_текстуры:высокая,энтропия_lbp:средняя,среднее_lbp:среднее,разброс_lbp:средний,медиана_lbp:типичная,темные_пиксели:нет,белые_пиксели:присутствуют,красные_пиксели:умеренно,синие_пиксели:нет,яркие_выбросы:нет,темные_выбросы:умеренно
/kaggle/input/datasets/mihailodin1/all-image-skin/1080.jpg,success,11.397072571937732,97.18242678127251,193.31667348556988,4.346634512111355,48.41687752126983,21.631502696481807,0.2638365214467824,0.32279018243976937,0.4133732939751011,0.8023816551046141,2.4192255880452063,1.6607150123979892,39.730692731956935,12.161476329908728,"[[13, 69, 205], [12, 149, 173], [4, 43, 213]]",0.0,0.03963894812685333,0.6692675049693512,0.0,0.590939376816948,66.17976007526522,-23.62682699897229,10.960511513527223,-16.207502902051246,-0.7160947920507112,-1.2289935130342826,-13.682809817507689,0.00024258399018077938,0.048151111722599775,276193,2145.863252043724,4.0831535184923675,0.7537345903260909,0.9784283513097073,0.7584801796806445,0.9636477188673189,0.6701842932191258,2300.3392158162733,1.0685306287674945,0.9663509938785787,0.2614028412494723,0.882559071378223,0.305504382041937,5.2501158215739325,0.23493274017582882,2.0749225391778334,4.838963581444105,2.1516049929849452,5.0,119.51062917171792,1.0,0.37924008984032226,1.0459670330240485,0.4231773252566792,умеренная,умеренно неровные,умеренный,монотонная,неоднородная,лобуляции слабые,слабо пигментированная,умеренно вытянутая,без выраженного ободка,цвет умеренно неоднородный,грубая,овальная,красноватый,средне упорядоченная,размер:маленький,периметр:средний,выпуклость:средняя,плотность:средняя,заполнение_bbox:низкое,вариация_радиуса:средняя,граница:сильно_изрезанная,форма:умеренно_вытянутая,отношение_периметр_площадь:среднее,красный:понижен,зеленый:повышен,синий:повышен,контраст:умеренный,центр:оттенок_как_периферия,насыщенность_центра:выше,яркость_центра:темнее,ободок:слегка_темнее,яркость_асимметрия:слабая,яркость_асимметрия:слабая,насыщенность_асимметрия:слабая,насыщенность_асимметрия:слабая,разнообразие_оттенка:высокое,разнообразие_насыщенности:высокое,разнообразие_яркости:среднее,вариабельность_оттенка:низкая,вариабельность_насыщенности:высокая,вариабельность_яркости:средняя,насыщенность:средняя,яркость:высокая,энергия_текстуры:низкая,энтропия_текстуры:высокая,энтропия_lbp:средняя,среднее_lbp:низкое,разброс_lbp:средний,медиана_lbp:типичная,темные_пиксели:нет,белые_пиксели:присутствуют,красные_пиксели:умеренно,синие_пиксели:нет,яркие_выбросы:нет,темные_выбросы:много
/kaggle/input/datasets/mihailodin1/all-image-skin/1081.jpg,success,150.78704951089702,66.91701456948358,174.32364277326363,22.79711052698107,38.96208408023578,24.417803001641378,0.343108859313466,0.2954299294746735,0.36146120900323503,1.7725299546613713,1.9080742942931166,1.8263188107344683,19.000021448384288,6.503513017594596,"[[2, 112, 148], [133, 50, 190], [152, 45, 178]]",0.0,0.0036575020042380634,0.2836837946321247,0.19396054009439784,15.36116226504285,18.012450807191208,-7.094534634774618,11.99143151188656,-27.738494707289007,26.60429027653089,-23.06719097588016,0.49731752860125766,0.005575687163713198,0.04257133515222235,2957483,8244.082718968391,4.7938143627840235,0.5468238389348099,1.182608695652174,0.6460401717847924,0.9006808973543736,0.840432793407218,32027.94544671352,1.1585040513296305,0.9878403402179977,0.13818301851389533,0.9311204370016579,0.3724681979324129,4.88281701656129,0.1886463515277008,2.1646541493630758,5.149142408789887,2.374601848681407,5.0,129.8695551785953,3.0,0.4143244337184832,1.8368350437168166,0.4494848618099126,умеренная,фестончатые,умеренный,умеренно разнообразная,неоднородная,лобуляции слабые,слабо пигментированная,умеренно вытянутая,без выраженного ободка,цвет неоднородный,грубая,неправильная,фиолетовый,хаотичная,размер:гигантский,периметр:очень_большой,выпуклость:низкая,плотность:средняя,заполнение_bbox:высокое,вариация_радиуса:высокая,граница:сильно_изрезанная,форма:умеренно_вытянутая,отношение_периметр_площадь:высокое,красный:понижен,зеленый:норма,синий:повышен,контраст:очень_слабый,центр:синее_периферии,насыщенность_центра:равна,яркость_центра:равная,ободок:одинаковый,яркость_асимметрия:слабая,яркость_асимметрия:сильная_низ_верх,насыщенность_асимметрия:сильная_лево_право,насыщенность_асимметрия:сильная_верх_низ,разнообразие_оттенка:высокое,разнообразие_насыщенности:низкое,разнообразие_яркости:среднее,вариабельность_оттенка:средняя,вариабельность_насыщенности:средняя,вариабельность_яркости:средняя,насыщенность:низкая,яркость:высокая,энергия_текстуры:низкая,энтропия_текстуры:высокая,энтропия_lbp:высокая,среднее_lbp:высокое,разброс_lbp:высокий,медиана_lbp:типичная,темные_пиксели:нет,белые_пиксели:единичные,красные_пиксели:мало,синие_пиксели:присутствуют,яркие_выбросы:единичные,темные_выбросы:много
/kaggle/input/datasets/mihailodin1/all-image-skin/1082.jpg,success,3.739566315146409,176.59067891401432,88.6975914391567,2.741054072885445,26.10744184658644,26.998563866964393,0.18917046706568877,0.23927899940332814,0.5715505270871513,0.23606970908963126,1.7505027115302172,1.8963352943756386,79.31039471809795,47.11459261002256,"[[2, 183, 74], [6, 189, 89], [5, 129, 132]]",0.04942730580864947,0.0,0.9998303250346351,9.883978564945152e-06,-1.736712191533016,18.14363121418134,-28.072966313297457,9.627684450174286,-2.466125178799416,7.448146203750738,3.9322110113829467,-27.66517116133653,0.05323016656151212,0.004467558311355209,1214086,4204.325359582901,3.8156768905634464,0.8631110574969213,1.357677902621723,0.679967553882434,0.9959320615727886,0.7839894097894873,4933.620133260144,1.0511487572793057,0.9330863478727773,0.11051859348626475,0.9462270927870585,0.46865115334229085,4.470495693035624,0.22808596743116877,2.0821444414276113,5.333953266926047,2.2202585170362483,5.0,71.4274765631192,1.0,0.5188227282520785,0.6814459535040975,0.4083311396084668,слабая,умеренно неровные,выраженный,монотонная,неоднородная,лобуляции слабые,с примесью красного или синего,вытянутая,тёмный ободок по краю,цвет однородный,средняя,округлая,красноватый,средне упорядоченная,размер:крупный,периметр:большой,выпуклость:средняя,плотность:высокая,заполнение_bbox:среднее,вариация_радиуса:высокая,граница:сильно_изрезанная,форма:умеренно_вытянутая,отношение_периметр_площадь:среднее,красный:повышен,зеленый:понижен,синий:понижен,контраст:выраженный,центр:оттенок_как_периферия,насыщенность_центра:равна,яркость_центра:темнее,ободок:слегка_темнее,яркость_асимметрия:слабая,яркость_асимметрия:слабая,насыщенность_асимметрия:слабая,насыщенность_асимметрия:слабая,разнообразие_оттенка:низкое,разнообразие_насыщенности:низкое,разнообразие_яркости:среднее,вариабельность_оттенка:низкая,вариабельность_насыщенности:низкая,вариабельность_яркости:средняя,насыщенность:высокая,яркость:низкая,энергия_текстуры:низкая,энтропия_текстуры:высокая,энтропия_lbp:средняя,среднее_lbp:высокое,разброс_lbp:средний,медиана_lbp:типичная,темные_пиксели:единичные,белые_пиксели:нет,красные_пиксели:преобладают,синие_пиксели:нет,яркие_выбросы:много,темные_выбросы:нет
/kaggle/input/datasets/mihailodin1/all-image-skin/1083.jpg,success,10.19157087268031,160.61917445960447,136.62839184424345,1.9882840484771698,29.189616715806594,23.5034473574978,0.195293726994112,0.30062681630592,0.5040794530105486,0.5741517950419421,1.9724176553204578,1.785364723212576,42.22150156139194,19.66638331236739,"[[10, 168, 136], [9, 192, 105], [11, 124, 163]]",0.0,0.0,0.9870841637283458,0.0,-1.2371133523425897,32.932201636551014,-24.3656128475522,-8.274603032367935,7.738757270638928,0.8016388640003242,-4.647629371065676,-27.930945213803966,0.0002970259083243906,0.02984631304614441,104368,1226.1118214130402,3.7953025221400134,0.8724028303539139,1.2454545454545454,0.6221298208107768,0.9923082042651911,0.7695052716950527,312.59064346975237,1.0352019195284352,0.8976407400521075,0.30066563101632654,0.8659989196104609,0.3225536686434057,5.053359245988196,0.2916327795205453,1.9496730637210005,4.700950776499749,1.9119048060890618,4.0,79.99755637451867,1.0,0.4337921831326611,0.7367447244427685,0.2616596280777723,слабая,умеренно неровные,выраженный,монотонная,неоднородная,лобуляции слабые,с примесью красного или синего,умеренно вытянутая,тёмный ободок по краю,цвет однородный,грубая,округлая,красноватый,упорядоченная,размер:маленький,периметр:средний,выпуклость:высокая,плотность:высокая,заполнение_bbox:среднее,вариация_радиуса:низкая,граница:сильно_изрезанная,форма:умеренно_вытянутая,отношение_периметр_площадь:среднее,красный:норма,зеленый:норма,синий:понижен,контраст:умеренный,центр:оттенок_как_периферия,насыщенность_центра:умеренно_выше,яркость_центра:темнее,ободок:слегка_темнее,яркость_асимметрия:слабая,яркость_асимметрия:слабая,насыщенность_асимметрия:слабая,насыщенность_асимметрия:слабая,разнообразие_оттенка:среднее,разнообразие_насыщенности:низкое,разнообразие_яркости:среднее,вариабельность_оттенка:низкая,вариабельность_насыщенности:низкая,вариабельность_яркости:средняя,насыщенность:высокая,яркость:средняя,энергия_текстуры:низкая,энтропия_текстуры:высокая,энтропия_lbp:низкая,среднее_lbp:низкое,разброс_lbp:низкий,медиана_lbp:ниже_нормы,темные_пиксели:нет,белые_пиксели:нет,красные_пиксели:преобладают,синие_пиксели:нет,яркие_выбросы:нет,темные_выбросы:умеренно
/kaggle/input/datasets/mihailodin1/all-image-skin/1084.jpg,success,10.192010541445887,169.31118380154524,164.47837837837838,1.7710106222009516,24.540709438117315,24.391218929455295,0.18138185698282938,0.2976410865211188,0.5209770533286017,0.5284606520336298,1.819986512165694,1.786139077559346,31.804617672690767,13.64384519756229,"[[8, 199, 123], [11, 143, 187], [10, 181, 161]]",0.0,0.0,0.9965394748527279,0.0,-0.9623167090914677,32.71800322752557,-33.58175012864811,-6.217120086977275,2.415998297824615,-0.8734429533116099,0.5293031613605876,-26.583043113815933,1.4801219620496728e-05,0.050608330126402416,337810,2264.0815074443817,3.8954336067974213,0.8281294906171026,1.0828313253012047,0.35050871639000925,0.9713352445087253,0.7075799721835884,573.3695517200806,1.0502643536641538,0.921202968960234,0.1943617437733114,0.9051026632393584,0.34922541180321365,4.910065091703387,0.22275686385508067,2.067748060474676,4.9049801123244,2.1239228070163394,5.0,77.29793456473924,1.0,0.216670020845607,0.6804681340908318,0.4145782144105605,слабая,умеренно неровные,умеренный,монотонная,неоднородная,лобуляции слабые,с примесью красного или синего,умеренно вытянутая,тёмный ободок по краю,цвет однородный,грубая,овальная,красноватый,средне упорядоченная,размер:маленький,периметр:средний,выпуклость:средняя,плотность:высокая,заполнение_bbox:среднее,вариация_радиуса:средняя,граница:сильно_изрезанная,форма:округлая,отношение_периметр_площадь:среднее,красный:повышен,зеленый:норма,синий:понижен,контраст:умеренный,центр:оттенок_как_периферия,насыщенность_центра:умеренно_выше,яркость_центра:темнее,ободок:слегка_темнее,яркость_асимметрия:слабая,яркость_асимметрия:слабая,насыщенность_асимметрия:слабая,насыщенность_асимметрия:слабая,разнообразие_оттенка:среднее,разнообразие_насыщенности:низкое,разнообразие_яркости:среднее,вариабельность_оттенка:низкая,вариабельность_насыщенности:низкая,вариабельность_яркости:средняя,насыщенность:высокая,яркость:средняя,энергия_текстуры:низкая,энтропия_текстуры:высокая,энтропия_lbp:средняя,среднее_lbp:среднее,разброс_lbp:средний,медиана_lbp:типичная,темные_пиксели:нет,белые_пиксели:нет,красные_пиксели:преобладают,синие_пиксели:нет,яркие_выбросы:нет,темные_выбросы:много
/kaggle/input/datasets/mihailodin1/all-image-skin/1085.jpg,success,8.469871926816671,188.13571971365164,148.61140255433796,2.3649393918321,24.77279189979747,41.6206220625281,0.15974193724002736,0.2780740339549204,0.5621840250221246,0.2860531083895087,1.810994154746544,2.2951762998394485,51.85166876662993,23.935680363065593,"[[10, 160, 191], [9, 197, 149], [6, 212, 89]]",0.0063426681519477045,0.0,0.9982642936711484,1.2953032304862569e-05,-2.685429361719997,27.683316462599493,-59.46549925042626,9.416323386659428,0.9277067634955358,-2.1601343392090655,8.1756289213657,-50.18490535651702,6.260632280683575e-05,0.02666813467699455,463212,2597.2429757118225,3.8161257699171522,0.8629080191429718,0.8861209964412812,0.47382734053283915,0.9799902680517063,0.7355829009990138,615.316130268859,1.0434657951318251,0.9471498212972915,0.19928480910692326,0.908336161753248,0.29404148553265513,5.22191250579189,0.22908531277879196,2.0441197416144496,4.933584838493314,2.076659275436112,5.0,110.51403848547548,1.0,0.23691367026641957,0.8142787297817029,0.4106696942042389,умеренная,умеренно неровные,выраженный,монотонная,неоднородная,лобуляции слабые,с примесью красного или синего,умеренно вытянутая,тёмный ободок по краю,цвет однородный,грубая,округлая,красноватый,средне упорядоченная,размер:средний,периметр:средний,выпуклость:высокая,плотность:высокая,заполнение_bbox:среднее,вариация_радиуса:средняя,граница:сильно_изрезанная,форма:округлая,отношение_периметр_площадь:среднее,красный:повышен,зеленый:понижен,синий:понижен,контраст:выраженный,центр:оттенок_как_периферия,насыщенность_центра:умеренно_выше,яркость_центра:значительно_темнее,ободок:темнее_центра,яркость_асимметрия:слабая,яркость_асимметрия:слабая,насыщенность_асимметрия:слабая,насыщенность_асимметрия:слабая,разнообразие_оттенка:низкое,разнообразие_насыщенности:низкое,разнообразие_яркости:высокое,вариабельность_оттенка:низкая,вариабельность_насыщенности:низкая,вариабельность_яркости:высокая,насыщенность:высокая,яркость:средняя,энергия_текстуры:низкая,энтропия_текстуры:высокая,энтропия_lbp:средняя,среднее_lbp:среднее,разброс_lbp:средний,медиана_lbp:типичная,темные_пиксели:единичные,белые_пиксели:нет,красные_пиксели:преобладают,синие_пиксели:нет,яркие_выбросы:нет,темные_выбросы:умеренно
/kaggle/input/datasets/mihailodin1/all-image-skin/1086.jpg,success,9.902398333558878,174.75720345675668,132.55394977323496,2.8651083389703986,29.29095121066735,41.79857090503386,0.18061470520030795,0.29854372537551455,0.5208415654948976,0.6424769440979897,1.9231464814778494,2.140603433251832,44.722676945042586,21.895080769618808,"[[10, 186, 131], [12, 148, 168], [6, 209, 76]]",0.030585076378077124,0.0,0.9752927638258986,0.0,-4.362864623151879,47.36901376010826,-74.68313214125168,4.279812741898638,-5.512246305686716,7.508248597672036,-0.3581070012995724,-48.72100261692955,0.0,0.026873350030460975,177276,1624.0113161802292,3.8571282474118984,0.8446595675019201,1.1312217194570136,0.5943014738109286,0.9746705299560706,0.8021538461538461,505.8232173798948,1.0331948773377864,1.0230189575481727,0.17303673200860845,0.9146382712931631,0.31598396291144465,5.071304395447712,0.22845334135720816,2.053505824149032,4.984875752947922,2.081104163298794,5.0,144.07342517106878,1.0,0.36276159663397106,0.9670180684805229,0.41682615535455647,умеренная,умеренно неровные,выраженный,монотонная,неоднородная,лобуляции слабые,с примесью красного или синего,умеренно вытянутая,тёмный ободок по краю,цвет умеренно неоднородный,грубая,овальная,красноватый,средне упорядоченная,размер:маленький,периметр:средний,выпуклость:высокая,плотность:высокая,заполнение_bbox:высокое,вариация_радиуса:средняя,граница:сильно_изрезанная,форма:умеренно_вытянутая,отношение_периметр_площадь:среднее,красный:повышен,зеленый:норма,синий:понижен,контраст:умеренный,центр:оттенок_как_периферия,насыщенность_центра:умеренно_выше,яркость_центра:значительно_темнее,ободок:слегка_темнее,яркость_асимметрия:слабая,яркость_асимметрия:слабая,насыщенность_асимметрия:слабая,насыщенность_асимметрия:слабая,разнообразие_оттенка:среднее,разнообразие_насыщенности:низкое,разнообразие_яркости:высокое,вариабельность_оттенка:низкая,вариабельность_насыщенности:низкая,вариабельность_яркости:высокая,насыщенность:высокая,яркость:средняя,энергия_текстуры:низкая,энтропия_текстуры:высокая,энтропия_lbp:средняя,среднее_lbp:среднее,разброс_lbp:средний,медиана_lbp:типичная,темные_пиксели:единичные,белые_пиксели:нет,красные_пиксели:преобладают,синие_пиксели:нет,яркие_выбросы:нет,темные_выбросы:умеренно
/kaggle/input/datasets/mihailodin1/all-image-skin/1087.jpg,success,9.279654218197427,145.39092884887117,153.31184669357512,2.387614695230191,44.553138734044175,28.674919110777672,0.22009026419581604,0.3011641402270329,0.4787455924544588,0.4408889973367883,2.3267560145845176,1.9356035540660108,50.28494494715902,20.178196848827117,"[[9, 195, 119], [8, 92, 182], [10, 149, 158]]",0.0,0.0,0.9871963029377536,0.0,-0.31975192452613044,60.320728876968644,-38.36598893162619,11.73115185447881,-5.06358599581219,12.565923867764923,-10.110241346036503,-36.015141953537835,8.026072061454367e-05,0.02846932245166932,473457,2778.3556735515594,4.037825724766817,0.7707521109838678,1.0798004987531171,0.49145587306864924,0.9572058775959112,0.6816921322559651,1861.2228838536826,1.0725188447748788,0.9559100746065178,0.20649005387738603,0.8998807384334319,0.3002078978135097,5.167995781032502,0.23891978536867436,2.0364569285900793,4.845025808481509,2.0644256798957956,5.0,138.47737279721338,1.0,0.2856281859108832,0.9220899842900886,0.4185812759250476,умеренная,умеренно неровные,выраженный,монотонная,неоднородная,лобуляции слабые,с примесью красного или синего,умеренно вытянутая,тёмный ободок по краю,цвет умеренно неоднородный,грубая,овальная,красноватый,средне упорядоченная,размер:средний,периметр:средний,выпуклость:средняя,плотность:средняя,заполнение_bbox:низкое,вариация_радиуса:средняя,граница:сильно_изрезанная,форма:округлая,отношение_периметр_площадь:среднее,красный:норма,зеленый:норма,синий:норма,контраст:выраженный,центр:оттенок_как_периферия,насыщенность_центра:выше,яркость_центра:темнее,ободок:слегка_темнее,яркость_асимметрия:слабая,яркость_асимметрия:слабая,насыщенность_асимметрия:слабая,насыщенность_асимметрия:слабая,разнообразие_оттенка:среднее,разнообразие_насыщенности:высокое,разнообразие_яркости:среднее,вариабельность_оттенка:низкая,вариабельность_насыщенности:средняя,вариабельность_яркости:средняя,насыщенность:средняя,яркость:средняя,энергия_текстуры:низкая,энтропия_текстуры:высокая,энтропия_lbp:средняя,среднее_lbp:низкое,разброс_lbp:средний,медиана_lbp:типичная,темные_пиксели:нет,белые_пиксели:нет,красные_пиксели:преобладают,синие_пиксели:нет,яркие_выбросы:нет,темные_выбросы:умеренно
/kaggle/input/datasets/mihailodin1/all-image-skin/1088.jpg,success,14.821366913200782,81.3412066833645,176.48238800291685,3.053897861887756,13.169350215358783,14.750369333359835,0.2701941620353383,0.3327501172630846,0.3970557184517445,0.40989965176594106,1.281962576227208,1.3782301714490186,1.106928955901423,0.4080767052223595,"[[15, 82, 177], [18, 81, 173], [10, 78, 180]]",0.0,0.0,0.4271345233188548,0.0,-1.5283879972939474,2.2299544821428157,12.35556501046247,14.096564740829848,2.0252512494097203,21.404457789394428,6.995552925390385,15.967094043993995,0.0206715069274912,0.012594717986113313,126164,2098.9574934244156,5.909298370255671,0.3598636880225618,3.620967741935484,0.9524773281567834,0.8541388811785334,0.5665098067389899,12944.985218855809,1.0535363800741198,1.0418617997614423,0.13617609875353592,0.9319841209581842,0.49557302629491035,4.1920154519463795,0.18151627668768605,2.1823687387617223,5.1937918120418685,2.4209997080758128,5.0,60.635734194923614,1.0,1.7867225350461338,0.48346870382492996,0.5646364637469394,слабая,фестончатые,низкий,монотонная,неоднородная,лобуляции выраженные,слабо пигментированная,вытянутая,без выраженного ободка,цвет однородный,грубая,неправильная,красноватый,хаотичная,размер:маленький,периметр:средний,выпуклость:средняя,плотность:низкая,заполнение_bbox:низкое,вариация_радиуса:высокая,граница:сильно_изрезанная,форма:сильно_вытянутая,отношение_периметр_площадь:высокое,красный:понижен,зеленый:повышен,синий:повышен,контраст:очень_слабый,центр:оттенок_как_периферия,насыщенность_центра:равна,яркость_центра:равная,ободок:светлее,яркость_асимметрия:слабая,яркость_асимметрия:сильная_низ_верх,насыщенность_асимметрия:слабая,насыщенность_асимметрия:слабая,разнообразие_оттенка:среднее,разнообразие_насыщенности:низкое,разнообразие_яркости:низкое,вариабельность_оттенка:низкая,вариабельность_насыщенности:низкая,вариабельность_яркости:низкая,насыщенность:средняя,яркость:высокая,энергия_текстуры:низкая,энтропия_текстуры:высокая,энтропия_lbp:высокая,среднее_lbp:высокое,разброс_lbp:высокий,медиана_lbp:типичная,темные_пиксели:нет,белые_пиксели:нет,красные_пиксели:мало,синие_пиксели:нет,яркие_выбросы:много,темные_выбросы:умеренно
/kaggle/input/datasets/mihailodin1/all-image-skin/1089.jpg,success,7.918288503978648,157.4736227453872,140.23667548375118,2.380252974907409,49.29400376963303,34.655191181087446,0.21296522734118392,0.2893260894349747,0.49770867967477916,0.24371958914196507,2.3164357262163247,2.0501967286836247,62.19610042678363,26.72593865870577,"[[9, 147, 155], [7, 91, 182], [8, 202, 108]]",0.0,0.0,0.9960632569754081,0.0,-0.9259164984943737,73.79426631472975,-52.42617958551796,19.633299899195265,-17.908441849340562,-1.7889079816143862,-0.8069134652180594,-48.70267553399293,0.00012378002674724926,0.0005946823024161323,371627,2341.398180127144,3.8407995910495862,0.8518567530176752,1.1142410015649453,0.5591690044178043,0.9894222577209798,0.8168200840498673,952.7470883920653,1.045413049494841,1.0252050756546913,0.18585714660041308,0.9078332602905888,0.302485033926228,5.1741511083306815,0.2310809896784492,2.047396176419583,4.880564912138306,2.076954193729459,5.0,167.28392559411037,1.0,0.3367050029913748,0.979763612622943,0.41193605448026666,умеренная,умеренно неровные,выраженный,монотонная,неоднородная,лобуляции слабые,с примесью красного или синего,умеренно вытянутая,тёмный ободок по краю,цвет умеренно неоднородный,грубая,округлая,красноватый,средне упорядоченная,размер:маленький,периметр:средний,выпуклость:высокая,плотность:высокая,заполнение_bbox:высокое,вариация_радиуса:средняя,граница:сильно_изрезанная,форма:умеренно_вытянутая,отношение_периметр_площадь:среднее,красный:норма,зеленый:норма,синий:норма,контраст:выраженный,центр:оттенок_как_периферия,насыщенность_центра:выше,яркость_центра:значительно_темнее,ободок:слегка_темнее,яркость_асимметрия:сильная_право_лево,яркость_асимметрия:слабая,насыщенность_асимметрия:слабая,насыщенность_асимметрия:слабая,разнообразие_оттенка:низкое,разнообразие_насыщенности:высокое,разнообразие_яркости:среднее,вариабельность_оттенка:низкая,вариабельность_насыщенности:высокая,вариабельность_яркости:средняя,насыщенность:средняя,яркость:средняя,энергия_текстуры:низкая,энтропия_текстуры:высокая,энтропия_lbp:средняя,среднее_lbp:низкое,разброс_lbp:средний,медиана_lbp:типичная,темные_пиксели:нет,белые_пиксели:нет,красные_пиксели:преобладают,синие_пиксели:нет,яркие_выбросы:нет,темные_выбросы:нет
/kaggle/input/datasets/mihailodin1/all-image-skin/109.jpg,success,7.068085756492878,164.0484473082926,120.81709453145258,2.546615512797527,38.858335643246306,35.104801535256485,0.20510420526114959,0.2797023657649244,0.5151934247096831,0.18065915110189612,2.0717078558574027,2.0759674277076168,69.79556348498053,33.35870148446251,"[[5, 99, 173], [7, 193, 92], [9, 155, 139]]",0.0001663510888657302,0.0,0.9988746838106142,0.0,-0.5918267050001305,47.03397634208011,-52.185423091136826,-0.3804946613431923,-3.550033212402667,1.9555147012982133,-6.298218080502892,-58.509733183263876,0.002514837049323098,0.0003131314613943157,408774,2527.0348249673843,3.9524792131028437,0.8043974309368354,0.8887468030690537,0.4969020472882619,0.9653213180024512,0.7521279140370568,606.9042360968386,1.0790767846487108,0.9231642317245188,0.14862403217044012,0.9270355361851271,0.35021447338546147,4.9479358127925925,0.23940908049911472,2.0529181262099443,5.065280401104219,2.088711052472202,5.0,111.99548679376403,1.0,0.24845102364413096,0.8696833433204195,0.4102129055881001,умеренная,умеренно неровные,выраженный,монотонная,неоднородная,лобуляции слабые,с примесью красного или синего,умеренно вытянутая,тёмный ободок по краю,цвет умеренно неоднородный,грубая,овальная,красноватый,средне упорядоченная,размер:средний,периметр:средний,выпуклость:средняя,плотность:средняя,заполнение_bbox:среднее,вариация_радиуса:средняя,граница:сильно_изрезанная,форма:округлая,отношение_периметр_площадь:среднее,красный:норма,зеленый:понижен,синий:норма,контраст:выраженный,центр:оттенок_как_периферия,насыщенность_центра:умеренно_выше,яркость_центра:значительно_темнее,ободок:темнее_центра,яркость_асимметрия:слабая,яркость_асимметрия:слабая,насыщенность_асимметрия:слабая,насыщенность_асимметрия:слабая,разнообразие_оттенка:низкое,разнообразие_насыщенности:среднее,разнообразие_яркости:среднее,вариабельность_оттенка:низкая,вариабельность_насыщенности:средняя,вариабельность_яркости:высокая,насыщенность:высокая,яркость:средняя,энергия_текстуры:низкая,энтропия_текстуры:высокая,энтропия_lbp:средняя,среднее_lbp:среднее,разброс_lbp:средний,медиана_lbp:типичная,темные_пиксели:нет,белые_пиксели:нет,красные_пиксели:преобладают,синие_пиксели:нет,яркие_выбросы:единичные,темные_выбросы:нет
/kaggle/input/datasets/mihailodin1/all-image-skin/1090.jpg,success,8.088166639338045,160.71243517810083,129.03802176315565,2.122653570738147,46.66483255134761,38.237514132253565,0.21045721175245552,0.28961270372811804,0.499930080645139,0.2098605285140736,2.210571715269043,2.0995941455299016,71.57006054011943,31.867529120407855,"[[9, 155, 143], [7, 200, 95], [8, 95, 179]]",0.0,0.0,0.9976037150386806,0.0,-1.2840492219823858,65.44460664901652,-55.97151350453936,4.855950390313126,-4.8459549471176615,1.9757606701525958,-0.41831927632577504,-57.41789998190298,6.907251551474964e-05,1.0626540848423022e-05,188208,1659.650925397873,3.825583737449049,0.8586465688901881,1.0749464668094217,0.5052777580466937,0.989771394613811,0.8028187037716372,298.3832429860715,1.0507095709996979,0.943652395447929,0.20658572609886075,0.8986497175636575,0.31080682013956623,5.15153888292484,0.2605574573174978,1.9929788275906066,4.843610883435385,1.9696570770773865,5.0,134.79615465944744,1.0,0.29011211242805773,0.9722437179891351,0.24791250339762652,умеренная,умеренно неровные,выраженный,монотонная,неоднородная,лобуляции слабые,с примесью красного или синего,умеренно вытянутая,тёмный ободок по краю,цвет умеренно неоднородный,грубая,округлая,красноватый,упорядоченная,размер:маленький,периметр:средний,выпуклость:средняя,плотность:высокая,заполнение_bbox:высокое,вариация_радиуса:низкая,граница:сильно_изрезанная,форма:умеренно_вытянутая,отношение_периметр_площадь:среднее,красный:норма,зеленый:норма,синий:норма,контраст:выраженный,центр:оттенок_как_периферия,насыщенность_центра:выше,яркость_центра:значительно_темнее,ободок:темнее_центра,яркость_асимметрия:слабая,яркость_асимметрия:слабая,насыщенность_асимметрия:слабая,насыщенность_асимметрия:слабая,разнообразие_оттенка:низкое,разнообразие_насыщенности:среднее,разнообразие_яркости:среднее,вариабельность_оттенка:низкая,вариабельность_насыщенности:высокая,вариабельность_яркости:высокая,насыщенность:высокая,яркость:средняя,энергия_текстуры:низкая,энтропия_текстуры:высокая,энтропия_lbp:низкая,среднее_lbp:низкое,разброс_lbp:низкий,медиана_lbp:типичная,темные_пиксели:нет,белые_пиксели:нет,красные_пиксели:преобладают,синие_пиксели:нет,яркие_выбросы:нет,темные_выбросы:нет
/kaggle/input/datasets/mihailodin1/all-image-skin/1091.jpg,success,8.132555075284188,157.9834059603289,134.77341140099762,2.668411436852974,46.2800259143855,37.56076959973205,0.21211244620323083,0.29079885269831124,0.4970886974100817,0.3175511470925336,2.273765742662728,2.1371277806118125,63.84472291169837,28.164729399160056,"[[9, 162, 144], [8, 98, 177], [7, 202, 95]]",2.5423685722566573e-06,4.830500287287649e-05,0.9880864608704053,1.5254211433539944e-05,-0.9467418064091362,59.557145230915665,-51.50331131588895,21.06082563649015,-10.201784648622294,1.3722918567018496,6.884668254529146,-46.135417530870654,0.00011949132289606289,0.002120335389262052,393334,2471.6967314481735,3.9410726334646324,0.8090604769384653,1.3879870129870129,0.7409337125529419,0.9843562696297409,0.7468178020809599,2673.386890962259,1.058095884070589,0.9345115438748604,0.16880950919043056,0.9184764942523139,0.29886474242092637,5.169247716243877,0.22486512494497507,2.0635049870156768,4.993793700029688,2.113101636010455,5.0,151.5267687495572,1.0,0.5644603627699774,1.0067427898094081,0.4156516822886708,умеренная,умеренно неровные,выраженный,монотонная,неоднородная,лобуляции слабые,с примесью красного или синего,вытянутая,тёмный ободок по краю,цвет умеренно неоднородный,грубая,овальная,красноватый,средне упорядоченная,размер:маленький,периметр:средний,выпуклость:средняя,плотность:высокая,заполнение_bbox:среднее,вариация_радиуса:средняя,граница:сильно_изрезанная,форма:умеренно_вытянутая,отношение_периметр_площадь:среднее,красный:норма,зеленый:норма,синий:норма,контраст:выраженный,центр:оттенок_как_периферия,насыщенность_центра:умеренно_выше,яркость_центра:значительно_темнее,ободок:слегка_темнее,яркость_асимметрия:сильная_право_лево,яркость_асимметрия:слабая,насыщенность_асимметрия:слабая,насыщенность_асимметрия:слабая,разнообразие_оттенка:низкое,разнообразие_насыщенности:среднее,разнообразие_яркости:высокое,вариабельность_оттенка:низкая,вариабельность_насыщенности:высокая,вариабельность_яркости:высокая,насыщенность:средняя,яркость:средняя,энергия_текстуры:низкая,энтропия_текстуры:высокая,энтропия_lbp:средняя,среднее_lbp:среднее,разброс_lbp:средний,медиана_lbp:типичная,темные_пиксели:нет,белые_пиксели:нет,красные_пиксели:преобладают,синие_пиксели:нет,яркие_выбросы:нет,темные_выбросы:нет
/kaggle/input/datasets/mihailodin1/all-image-skin/1092.jpg,success,8.42542959770045,159.51426724769112,145.01726915133736,2.0097612687497577,41.62861713137178,28.82933310761956,0.20460651176947744,0.2900159535758407,0.5053775311697346,0.2150665648206912,2.1522968920011474,1.9437113624501334,61.83576401748907,25.966537418803533,"[[10, 159, 152], [8, 195, 119], [8, 98, 184]]",0.0,0.0,0.998424568649926,0.0,-0.5576899086937317,44.8216413555233,-30.554265007277877,3.8130521601344753,-8.536175244941575,2.5163192565581483,2.329562949850697,-48.01937721521173,0.0034891764836574245,0.006488555400144414,198041,1689.4915450811386,3.7964568439329462,0.8718723986671083,1.0141414141414142,0.2467218205441727,0.987691325576408,0.7969777455833232,91.29520445914582,1.0526288870262503,0.9837540322449296,0.2107720734453432,0.8972875146009961,0.3215922705507949,5.104816972941093,0.2543171673885273,2.017478722837348,4.8224731910648755,2.016743944094027,5.0,93.1287058829798,1.0,0.13043161734279346,0.8253381858867448,0.07948176075441253,умеренная,умеренно неровные,выраженный,монотонная,неоднородная,лобуляции отсутствуют,с примесью красного или синего,округлая,тёмный ободок по краю,цвет однородный,грубая,округлая,красноватый,средне упорядоченная,размер:маленький,периметр:средний,выпуклость:средняя,плотность:высокая,заполнение_bbox:среднее,вариация_радиуса:низкая,граница:сильно_изрезанная,форма:округлая,отношение_периметр_площадь:среднее,красный:норма,зеленый:норма,синий:норма,контраст:выраженный,центр:оттенок_как_периферия,насыщенность_центра:умеренно_выше,яркость_центра:темнее,ободок:слегка_темнее,яркость_асимметрия:слабая,яркость_асимметрия:слабая,насыщенность_асимметрия:слабая,насыщенность_асимметрия:слабая,разнообразие_оттенка:низкое,разнообразие_насыщенности:среднее,разнообразие_яркости:среднее,вариабельность_оттенка:низкая,вариабельность_насыщенности:средняя,вариабельность_яркости:средняя,насыщенность:средняя,яркость:средняя,энергия_текстуры:низкая,энтропия_текстуры:высокая,энтропия_lbp:средняя,среднее_lbp:низкое,разброс_lbp:низкий,медиана_lbp:типичная,темные_пиксели:нет,белые_пиксели:нет,красные_пиксели:преобладают,синие_пиксели:нет,яркие_выбросы:единичные,темные_выбросы:нет
/kaggle/input/datasets/mihailodin1/all-image-skin/1093.jpg,success,9.251070632057072,155.68580995367398,143.1519847521918,2.081486094424474,34.51541048817162,24.622684521550912,0.20508365834589778,0.2958550630921788,0.4990612750756898,0.39899743054228765,2.0514208810062793,1.8182730484722256,56.045054920533445,23.97187286989541,"[[10, 155, 150], [8, 184, 121], [10, 104, 176]]",0.0,0.0,0.989923541701252,0.0,-1.3212424638194449,43.3317569470488,-35.15436513111921,3.3831170392724346,-7.695584106719139,-2.219553807594565,-1.8369920072406387,-36.16020254681504,0.0037414763561872963,0.00929965952408546,638518,3123.049105525017,3.9083391284633797,0.8226694742213824,0.9703389830508474,0.5329787687310391,0.9767707965238036,0.7384237843238842,956.6658222160283,1.0728377121542263,0.9506143173653293,0.1668772204991704,0.9171946426107476,0.34511621141775334,4.9263742498593475,0.2253663514139133,2.07213749167347,4.9605367170252235,2.1299407868996254,5.0,94.94261150281423,1.0,0.26648938436551955,0.7605131775469464,0.4087741209884856,умеренная,умеренно неровные,выраженный,монотонная,неоднородная,лобуляции слабые,с примесью красного или синего,умеренно вытянутая,тёмный ободок по краю,цвет однородный,грубая,овальная,красноватый,средне упорядоченная,размер:средний,периметр:большой,выпуклость:средняя,плотность:высокая,заполнение_bbox:среднее,вариация_радиуса:средняя,граница:сильно_изрезанная,форма:умеренно_вытянутая,отношение_периметр_площадь:среднее,красный:норма,зеленый:норма,синий:норма,контраст:выраженный,центр:оттенок_как_периферия,насыщенность_центра:умеренно_выше,яркость_центра:темнее,ободок:слегка_темнее,яркость_асимметрия:слабая,яркость_асимметрия:слабая,насыщенность_асимметрия:слабая,насыщенность_асимметрия:слабая,разнообразие_оттенка:низкое,разнообразие_насыщенности:среднее,разнообразие_яркости:среднее,вариабельность_оттенка:низкая,вариабельность_насыщенности:средняя,вариабельность_яркости:средняя,насыщенность:средняя,яркость:средняя,энергия_текстуры:низкая,энтропия_текстуры:высокая,энтропия_lbp:средняя,среднее_lbp:среднее,разброс_lbp:средний,медиана_lbp:типичная,темные_пиксели:нет,белые_пиксели:нет,красные_пиксели:преобладают,синие_пиксели:нет,яркие_выбросы:единичные,темные_выбросы:нет
/kaggle/input/datasets/mihailodin1/all-image-skin/1094.jpg,success,173.89604830941772,61.617034744244634,190.62019120200696,12.146240110041669,34.541395180928305,20.38843242171226,0.3142777739543773,0.3036274750241275,0.3820947490141419,1.4968028698992328,1.7295109622831046,1.4342269738810618,12.942520593785643,4.434176469941922,"[[156, 47, 182], [172, 52, 197], [7, 87, 185]]",0.0,0.020376664999820656,0.4646987334080249,0.00120793587495701,0.569614072827278,-19.12081052717756,20.07166802405274,2.6725222523809578,-19.784534103018473,0.8343533248610981,-25.783870008406005,38.90065422075983,4.2198633186271095e-06,0.04145488227636307,947898,6063.149610757828,6.22755370236316,0.3240223007414273,1.137137989778535,0.6506212304651559,0.7032552052420408,0.6048006431483643,22135.367209987086,1.3218540283324112,1.115923848897405,0.13625219885271858,0.9321336636639636,0.4555816673879214,4.4970218952832495,0.17805769891533504,2.1884638603489996,5.214427061902681,2.4555919193429205,5.0,88.83737231272411,3.0,0.3938796101218454,1.328373663835936,0.5080103191775136,умеренная,фестончатые,низкий,умеренно разнообразная,неоднородная,лобуляции выраженные,слабо пигментированная,умеренно вытянутая,светлый ободок по краю,цвет неоднородный,грубая,неправильная,красноватый,хаотичная,размер:крупный,периметр:большой,выпуклость:низкая,плотность:низкая,заполнение_bbox:низкое,вариация_радиуса:высокая,граница:сильно_изрезанная,форма:умеренно_вытянутая,отношение_периметр_площадь:высокое,красный:понижен,зеленый:норма,синий:повышен,контраст:очень_слабый,центр:оттенок_как_периферия,насыщенность_центра:ниже,яркость_центра:светлее,ободок:светлее,яркость_асимметрия:слабая,яркость_асимметрия:слабая,насыщенность_асимметрия:слабая,насыщенность_асимметрия:сильная_верх_низ,разнообразие_оттенка:высокое,разнообразие_насыщенности:низкое,разнообразие_яркости:низкое,вариабельность_оттенка:средняя,вариабельность_насыщенности:средняя,вариабельность_яркости:средняя,насыщенность:низкая,яркость:высокая,энергия_текстуры:низкая,энтропия_текстуры:высокая,энтропия_lbp:высокая,среднее_lbp:высокое,разброс_lbp:высокий,медиана_lbp:типичная,темные_пиксели:нет,белые_пиксели:присутствуют,красные_пиксели:мало,синие_пиксели:единичные,яркие_выбросы:нет,темные_выбросы:много
/kaggle/input/datasets/mihailodin1/all-image-skin/1095.jpg,success,9.78749256829931,164.09780562110095,152.18990205902318,2.19108049347254,40.26656188791063,27.698028834539027,0.19430799757469222,0.29814061451637014,0.5075513845738683,0.47295169732473735,2.150151083878577,1.926495851583504,60.89421641068851,24.516420519191936,"[[10, 196, 129], [8, 96, 192], [11, 155, 165]]",0.0,6.060704011377962e-06,0.9954948766848757,3.030352005688981e-05,0.06660043738280308,47.88589530937105,-33.51786719251365,-6.285612686356899,3.8908488297292365,10.987198445664205,-5.322324431607882,-36.40597618953623,0.009713288295568414,0.00883448621391861,494992,2790.3384286165237,3.9660463946934548,0.7989034258427492,0.8699551569506726,0.5069099662036826,0.9646954728740789,0.7151079469280199,993.3552087498414,1.073446392554718,0.9499109789537417,0.1827728955099536,0.9116226198141729,0.3333249611354747,5.032321226449019,0.21819822089654137,2.0751899992522165,4.932405853404801,2.1340373561803774,5.0,107.95634733262573,1.0,0.2534549831018413,0.8709198480047656,0.41291956183559375,умеренная,умеренно неровные,выраженный,монотонная,неоднородная,лобуляции слабые,с примесью красного или синего,умеренно вытянутая,тёмный ободок по краю,цвет умеренно неоднородный,грубая,овальная,красноватый,средне упорядоченная,размер:средний,периметр:средний,выпуклость:средняя,плотность:средняя,заполнение_bbox:среднее,вариация_радиуса:средняя,граница:сильно_изрезанная,форма:умеренно_вытянутая,отношение_периметр_площадь:среднее,красный:норма,зеленый:норма,синий:понижен,контраст:выраженный,центр:оттенок_как_периферия,насыщенность_центра:умеренно_выше,яркость_центра:темнее,ободок:слегка_темнее,яркость_асимметрия:слабая,яркость_асимметрия:слабая,насыщенность_асимметрия:слабая,насыщенность_асимметрия:слабая,разнообразие_оттенка:среднее,разнообразие_насыщенности:среднее,разнообразие_яркости:среднее,вариабельность_оттенка:низкая,вариабельность_насыщенности:средняя,вариабельность_яркости:средняя,насыщенность:высокая,яркость:средняя,энергия_текстуры:низкая,энтропия_текстуры:высокая,энтропия_lbp:средняя,среднее_lbp:среднее,разброс_lbp:средний,медиана_lbp:типичная,темные_пиксели:нет,белые_пиксели:нет,красные_пиксели:преобладают,синие_пиксели:нет,яркие_выбросы:единичные,темные_выбросы:нет
/kaggle/input/datasets/mihailodin1/all-image-skin/1096.jpg,success,9.060076955200293,148.96633725513453,158.3079293532117,2.346780742783069,36.09103182472309,20.91344431469095,0.21224116301633206,0.2973524772089013,0.4904063566769664,0.36872364839989225,2.156990679114622,1.6717059003923789,36.919497753618934,15.129636397703784,"[[7, 104, 181], [10, 137, 167], [9, 185, 139]]",0.0,0.0,0.997207539150054,0.0,0.4313487154116302,52.58082644371714,-30.04230904901138,8.537219062300892,-12.099294631269544,4.4262781208216495,1.7878974401851906,-27.862736523344694,0.0013764607906371013,0.027526744608450036,404661,2492.6084188222885,3.918396522135243,0.8184517834664194,1.0498614958448753,0.4361078675056895,0.9785316499773903,0.7394093656582784,412.0285877034791,1.0712094486558745,0.9354272661101886,0.17083662168318317,0.9162555283837513,0.35789920143786835,4.8620888690721555,0.21554010019451866,2.0958946148299047,4.9857518817565385,2.1809457356486313,5.0,109.90517346271743,1.0,0.2429846816752824,0.7404516982535491,0.3396397747261642,умеренная,умеренно неровные,выраженный,монотонная,неоднородная,лобуляции слабые,с примесью красного или синего,умеренно вытянутая,тёмный ободок по краю,цвет однородный,грубая,овальная,красноватый,средне упорядоченная,размер:средний,периметр:средний,выпуклость:средняя,плотность:высокая,заполнение_bbox:среднее,вариация_радиуса:низкая,граница:сильно_изрезанная,форма:округлая,отношение_периметр_площадь:среднее,красный:норма,зеленый:норма,синий:норма,контраст:умеренный,центр:оттенок_как_периферия,насыщенность_центра:умеренно_выше,яркость_центра:темнее,ободок:слегка_темнее,яркость_асимметрия:слабая,яркость_асимметрия:слабая,насыщенность_асимметрия:слабая,насыщенность_асимметрия:слабая,разнообразие_оттенка:низкое,разнообразие_насыщенности:среднее,разнообразие_яркости:среднее,вариабельность_оттенка:низкая,вариабельность_насыщенности:средняя,вариабельность_яркости:средняя,насыщенность:средняя,яркость:средняя,энергия_текстуры:низкая,энтропия_текстуры:высокая,энтропия_lbp:средняя,среднее_lbp:среднее,разброс_lbp:средний,медиана_lbp:типичная,темные_пиксели:нет,белые_пиксели:нет,красные_пиксели:преобладают,синие_пиксели:нет,яркие_выбросы:единичные,темные_выбросы:умеренно
/kaggle/input/datasets/mihailodin1/all-image-skin/1097.jpg,success,8.213791248249173,119.639591651487,189.17446809815576,3.278221267956985,35.58261413628505,14.705628796691313,0.24406410986448687,0.3034975077956899,0.4524383799481676,0.4440380460970379,2.1989691416181776,1.3580533805320447,27.693643797180037,9.156775440284195,"[[9, 103, 195], [9, 153, 179], [4, 79, 201]]",0.0,6.64430092754441e-05,0.988152700346117,3.0666004280974197e-06,2.0491822500275276,31.17803165441225,-5.815482172914699,2.1061148685747924,-8.70999689371807,4.8250516485342985,10.310653149877865,-7.968581373376992,0.010095248609296706,0.0361286418435584,978282,4148.862375617027,4.194662248401112,0.7141934602630186,0.7784615384615384,0.7058094614549686,0.9454658266237174,0.7436013986013986,6054.733103243304,1.1049116103357361,0.9626858824054942,0.17412358146285303,0.9151031845070831,0.3869262571006511,4.757072170000228,0.20080213244837272,2.1305804523421448,5.004563078085725,2.2706091652075244,5.0,64.9945126380595,1.0,0.3529047307274843,0.7231659831192561,0.4206261855293626,слабая,фестончатые,умеренный,монотонная,неоднородная,лобуляции слабые,с примесью красного или синего,умеренно вытянутая,без выраженного ободка,цвет однородный,грубая,овальная,красноватый,хаотичная,размер:крупный,периметр:большой,выпуклость:низкая,плотность:средняя,заполнение_bbox:среднее,вариация_радиуса:высокая,граница:сильно_изрезанная,форма:умеренно_вытянутая,отношение_периметр_площадь:среднее,красный:норма,зеленый:норма,синий:норма,контраст:умеренный,центр:оттенок_как_периферия,насыщенность_центра:умеренно_выше,яркость_центра:равная,ободок:одинаковый,яркость_асимметрия:слабая,яркость_асимметрия:слабая,насыщенность_асимметрия:слабая,насыщенность_асимметрия:слабая,разнообразие_оттенка:среднее,разнообразие_насыщенности:среднее,разнообразие_яркости:низкое,вариабельность_оттенка:низкая,вариабельность_насыщенности:средняя,вариабельность_яркости:низкая,насыщенность:средняя,яркость:высокая,энергия_текстуры:низкая,энтропия_текстуры:высокая,энтропия_lbp:высокая,среднее_lbp:среднее,разброс_lbp:высокий,медиана_lbp:типичная,темные_пиксели:нет,белые_пиксели:нет,красные_пиксели:преобладают,синие_пиксели:нет,яркие_выбросы:много,темные_выбросы:умеренно
/kaggle/input/datasets/mihailodin1/all-image-skin/1098.jpg,success,8.356262751592409,126.42060067022561,172.7347981529829,3.5580143901864747,44.94501265075712,23.891213954328876,0.24050127532882654,0.3039430210938561,0.4555557009400044,0.5296763659767229,2.322302704189752,1.7839063024821065,48.73900209981904,17.343703715851376,"[[2, 64, 201], [10, 167, 152], [9, 99, 188]]",0.0,0.0007403655067607061,0.9602589330943382,0.0,2.1186020022424543,69.90778299717212,-35.48686470897786,-8.57810523654905,11.488628372716605,-4.75699378051462,11.994763759445703,-30.931051818761944,0.0015391809219498888,0.01817305069555391,205304,1788.6113831996918,3.9474558822027883,0.8064460038001526,1.0320150659133709,0.7697553262389445,0.9879836959398656,0.7055411219706654,1696.5919335779988,1.0488533813973842,0.9782397026514236,0.20981070090999465,0.8971531378086746,0.3053418254919735,5.14081315072219,0.22696296878608171,2.068738698547516,4.851929190147938,2.118433742266965,5.0,144.3317408576184,1.0,0.4008851960761577,0.9393818372179232,0.41890317674599387,умеренная,умеренно неровные,выраженный,монотонная,неоднородная,лобуляции слабые,с примесью красного или синего,умеренно вытянутая,тёмный ободок по краю,цвет умеренно неоднородный,грубая,овальная,красноватый,средне упорядоченная,размер:маленький,периметр:средний,выпуклость:высокая,плотность:высокая,заполнение_bbox:среднее,вариация_радиуса:средняя,граница:сильно_изрезанная,форма:умеренно_вытянутая,отношение_периметр_площадь:среднее,красный:норма,зеленый:норма,синий:норма,контраст:умеренный,центр:оттенок_как_периферия,насыщенность_центра:выше,яркость_центра:темнее,ободок:слегка_темнее,яркость_асимметрия:слабая,яркость_асимметрия:слабая,насыщенность_асимметрия:слабая,насыщенность_асимметрия:слабая,разнообразие_оттенка:среднее,разнообразие_насыщенности:высокое,разнообразие_яркости:среднее,вариабельность_оттенка:низкая,вариабельность_насыщенности:средняя,вариабельность_яркости:средняя,насыщенность:средняя,яркость:высокая,энергия_текстуры:низкая,энтропия_текстуры:высокая,энтропия_lbp:средняя,среднее_lbp:низкое,разброс_lbp:средний,медиана_lbp:типичная,темные_пиксели:нет,белые_пиксели:единичные,красные_пиксели:много,синие_пиксели:нет,яркие_выбросы:единичные,темные_выбросы:умеренно
/kaggle/input/datasets/mihailodin1/all-image-skin/1099.jpg,success,6.349710121097244,122.68601117525832,185.85595256226588,3.150701718746232,33.686770017030824,12.854062947325586,0.24392981221039506,0.2923987509952163,0.46367143429959895,0.24258324285756244,2.1515981630463488,1.2653129732784731,28.666129805127667,9.588111284687232,"[[2, 83, 195], [7, 108, 192], [7, 156, 176]]",0.0,5.949349617099858e-06,0.987771706797013,0.0,1.8644912002289544,46.828010280440424,-13.18767980698388,-0.8619526297513289,-10.541377976292708,7.197816381446302,-3.0950453403371228,-2.6706287304095895,0.022921654204762335,0.02827785366503734,1680856,5338.349744796753,4.117577376190549,0.74118449551126,1.1081081081081081,0.7358226012481986,0.9681441201085382,0.7673221495260547,11503.77998723441,1.0842037508259583,1.0121715999492436,0.1408855682208514,0.9299491416117532,0.4008651618405204,4.624391775340613,0.19814015035584376,2.1502238425004756,5.1227170247178515,2.327847167833673,5.0,83.57637361548072,1.0,0.4219653546781534,0.631077530982829,0.42105717796650366,умеренная,умеренно неровные,умеренный,монотонная,неоднородная,лобуляции слабые,с примесью красного или синего,умеренно вытянутая,без выраженного ободка,цвет однородный,грубая,овальная,красноватый,хаотичная,размер:крупный,периметр:большой,выпуклость:низкая,плотность:средняя,заполнение_bbox:среднее,вариация_радиуса:высокая,граница:сильно_изрезанная,форма:умеренно_вытянутая,отношение_периметр_площадь:среднее,красный:норма,зеленый:норма,синий:норма,контраст:умеренный,центр:оттенок_как_периферия,насыщенность_центра:умеренно_выше,яркость_центра:равная,ободок:одинаковый,яркость_асимметрия:слабая,яркость_асимметрия:слабая,насыщенность_асимметрия:слабая,насыщенность_асимметрия:слабая,разнообразие_оттенка:низкое,разнообразие_насыщенности:среднее,разнообразие_яркости:низкое,вариабельность_оттенка:низкая,вариабельность_насыщенности:средняя,вариабельность_яркости:низкая,насыщенность:средняя,яркость:высокая,энергия_текстуры:низкая,энтропия_текстуры:высокая,энтропия_lbp:высокая,среднее_lbp:высокое,разброс_lbp:высокий,медиана_lbp:типичная,темные_пиксели:нет,белые_пиксели:нет,красные_пиксели:преобладают,синие_пиксели:нет,яркие_выбросы:много,темные_выбросы:умеренно
/kaggle/input/datasets/mihailodin1/all-image-skin/110.jpg,success,7.8252720587378946,147.30990683124213,129.8029834404434,4.8900950940771875,53.374827793208276,40.02991904210258,0.2290718480996731,0.29566479669634393,0.47526335154238697,0.6477512391026216,2.2775628720455976,2.2671006220334,85.78075053102961,35.15987144661799,"[[7, 181, 106], [11, 90, 172], [178, 49, 193]]",0.009067972389404605,0.009323676425584005,0.890073446904009,1.4621374409194464e-05,-2.7648036746561786,58.26779434679446,-59.521454454241876,-5.222482353188553,5.739986506762307,-2.7614238760212686,8.074764299280929,-65.76969358363532,0.002690672923254786,0.009067972389404605,2940900,6974.701242446899,4.06710590103224,0.7596943600567054,1.0837307896131425,0.31090481492627287,0.9686315415730308,0.7621054104586393,1870.0481757556008,1.115922262358266,0.9946316738743276,0.1286577212767603,0.9362455484688469,0.30501301414919363,5.2270956354332,0.2245932305879963,2.0996415753970825,5.1674679230439375,2.2171925464732682,5.0,142.35270951094557,2.0,0.1973178022697077,1.258988447931337,0.4077562638699382,умеренная,умеренно неровные,выраженный,умеренно разнообразная,неоднородная,лобуляции слабые,с примесью красного или синего,округлая,тёмный ободок по краю,цвет умеренно неоднородный,средняя,овальная,красноватый,средне упорядоченная,размер:гигантский,периметр:большой,выпуклость:низкая,плотность:средняя,заполнение_bbox:среднее,вариация_радиуса:средняя,граница:сильно_изрезанная,форма:округлая,отношение_периметр_площадь:среднее,красный:норма,зеленый:норма,синий:норма,контраст:сильный,центр:оттенок_как_периферия,насыщенность_центра:умеренно_выше,яркость_центра:значительно_темнее,ободок:темнее_центра,яркость_асимметрия:слабая,яркость_асимметрия:слабая,насыщенность_асимметрия:слабая,насыщенность_асимметрия:слабая,разнообразие_оттенка:среднее,разнообразие_насыщенности:среднее,разнообразие_яркости:высокое,вариабельность_оттенка:низкая,вариабельность_насыщенности:высокая,вариабельность_яркости:высокая,насыщенность:средняя,яркость:средняя,энергия_текстуры:низкая,энтропия_текстуры:высокая,энтропия_lbp:средняя,среднее_lbp:высокое,разброс_lbp:средний,медиана_lbp:типичная,темные_пиксели:единичные,белые_пиксели:присутствуют,красные_пиксели:много,синие_пиксели:нет,яркие_выбросы:единичные,темные_выбросы:нет
/kaggle/input/datasets/mihailodin1/all-image-skin/1100.jpg,success,9.092509515513395,144.8591289342076,151.21933899311597,2.3316722501133205,46.561431824524625,28.048165943639074,0.22148972081179097,0.30062571752053757,0.4778845585074634,0.3967730949280319,2.3898147792783346,1.9378397489832335,51.58002824053894,20.824172204463014,"[[8, 85, 182], [9, 196, 118], [10, 148, 155]]",0.0,0.0,0.9888618291595368,0.0,-0.34433410537356224,57.99348108274643,-32.86419417137938,8.173028422033696,-15.622807959648213,17.865453665387548,-23.197654323239135,-26.683186450652272,0.000134493981911594,0.03492498339516608,483293,2834.7404495477676,4.077632183620196,0.7557771672043342,1.0660146699266504,0.4838141419073162,0.9474865658064732,0.6775490119109038,2192.0259076882044,1.0717183159559303,0.9588714125593758,0.20282626290829567,0.90088659775591,0.2929575731707877,5.203248367894002,0.23909239748540861,2.0372877839153407,4.861778710959469,2.066679048651336,5.0,156.06095372980798,1.0,0.2749144059169833,0.9230116597507556,0.42180691898473566,умеренная,умеренно неровные,выраженный,монотонная,неоднородная,лобуляции слабые,с примесью красного или синего,умеренно вытянутая,тёмный ободок по краю,цвет умеренно неоднородный,грубая,овальная,красноватый,средне упорядоченная,размер:средний,периметр:средний,выпуклость:средняя,плотность:средняя,заполнение_bbox:низкое,вариация_радиуса:средняя,граница:сильно_изрезанная,форма:округлая,отношение_периметр_площадь:среднее,красный:норма,зеленый:норма,синий:норма,контраст:выраженный,центр:оттенок_как_периферия,насыщенность_центра:умеренно_выше,яркость_центра:темнее,ободок:слегка_темнее,яркость_асимметрия:слабая,яркость_асимметрия:сильная_низ_верх,насыщенность_асимметрия:слабая,насыщенность_асимметрия:сильная_верх_низ,разнообразие_оттенка:низкое,разнообразие_насыщенности:высокое,разнообразие_яркости:среднее,вариабельность_оттенка:низкая,вариабельность_насыщенности:высокая,вариабельность_яркости:средняя,насыщенность:средняя,яркость:средняя,энергия_текстуры:низкая,энтропия_текстуры:высокая,энтропия_lbp:средняя,среднее_lbp:низкое,разброс_lbp:средний,медиана_lbp:типичная,темные_пиксели:нет,белые_пиксели:нет,красные_пиксели:преобладают,синие_пиксели:нет,яркие_выбросы:нет,темные_выбросы:умеренно
/kaggle/input/datasets/mihailodin1/all-image-skin/1101.jpg,success,10.349508677829068,149.3323303957102,137.691907612485,2.8880109597375085,56.221222473005156,40.201594137374265,0.22200231320809402,0.3086584824494999,0.4693392009337864,0.658390995222813,2.47642038807573,2.1958280726637334,61.57170000729522,25.717921832388523,"[[11, 86, 176], [8, 211, 88], [11, 165, 142]]",0.02413541123583272,4.3970125440486436e-05,0.91567786229813,0.0,-2.389416920043942,77.13720953840411,-55.09169787765828,-2.488729463118716,4.180532080899951,19.483620248221385,-6.756053458850005,-44.49608749665046,0.0,0.043337793160342294,477597,2721.856111764908,3.9385319044139817,0.8101046561085846,0.8596491228070176,0.722561731116658,0.9752669442464811,0.7599904523212794,3587.5590930962485,1.0468681706896734,0.9568181866754226,0.19855355513260078,0.9035882917843258,0.2658547105149614,5.385199783073297,0.2351450343114554,2.039913034217031,4.867580937144782,2.064084498129627,5.0,167.5272595871964,1.0,0.361280865558329,1.2250929469007479,0.41882944162414665,умеренная,умеренно неровные,выраженный,монотонная,неоднородная,лобуляции слабые,с примесью красного или синего,умеренно вытянутая,тёмный ободок по краю,цвет умеренно неоднородный,грубая,овальная,красноватый,средне упорядоченная,размер:средний,периметр:средний,выпуклость:высокая,плотность:высокая,заполнение_bbox:среднее,вариация_радиуса:высокая,граница:сильно_изрезанная,форма:умеренно_вытянутая,отношение_периметр_площадь:среднее,красный:норма,зеленый:норма,синий:норма,контраст:выраженный,центр:оттенок_как_периферия,насыщенность_центра:выше,яркость_центра:значительно_темнее,ободок:слегка_темнее,яркость_асимметрия:слабая,яркость_асимметрия:сильная_низ_верх,насыщенность_асимметрия:слабая,насыщенность_асимметрия:слабая,разнообразие_оттенка:среднее,разнообразие_насыщенности:высокое,разнообразие_яркости:высокое,вариабельность_оттенка:низкая,вариабельность_насыщенности:высокая,вариабельность_яркости:высокая,насыщенность:средняя,яркость:средняя,энергия_текстуры:низкая,энтропия_текстуры:высокая,энтропия_lbp:средняя,среднее_lbp:низкое,разброс_lbp:средний,медиана_lbp:типичная,темные_пиксели:единичные,белые_пиксели:нет,красные_пиксели:много,синие_пиксели:нет,яркие_выбросы:нет,темные_выбросы:много
/kaggle/input/datasets/mihailodin1/all-image-skin/1102.jpg,success,9.649891401926475,143.2494217719362,169.72862292584557,3.1537181020092686,33.487075143737485,18.230850482779307,0.21662759410218907,0.30381639045660763,0.47955601261577047,0.6524472779923821,2.059064362961438,1.5649722839984292,41.805570029356254,15.623038785058219,"[[10, 118, 182], [3, 87, 198], [11, 166, 158]]",0.0,8.334818937634717e-05,0.9922046290658288,0.0,1.1082271496853764,25.847717897819933,-12.753156298897238,4.743941891669323,-8.479051064232493,15.265545828665381,-25.574200984118164,-14.707958101344644,0.024731259969948346,0.01529207752307703,431923,2778.421688914299,4.227610764360601,0.7031044942472596,1.4576023391812865,0.8121027457785414,0.9428945036041582,0.633366473690076,6154.196942668617,1.0727577323392872,0.9646172528082473,0.17412604064395928,0.9142000682201615,0.3876618548974195,4.749723977413172,0.2136663837091072,2.0991864298081535,4.967234447439856,2.1860280384028203,5.0,93.77184111508791,1.0,0.6348525424799139,0.7854150124969057,0.43274348762525894,умеренная,фестончатые,выраженный,монотонная,неоднородная,лобуляции слабые,с примесью красного или синего,вытянутая,без выраженного ободка,цвет однородный,грубая,овальная,красноватый,средне упорядоченная,размер:средний,периметр:средний,выпуклость:средняя,плотность:средняя,заполнение_bbox:низкое,вариация_радиуса:высокая,граница:сильно_изрезанная,форма:сильно_вытянутая,отношение_периметр_площадь:высокое,красный:норма,зеленый:норма,синий:норма,контраст:умеренный,центр:оттенок_как_периферия,насыщенность_центра:умеренно_выше,яркость_центра:равная,ободок:слегка_темнее,яркость_асимметрия:слабая,яркость_асимметрия:сильная_низ_верх,насыщенность_асимметрия:слабая,насыщенность_асимметрия:сильная_верх_низ,разнообразие_оттенка:среднее,разнообразие_насыщенности:среднее,разнообразие_яркости:низкое,вариабельность_оттенка:низкая,вариабельность_насыщенности:средняя,вариабельность_яркости:низкая,насыщенность:средняя,яркость:средняя,энергия_текстуры:низкая,энтропия_текстуры:высокая,энтропия_lbp:средняя,среднее_lbp:среднее,разброс_lbp:средний,медиана_lbp:типичная,темные_пиксели:нет,белые_пиксели:нет,красные_пиксели:преобладают,синие_пиксели:нет,яркие_выбросы:много,темные_выбросы:умеренно
/kaggle/input/datasets/mihailodin1/all-image-skin/1103.jpg,success,10.444865214036962,131.67913599613854,172.49129870943204,2.332023398474021,27.42188368900434,12.829945370945692,0.22706464412358224,0.3096721881924471,0.4632631649982492,0.6447518665286366,1.9326307209074332,1.2569806963734171,33.45618015171833,12.22464334240589,"[[8, 96, 187], [10, 153, 164], [12, 115, 179]]",0.0,0.0,0.9726840728119229,1.5274801313021921e-06,-0.5079644029798374,33.05464025364998,-13.578828195858023,1.4703275528741813,-4.914077712751578,1.0713491820121703,0.8935423308721795,-15.0428085399748,0.012212203649761026,0.025693743288634174,654673,3193.1912409067154,3.946505516807943,0.8068344541154413,1.1753393665158371,0.6020317073448205,0.9590128513314964,0.7127818255457954,1805.682670405532,1.0653408582552661,0.9828870046145161,0.1601903905018259,0.9207100333900001,0.42223264339194705,4.552105510045596,0.20555316731660883,2.1312733038989995,5.026906070562226,2.2658324723906187,5.0,55.49072963099795,1.0,0.3886855369303288,0.6414403705141268,0.4138856562840159,слабая,умеренно неровные,умеренный,монотонная,неоднородная,лобуляции слабые,с примесью красного или синего,умеренно вытянутая,без выраженного ободка,цвет однородный,грубая,овальная,красноватый,хаотичная,размер:средний,периметр:большой,выпуклость:средняя,плотность:средняя,заполнение_bbox:среднее,вариация_радиуса:средняя,граница:сильно_изрезанная,форма:умеренно_вытянутая,отношение_периметр_площадь:среднее,красный:норма,зеленый:норма,синий:норма,контраст:умеренный,центр:оттенок_как_периферия,насыщенность_центра:умеренно_выше,яркость_центра:равная,ободок:слегка_темнее,яркость_асимметрия:слабая,яркость_асимметрия:слабая,насыщенность_асимметрия:слабая,насыщенность_асимметрия:слабая,разнообразие_оттенка:среднее,разнообразие_насыщенности:низкое,разнообразие_яркости:низкое,вариабельность_оттенка:низкая,вариабельность_насыщенности:низкая,вариабельность_яркости:низкая,насыщенность:средняя,яркость:высокая,энергия_текстуры:низкая,энтропия_текстуры:высокая,энтропия_lbp:высокая,среднее_lbp:среднее,разброс_lbp:высокий,медиана_lbp:типичная,темные_пиксели:нет,белые_пиксели:нет,красные_пиксели:преобладают,синие_пиксели:нет,яркие_выбросы:много,темные_выбросы:умеренно
/kaggle/input/datasets/mihailodin1/all-image-skin/1104.jpg,success,9.827607059687999,125.21170160923377,181.57436210856204,2.4578712510046907,32.933970576518796,17.635443986208344,0.2364310163766883,0.3089242695822109,0.45464471153719593,0.5684826991978726,2.1357678285717903,1.5030389099172043,34.69985616103377,12.14574929746205,"[[8, 87, 197], [11, 124, 185], [10, 167, 160]]",0.0,1.3461885363968995e-05,0.9849819206879562,2.6923770727937987e-06,0.7299276538517177,46.13634024291791,-20.618669933290192,1.3125897492241734,-0.49618847757911055,-9.127433027780654,9.909568660394697,-20.7003629206271,0.0064078574332492415,0.049776667321811754,371419,2352.591173887253,3.8602408762009075,0.8432979676407055,1.1327433628318584,0.4947944317639676,0.9800051187740272,0.713301607055064,586.8097183644666,1.0529722592663233,1.0032657342863267,0.213905856524886,0.8955704789212197,0.3571255698909115,4.920608588827552,0.22481391057410655,2.0767585008321023,4.8527028015705485,2.143017016416101,5.0,88.33071774503846,1.0,0.313768897297913,0.7297438621268959,0.4111263879351711,умеренная,умеренно неровные,умеренный,монотонная,неоднородная,лобуляции слабые,с примесью красного или синего,умеренно вытянутая,тёмный ободок по краю,цвет однородный,грубая,овальная,красноватый,средне упорядоченная,размер:маленький,периметр:средний,выпуклость:средняя,плотность:высокая,заполнение_bbox:среднее,вариация_радиуса:средняя,граница:сильно_изрезанная,форма:округлая,отношение_периметр_площадь:среднее,красный:норма,зеленый:норма,синий:норма,контраст:умеренный,центр:оттенок_как_периферия,насыщенность_центра:умеренно_выше,яркость_центра:темнее,ободок:слегка_темнее,яркость_асимметрия:слабая,яркость_асимметрия:слабая,насыщенность_асимметрия:слабая,насыщенность_асимметрия:слабая,разнообразие_оттенка:среднее,разнообразие_насыщенности:среднее,разнообразие_яркости:низкое,вариабельность_оттенка:низкая,вариабельность_насыщенности:средняя,вариабельность_яркости:низкая,насыщенность:средняя,яркость:высокая,энергия_текстуры:низкая,энтропия_текстуры:высокая,энтропия_lbp:средняя,среднее_lbp:низкое,разброс_lbp:средний,медиана_lbp:типичная,темные_пиксели:нет,белые_пиксели:нет,красные_пиксели:преобладают,синие_пиксели:нет,яркие_выбросы:единичные,темные_выбросы:много
/kaggle/input/datasets/mihailodin1/all-image-skin/1105.jpg,success,8.967955873694029,135.3987573739063,186.48287914175688,2.6258987278538464,30.929273933043234,15.823910115870822,0.22582337582582207,0.30082031178547547,0.4733563098503655,0.42612853729001116,1.949425909211892,1.4395666875380404,47.23527780703984,15.889638269612911,"[[10, 160, 174], [8, 83, 206], [9, 133, 193]]",0.0,2.3766466380172717e-05,0.9887469382669637,0.0,0.6644205044521669,37.15342725399391,-16.88426887967853,8.027751607751497,-7.064799792465607,10.832924263501667,-0.315645429770683,-16.431441703836924,0.0186977272776377,0.00911263936691895,1388511,4652.003634572029,3.947893087244571,0.8062673957538705,1.1702453987730062,0.7654349631081043,0.9826854808574244,0.6977778827521328,10979.541904143507,1.0571901272954267,0.9749237045932084,0.12322135008128836,0.9387591719651258,0.41398580941605534,4.600003380977604,0.1879567846982908,2.170298864561433,5.237126910979023,2.4061538519454353,5.0,80.94323773161406,1.0,0.46784018094055524,0.6615939324067714,0.41643494335471487,умеренная,умеренно неровные,выраженный,монотонная,неоднородная,лобуляции слабые,с примесью красного или синего,умеренно вытянутая,без выраженного ободка,цвет однородный,средняя,овальная,красноватый,хаотичная,размер:крупный,периметр:большой,выпуклость:средняя,плотность:высокая,заполнение_bbox:низкое,вариация_радиуса:высокая,граница:сильно_изрезанная,форма:умеренно_вытянутая,отношение_периметр_площадь:среднее,красный:норма,зеленый:норма,синий:норма,контраст:умеренный,центр:оттенок_как_периферия,насыщенность_центра:умеренно_выше,яркость_центра:равная,ободок:слегка_темнее,яркость_асимметрия:слабая,яркость_асимметрия:слабая,насыщенность_асимметрия:слабая,насыщенность_асимметрия:слабая,разнообразие_оттенка:среднее,разнообразие_насыщенности:низкое,разнообразие_яркости:низкое,вариабельность_оттенка:низкая,вариабельность_насыщенности:средняя,вариабельность_яркости:низкая,насыщенность:средняя,яркость:высокая,энергия_текстуры:низкая,энтропия_текстуры:высокая,энтропия_lbp:высокая,среднее_lbp:высокое,разброс_lbp:высокий,медиана_lbp:типичная,темные_пиксели:нет,белые_пиксели:нет,красные_пиксели:преобладают,синие_пиксели:нет,яркие_выбросы:много,темные_выбросы:нет
/kaggle/input/datasets/mihailodin1/all-image-skin/1106.jpg,success,6.863734898406696,134.28032304069518,165.12208284965672,3.1096932447301735,44.90298290209255,29.18957165819836,0.23679823596598146,0.29249413909872346,0.4707076220846306,0.26798956102447496,2.33635387553739,1.9378813733281641,59.39370546202636,22.005021710607082,"[[3, 65, 201], [7, 173, 139], [8, 112, 185]]",0.0,0.0005386222679181453,0.9652396272097111,0.0,0.44997958714003516,60.987058605561614,-41.379377306978256,-4.743682955484502,2.9243515711132773,-1.5025500554876317,4.020450100490649,-39.65758888998329,2.2553149149281947e-05,0.00816622997578853,1507550,5020.613806247711,4.089036182596142,0.7515674400384007,1.4850993377483444,0.8198766271689819,0.9740664617587407,0.6956364851196409,20162.257855106753,1.0677777534522352,0.9574864229029386,0.11961992043508564,0.9403520931765832,0.31375748161133793,5.054282725673423,0.19849892052493845,2.1548044147856706,5.237216225878242,2.3620355774214845,5.0,116.00745018225597,1.0,0.6524879824586631,0.9115793773500336,0.4238443876590401,умеренная,умеренно неровные,выраженный,монотонная,неоднородная,лобуляции слабые,с примесью красного или синего,вытянутая,тёмный ободок по краю,цвет умеренно неоднородный,средняя,овальная,красноватый,хаотичная,размер:крупный,периметр:большой,выпуклость:средняя,плотность:высокая,заполнение_bbox:низкое,вариация_радиуса:высокая,граница:сильно_изрезанная,форма:сильно_вытянутая,отношение_периметр_площадь:среднее,красный:норма,зеленый:норма,синий:норма,контраст:выраженный,центр:оттенок_как_периферия,насыщенность_центра:выше,яркость_центра:темнее,ободок:слегка_темнее,яркость_асимметрия:слабая,яркость_асимметрия:слабая,насыщенность_асимметрия:слабая,насыщенность_асимметрия:слабая,разнообразие_оттенка:низкое,разнообразие_насыщенности:высокое,разнообразие_яркости:среднее,вариабельность_оттенка:низкая,вариабельность_насыщенности:средняя,вариабельность_яркости:средняя,насыщенность:средняя,яркость:средняя,энергия_текстуры:низкая,энтропия_текстуры:высокая,энтропия_lbp:высокая,среднее_lbp:высокое,разброс_lbp:высокий,медиана_lbp:типичная,темные_пиксели:нет,белые_пиксели:единичные,красные_пиксели:много,синие_пиксели:нет,яркие_выбросы:нет,темные_выбросы:нет
/kaggle/input/datasets/mihailodin1/all-image-skin/1107.jpg,success,8.946440606681996,125.940748944204,136.5173354145908,4.267847425256469,57.136722271480345,31.110898788245496,0.24655296423085832,0.3099370367054604,0.44350999581492606,0.690096124616915,2.5035649106341475,1.9867573132499572,59.8698581267398,24.319723531989357,"[[10, 86, 160], [0, 44, 173], [10, 177, 110]]",9.254603393971552e-06,0.0,0.8540456498736747,0.0,1.2301268093799393,83.67930203052904,-46.4173066242805,-1.3250345502111145,-4.901208349353979,-5.53306466119821,14.219195928585592,-41.0271616124933,0.0,0.02035087286334344,324163,2261.0865597724915,3.9713253410607354,0.7967809276970296,0.9151343705799151,0.6109059956326583,0.959485098460564,0.7086629837636005,960.5819633436341,1.0736474509821754,0.9469259408322542,0.19144417760087937,0.9061468102712308,0.2900446685402289,5.225457604566079,0.2359539735428685,2.0311377047369326,4.88570158643326,2.04910523331031,5.0,157.30523895353838,1.0,0.3054529978163292,1.1972618225933696,0.4132551652849026,умеренная,умеренно неровные,выраженный,монотонная,неоднородная,лобуляции слабые,с примесью красного или синего,умеренно вытянутая,тёмный ободок по краю,цвет умеренно неоднородный,грубая,овальная,красноватый,средне упорядоченная,размер:маленький,периметр:средний,выпуклость:средняя,плотность:средняя,заполнение_bbox:среднее,вариация_радиуса:средняя,граница:сильно_изрезанная,форма:умеренно_вытянутая,отношение_периметр_площадь:среднее,красный:понижен,зеленый:норма,синий:норма,контраст:выраженный,центр:оттенок_как_периферия,насыщенность_центра:выше,яркость_центра:темнее,ободок:слегка_темнее,яркость_асимметрия:слабая,яркость_асимметрия:слабая,насыщенность_асимметрия:слабая,насыщенность_асимметрия:слабая,разнообразие_оттенка:среднее,разнообразие_насыщенности:высокое,разнообразие_яркости:среднее,вариабельность_оттенка:низкая,вариабельность_насыщенности:высокая,вариабельность_яркости:средняя,насыщенность:средняя,яркость:средняя,энергия_текстуры:низкая,энтропия_текстуры:высокая,энтропия_lbp:средняя,среднее_lbp:низкое,разброс_lbp:низкий,медиана_lbp:типичная,темные_пиксели:нет,белые_пиксели:нет,красные_пиксели:много,синие_пиксели:нет,яркие_выбросы:нет,темные_выбросы:умеренно
/kaggle/input/datasets/mihailodin1/all-image-skin/1108.jpg,success,4.16773302751893,120.3536008262982,139.97820076376374,7.7559279317752745,55.95026859755499,40.66000997289877,0.2632806499295597,0.29803953409716416,0.438679812838816,0.7548448963666328,2.460207452151722,2.2212311114395478,67.9558575208188,27.003328699231705,"[[8, 171, 104], [6, 84, 168], [167, 43, 187]]",0.014182677950977189,0.0012717684959756607,0.8424517729225732,0.0,5.378138939678124,79.5355185821012,-56.49405702444638,4.1114392679526475,-5.59429032365631,5.735342564677211,-7.650833414638683,-43.115414118251806,0.0,0.02919095147254631,284643,2079.6652059555054,3.898012000958517,0.8270342974523626,0.9210110584518167,0.6228797797618552,0.9830937562599728,0.7713087234682513,982.0854643941717,1.0540985958600981,0.9921252149087098,0.2762788744184909,0.8742821399612578,0.250193355029991,5.533712165735254,0.2950569723469211,1.9402717217568213,4.729472444203891,1.9021311472242486,4.0,164.49962011715056,2.0,0.3114398898809276,1.4133449408553715,0.41362132131385937,умеренная,умеренно неровные,выраженный,умеренно разнообразная,неоднородная,лобуляции слабые,с примесью красного или синего,умеренно вытянутая,тёмный ободок по краю,цвет неоднородный,грубая,овальная,красноватый,упорядоченная,размер:маленький,периметр:средний,выпуклость:средняя,плотность:высокая,заполнение_bbox:среднее,вариация_радиуса:средняя,граница:сильно_изрезанная,форма:умеренно_вытянутая,отношение_периметр_площадь:среднее,красный:понижен,зеленый:норма,синий:повышен,контраст:выраженный,центр:синее_периферии,насыщенность_центра:выше,яркость_центра:значительно_темнее,ободок:слегка_темнее,яркость_асимметрия:слабая,яркость_асимметрия:слабая,насыщенность_асимметрия:слабая,насыщенность_асимметрия:слабая,разнообразие_оттенка:высокое,разнообразие_насыщенности:высокое,разнообразие_яркости:высокое,вариабельность_оттенка:средняя,вариабельность_насыщенности:высокая,вариабельность_яркости:высокая,насыщенность:средняя,яркость:средняя,энергия_текстуры:низкая,энтропия_текстуры:высокая,энтропия_lbp:низкая,среднее_lbp:низкое,разброс_lbp:низкий,медиана_lbp:ниже_нормы,темные_пиксели:единичные,белые_пиксели:единичные,красные_пиксели:умеренно,синие_пиксели:нет,яркие_выбросы:нет,темные_выбросы:умеренно
/kaggle/input/datasets/mihailodin1/all-image-skin/1109.jpg,success,5.8164265054131405,109.56003941037977,156.8564515303511,7.501822517939073,56.373846531611086,33.32730649965239,0.2657787952954223,0.3065753585911296,0.4276458433867243,0.8612488361491225,2.538576162999373,2.029309227328676,55.12385407006757,20.205352555077223,"[[9, 168, 124], [8, 79, 175], [171, 39, 193]]",0.0,0.011370150475995495,0.794684716961818,0.0,4.042546298400595,89.18298711670398,-49.92308664167717,14.31858021103659,-19.392651673527325,0.3113434568593618,-1.3769657776999935,-34.841649453102775,9.212816050772852e-05,0.04344866414167264,390760,2420.348533272743,3.8718886486748993,0.8382318259175333,0.8887468030690537,0.4353722518589386,0.9780026980420424,0.7189828699700086,588.099472140596,1.0556413270581313,0.9170345859959047,0.22441804163025833,0.8999035131381369,0.2755815072010534,5.365197985354669,0.233196388785143,2.055156424119138,4.8628768658158075,2.0968354186682734,5.0,178.54816117590502,2.0,0.2176861259294693,1.3623844899478843,0.4111992505331781,умеренная,умеренно неровные,выраженный,умеренно разнообразная,неоднородная,лобуляции слабые,с примесью красного или синего,умеренно вытянутая,тёмный ободок по краю,цвет неоднородный,грубая,овальная,красноватый,средне упорядоченная,размер:маленький,периметр:средний,выпуклость:средняя,плотность:высокая,заполнение_bbox:среднее,вариация_радиуса:средняя,граница:сильно_изрезанная,форма:округлая,отношение_периметр_площадь:среднее,красный:понижен,зеленый:норма,синий:повышен,контраст:выраженный,центр:оттенок_как_периферия,насыщенность_центра:выше,яркость_центра:темнее,ободок:слегка_темнее,яркость_асимметрия:слабая,яркость_асимметрия:слабая,насыщенность_асимметрия:слабая,насыщенность_асимметрия:слабая,разнообразие_оттенка:высокое,разнообразие_насыщенности:высокое,разнообразие_яркости:среднее,вариабельность_оттенка:средняя,вариабельность_насыщенности:высокая,вариабельность_яркости:средняя,насыщенность:средняя,яркость:средняя,энергия_текстуры:низкая,энтропия_текстуры:высокая,энтропия_lbp:средняя,среднее_lbp:низкое,разброс_lbp:средний,медиана_lbp:типичная,темные_пиксели:нет,белые_пиксели:присутствуют,красные_пиксели:умеренно,синие_пиксели:нет,яркие_выбросы:нет,темные_выбросы:много
/kaggle/input/datasets/mihailodin1/all-image-skin/111.jpg,success,9.136328555976721,163.86144514239,119.13436870367501,2.9395945984230165,45.57881492561839,43.63577386819926,0.20610815532132723,0.29779841547320696,0.49609342504129367,0.5259623854484075,2.1481547039894338,2.2975619906135556,84.47390390051692,37.72410245327123,"[[7, 199, 76], [11, 99, 176], [10, 176, 124]]",0.031843639933021535,0.0,0.9688993833969993,7.59737556258566e-06,-3.5994606551417974,50.34727084600428,-65.24597975519298,-8.413948260748342,0.2538327994483325,-4.8847566049555695,4.540892730292114,-69.8285411569371,1.3675276012654188e-05,0.0013067485967647335,658122,3185.232871055603,3.9263407235962418,0.8151431719180753,0.8745059288537549,0.5092052150035522,0.9708303338565207,0.7348228043143298,773.4923368306642,1.0757661170716264,0.9468000735877387,0.14936078934790528,0.9258749891567027,0.30569539429841985,5.19020287123368,0.23232415804048615,2.0692338003734787,5.063225053574729,2.1258795647423887,5.0,137.2861416517834,1.0,0.2546026075017761,1.1216229709143788,0.40924571914823027,умеренная,умеренно неровные,выраженный,монотонная,неоднородная,лобуляции слабые,с примесью красного или синего,умеренно вытянутая,тёмный ободок по краю,цвет умеренно неоднородный,грубая,овальная,красноватый,средне упорядоченная,размер:средний,периметр:большой,выпуклость:средняя,плотность:высокая,заполнение_bbox:среднее,вариация_радиуса:средняя,граница:сильно_изрезанная,форма:умеренно_вытянутая,отношение_периметр_площадь:среднее,красный:норма,зеленый:норма,синий:норма,контраст:сильный,центр:оттенок_как_периферия,насыщенность_центра:умеренно_выше,яркость_центра:значительно_темнее,ободок:темнее_центра,яркость_асимметрия:слабая,яркость_асимметрия:слабая,насыщенность_асимметрия:слабая,насыщенность_асимметрия:слабая,разнообразие_оттенка:среднее,разнообразие_насыщенности:среднее,разнообразие_яркости:высокое,вариабельность_оттенка:низкая,вариабельность_насыщенности:высокая,вариабельность_яркости:высокая,насыщенность:высокая,яркость:средняя,энергия_текстуры:низкая,энтропия_текстуры:высокая,энтропия_lbp:средняя,среднее_lbp:среднее,разброс_lbp:средний,медиана_lbp:типичная,темные_пиксели:единичные,белые_пиксели:нет,красные_пиксели:много,синие_пиксели:нет,яркие_выбросы:нет,темные_выбросы:нет
/kaggle/input/datasets/mihailodin1/all-image-skin/1110.jpg,success,9.248898758026456,110.30071838037878,158.61866337711342,4.825772923672423,53.84781677308384,27.813583002679813,0.25782232608587635,0.3148578607677088,0.4273198104523959,0.81174261867683,2.450792896979663,1.8944218674769955,53.81020980711789,19.338284941480843,"[[11, 75, 178], [11, 159, 135], [0, 38, 189]]",0.0,0.006196937812930847,0.766606196937813,0.0,1.7165139043605109,69.80566927440421,-33.17097042945818,-10.029764798302324,19.94012090606728,-2.3334036681056034,8.734742805109292,-34.30097946911587,1.4512734924896597e-05,0.0206733909005152,137810,1422.538227558136,3.831983051481898,0.8557811277238929,0.8555798687089715,0.552243513275288,0.98695141514839,0.7712368555071158,351.98337205112756,1.0467801034106883,0.952892317329491,0.3207329603610954,0.8728991737992412,0.27736605179748414,5.360694557305207,0.27977254741038193,1.990984376363604,4.750102588152534,1.9849854612670474,4.0,145.73118578580738,1.0,0.276121756637644,1.1804087498825915,0.2924513954788379,умеренная,умеренно неровные,выраженный,монотонная,неоднородная,лобуляции слабые,с примесью красного или синего,умеренно вытянутая,тёмный ободок по краю,цвет умеренно неоднородный,грубая,округлая,красноватый,упорядоченная,размер:маленький,периметр:средний,выпуклость:высокая,плотность:высокая,заполнение_bbox:среднее,вариация_радиуса:низкая,граница:сильно_изрезанная,форма:умеренно_вытянутая,отношение_периметр_площадь:среднее,красный:понижен,зеленый:повышен,синий:повышен,контраст:выраженный,центр:оттенок_как_периферия,насыщенность_центра:выше,яркость_центра:темнее,ободок:слегка_темнее,яркость_асимметрия:слабая,яркость_асимметрия:слабая,насыщенность_асимметрия:слабая,насыщенность_асимметрия:слабая,разнообразие_оттенка:высокое,разнообразие_насыщенности:высокое,разнообразие_яркости:среднее,вариабельность_оттенка:низкая,вариабельность_насыщенности:высокая,вариабельность_яркости:средняя,насыщенность:средняя,яркость:средняя,энергия_текстуры:низкая,энтропия_текстуры:высокая,энтропия_lbp:низкая,среднее_lbp:низкое,разброс_lbp:низкий,медиана_lbp:ниже_нормы,темные_пиксели:нет,белые_пиксели:присутствуют,красные_пиксели:умеренно,синие_пиксели:нет,яркие_выбросы:нет,темные_выбросы:умеренно
/kaggle/input/datasets/mihailodin1/all-image-skin/1111.jpg,success,6.3046235721376185,150.08515905577704,140.05775913785072,4.022481958889095,50.708507837830204,33.759051791182316,0.2244874478249545,0.2856738469312809,0.4898387017463593,0.36819172507485143,2.374888571040084,2.122308948162549,74.08464730849964,30.21389662583134,"[[7, 188, 115], [8, 121, 165], [179, 60, 186]]",0.0,0.0003906993876658796,0.9550552656353514,0.0,1.9083611168400552,57.98693548686548,-32.58834621976891,21.123997047333063,-12.887094029014662,15.57163484168126,-8.799368304845018,-38.139343627073885,0.0012999471617075261,0.012289596757105677,1118507,4307.028896212578,4.072475050018771,0.7576925192422405,1.3869441816461685,0.7710426689623676,0.9646867353600972,0.7218213921095122,10511.468726877232,1.068363517030826,0.9960377808671417,0.1593997930591163,0.922033799032039,0.29846484373534077,5.197494588185613,0.2257659348108113,2.0711190209088937,5.0081430373439515,2.13598159220127,5.0,150.86573704634844,2.0,0.5789934253042681,1.070806259521808,0.42242657364216,умеренная,умеренно неровные,выраженный,умеренно разнообразная,неоднородная,лобуляции слабые,с примесью красного или синего,вытянутая,тёмный ободок по краю,цвет умеренно неоднородный,грубая,овальная,красноватый,средне упорядоченная,размер:крупный,периметр:большой,выпуклость:средняя,плотность:средняя,заполнение_bbox:среднее,вариация_радиуса:высокая,граница:сильно_изрезанная,форма:умеренно_вытянутая,отношение_периметр_площадь:среднее,красный:норма,зеленый:норма,синий:норма,контраст:выраженный,центр:оттенок_как_периферия,насыщенность_центра:умеренно_выше,яркость_центра:темнее,ободок:слегка_темнее,яркость_асимметрия:сильная_право_лево,яркость_асимметрия:сильная_низ_верх,насыщенность_асимметрия:слабая,насыщенность_асимметрия:слабая,разнообразие_оттенка:низкое,разнообразие_насыщенности:высокое,разнообразие_яркости:высокое,вариабельность_оттенка:низкая,вариабельность_насыщенности:высокая,вариабельность_яркости:средняя,насыщенность:средняя,яркость:средняя,энергия_текстуры:низкая,энтропия_текстуры:высокая,энтропия_lbp:средняя,среднее_lbp:среднее,разброс_lbp:средний,медиана_lbp:типичная,темные_пиксели:нет,белые_пиксели:единичные,красные_пиксели:много,синие_пиксели:нет,яркие_выбросы:единичные,темные_выбросы:умеренно
/kaggle/input/datasets/mihailodin1/all-image-skin/1112.jpg,success,6.998126842630238,140.7403691047369,131.79206792999898,3.331718058356406,45.22794238029422,37.237403047181495,0.23406265527370004,0.29268516460734684,0.4732521765280465,0.3261685679427289,2.2580477359511177,2.167383687195778,74.25657383526064,31.431464816487996,"[[9, 132, 150], [4, 68, 182], [7, 177, 100]]",0.0012426219322771047,3.33667000333667e-05,0.9610944277610944,5.752879316097707e-06,0.17263054972964653,40.5188328269425,-37.41346917689894,15.548235157369916,-4.126452754124557,-5.12322910824318,3.390805853861025,-54.211139969969494,0.00017488753120937028,0.005452579015797407,869130,3852.276589155197,4.132140605974456,0.7359692717309329,1.6030092592592593,0.8101597108295812,0.9513379678125893,0.7263086642599278,12270.70660577388,1.0634584868180186,0.9197325046165012,0.21180804106590126,0.8986963150568504,0.2893593850811104,5.27057352502751,0.2630491416202316,1.9718206358586265,4.80551948539997,1.9572502436647394,5.0,106.29365542716977,1.0,0.7065844850444203,1.0172528648723196,0.42837299940267864,умеренная,умеренно неровные,выраженный,монотонная,неоднородная,лобуляции слабые,с примесью красного или синего,вытянутая,тёмный ободок по краю,цвет умеренно неоднородный,грубая,овальная,красноватый,упорядоченная,размер:крупный,периметр:большой,выпуклость:средняя,плотность:средняя,заполнение_bbox:среднее,вариация_радиуса:высокая,граница:сильно_изрезанная,форма:сильно_вытянутая,отношение_периметр_площадь:среднее,красный:норма,зеленый:норма,синий:норма,контраст:выраженный,центр:оттенок_как_периферия,насыщенность_центра:умеренно_выше,яркость_центра:темнее,ободок:темнее_центра,яркость_асимметрия:сильная_право_лево,яркость_асимметрия:слабая,насыщенность_асимметрия:слабая,насыщенность_асимметрия:слабая,разнообразие_оттенка:низкое,разнообразие_насыщенности:среднее,разнообразие_яркости:высокое,вариабельность_оттенка:низкая,вариабельность_насыщенности:высокая,вариабельность_яркости:высокая,насыщенность:средняя,яркость:средняя,энергия_текстуры:низкая,энтропия_текстуры:высокая,энтропия_lbp:низкая,среднее_lbp:низкое,разброс_lbp:низкий,медиана_lbp:типичная,темные_пиксели:единичные,белые_пиксели:нет,красные_пиксели:много,синие_пиксели:нет,яркие_выбросы:нет,темные_выбросы:нет
/kaggle/input/datasets/mihailodin1/all-image-skin/1113.jpg,success,8.698681485090026,125.67775286604468,144.6109667091266,3.912172093483297,55.045526106605955,32.26741241459651,0.24677633133108323,0.307719146434912,0.4455045191532937,0.6188963743480016,2.4366354548467557,1.984487685633398,63.308465430818956,24.598557307203976,"[[9, 173, 117], [2, 47, 183], [11, 88, 169]]",0.0,9.682583399318346e-05,0.8542297827658623,0.0,0.16819861595908492,83.89138082314194,-52.95405501071022,-9.111688971347945,12.619639141437588,-2.9912682717470602,6.526943611147573,-46.39051079806822,0.0,0.007208145419492547,464752,2632.8094292879105,3.8619690678300507,0.8425434020905765,1.0743691899070384,0.42293343230777347,0.9799023369963988,0.7629178383294182,616.7063739605484,1.0592371471068973,0.936652701790484,0.16536134487111273,0.917946002588656,0.3004600642561928,5.159634837376804,0.21948047451494654,2.0814296100356073,4.975484404281195,2.1488156801582394,5.0,168.26317444549142,1.0,0.24865131110740596,1.1582592152484683,0.40937653595518464,умеренная,умеренно неровные,выраженный,монотонная,неоднородная,лобуляции слабые,с примесью красного или синего,умеренно вытянутая,тёмный ободок по краю,цвет умеренно неоднородный,грубая,овальная,красноватый,средне упорядоченная,размер:средний,периметр:средний,выпуклость:средняя,плотность:высокая,заполнение_bbox:среднее,вариация_радиуса:средняя,граница:сильно_изрезанная,форма:округлая,отношение_периметр_площадь:среднее,красный:понижен,зеленый:норма,синий:норма,контраст:выраженный,центр:оттенок_как_периферия,насыщенность_центра:выше,яркость_центра:значительно_темнее,ободок:слегка_темнее,яркость_асимметрия:слабая,яркость_асимметрия:слабая,насыщенность_асимметрия:слабая,насыщенность_асимметрия:слабая,разнообразие_оттенка:среднее,разнообразие_насыщенности:высокое,разнообразие_яркости:среднее,вариабельность_оттенка:низкая,вариабельность_насыщенности:высокая,вариабельность_яркости:средняя,насыщенность:средняя,яркость:средняя,энергия_текстуры:низкая,энтропия_текстуры:высокая,энтропия_lbp:средняя,среднее_lbp:среднее,разброс_lbp:средний,медиана_lbp:типичная,темные_пиксели:нет,белые_пиксели:нет,красные_пиксели:много,синие_пиксели:нет,яркие_выбросы:нет,темные_выбросы:нет
/kaggle/input/datasets/mihailodin1/all-image-skin/1114.jpg,success,2.6176733125681038,134.26392944561343,110.82832696354188,4.705233765901266,37.30470782724441,52.89262105079786,0.25089913038825123,0.274680811635855,0.47442005369506385,0.5619488529286979,2.189881545179613,2.4347558883981986,67.81859983497405,34.14204256140328,"[[0, 92, 165], [6, 151, 120], [2, 157, 44]]",0.17850088031949157,0.0,0.990579507879933,0.0004508953493365397,1.4725958136054373,48.35853469556898,-63.16025057859238,-16.805559325962406,-11.595090970563149,-0.21443144564612737,-0.4144839303089327,-66.15189896897142,0.0,5.367801777815949e-06,186296,1683.0134041309357,3.899292458501272,0.8264912202453139,0.908411214953271,0.37918502675791876,0.962605860499243,0.7164955194030999,282.82971995635614,1.0570959291327722,0.9976346033267606,0.3022565434027196,0.8763963794920192,0.26001723750096234,5.469611500516051,0.29843722924969673,1.9202817602020508,4.812602885115231,1.8754797053499899,5.0,142.0209467602474,1.0,0.18959251337895938,1.1993016275426394,0.23908193161284869,умеренная,умеренно неровные,выраженный,монотонная,неоднородная,лобуляции слабые,с примесью красного или синего,округлая,тёмный ободок по краю,цвет умеренно неоднородный,грубая,овальная,красноватый,упорядоченная,размер:маленький,периметр:средний,выпуклость:средняя,плотность:средняя,заполнение_bbox:среднее,вариация_радиуса:низкая,граница:сильно_изрезанная,форма:округлая,отношение_периметр_площадь:среднее,красный:норма,зеленый:понижен,синий:повышен,контраст:выраженный,центр:оттенок_как_периферия,насыщенность_центра:умеренно_выше,яркость_центра:значительно_темнее,ободок:темнее_центра,яркость_асимметрия:сильная_лево_право,яркость_асимметрия:слабая,насыщенность_асимметрия:слабая,насыщенность_асимметрия:слабая,разнообразие_оттенка:среднее,разнообразие_насыщенности:среднее,разнообразие_яркости:высокое,вариабельность_оттенка:низкая,вариабельность_насыщенности:средняя,вариабельность_яркости:высокая,насыщенность:средняя,яркость:средняя,энергия_текстуры:низкая,энтропия_текстуры:высокая,энтропия_lbp:низкая,среднее_lbp:низкое,разброс_lbp:низкий,медиана_lbp:типичная,темные_пиксели:много,белые_пиксели:нет,красные_пиксели:преобладают,синие_пиксели:единичные,яркие_выбросы:нет,темные_выбросы:нет
/kaggle/input/datasets/mihailodin1/all-image-skin/1115.jpg,success,8.847421644069646,177.75845777085996,116.12469388237209,1.9517029179840575,30.756131898815934,24.724910525870925,0.17619418105656487,0.2836097516726821,0.540196062618891,0.29062134994158184,1.9058844773375747,1.7879560313404996,50.75960767819347,27.019049955411646,"[[9, 200, 98], [9, 173, 123], [9, 128, 153]]",0.0,0.0,0.9951546140096226,0.0,0.21704669151574763,25.78103432650022,-21.6099676888025,-1.0977926825607227,0.38675762144731607,12.994699868589336,-11.825935456295781,-42.46324480680185,0.02150500943616611,0.002309826474286119,380981,2579.1942052841187,4.178615257532795,0.7196893775497717,1.134453781512605,0.8550719502634011,0.9814620649858183,0.6587491786838192,7086.6361870900755,1.0536869575262633,0.9418869051806273,0.1376247177752184,0.9317919091168977,0.41492742555586104,4.635433957376706,0.23187620583027196,2.074082479610624,5.097668948383857,2.1474467297895443,5.0,73.91323433571162,1.0,0.49476286588800306,0.6925225256650659,0.4347900570570806,слабая,фестончатые,выраженный,монотонная,неоднородная,лобуляции слабые,с примесью красного или синего,умеренно вытянутая,тёмный ободок по краю,цвет однородный,грубая,овальная,красноватый,средне упорядоченная,размер:маленький,периметр:средний,выпуклость:средняя,плотность:высокая,заполнение_bbox:низкое,вариация_радиуса:высокая,граница:сильно_изрезанная,форма:сильно_вытянутая,отношение_периметр_площадь:среднее,красный:повышен,зеленый:норма,синий:понижен,контраст:выраженный,центр:оттенок_как_периферия,насыщенность_центра:умеренно_выше,яркость_центра:темнее,ободок:слегка_темнее,яркость_асимметрия:слабая,яркость_асимметрия:слабая,насыщенность_асимметрия:слабая,насыщенность_асимметрия:слабая,разнообразие_оттенка:низкое,разнообразие_насыщенности:низкое,разнообразие_яркости:среднее,вариабельность_оттенка:низкая,вариабельность_насыщенности:средняя,вариабельность_яркости:средняя,насыщенность:высокая,яркость:средняя,энергия_текстуры:низкая,энтропия_текстуры:высокая,энтропия_lbp:средняя,среднее_lbp:среднее,разброс_lbp:средний,медиана_lbp:типичная,темные_пиксели:нет,белые_пиксели:нет,красные_пиксели:преобладают,синие_пиксели:нет,яркие_выбросы:много,темные_выбросы:нет
/kaggle/input/datasets/mihailodin1/all-image-skin/1116.jpg,success,9.417396252365403,135.23741596216016,167.12428711115686,2.6400486100387006,43.62782264789941,27.840745982201327,0.23037274207731007,0.3056981558923985,0.4639290992543135,0.5185231115829545,2.302363179892236,1.8176758702738676,30.925832194541876,12.206034466415185,"[[7, 87, 193], [10, 186, 134], [11, 128, 177]]",0.0,0.0,0.99038798931427,1.1696289469128813e-05,0.157971394979171,32.926078213678466,-18.586199574548033,28.146219508545528,-47.85402374751507,29.759304575644194,-46.49132024519463,-25.334859174825937,4.678515787651526e-06,0.03098814931950988,427486,2764.9170747995377,4.228839110091977,0.702696093762269,1.4571865443425076,0.8264410581310321,0.9683876214488459,0.6858849087542639,6105.895865431531,1.0849860454351057,0.9346258911591018,0.1718376261098945,0.9155304031125889,0.3254390887274685,5.028782173957381,0.2131228207307512,2.098672237250089,4.97998074120464,2.1921246086899187,5.0,203.9211172601051,1.0,0.6418138012367698,0.9323180845313692,0.4291671196263666,выраженная,фестончатые,умеренный,монотонная,неоднородная,лобуляции слабые,с примесью красного или синего,вытянутая,тёмный ободок по краю,цвет умеренно неоднородный,грубая,овальная,красноватый,средне упорядоченная,размер:средний,периметр:средний,выпуклость:низкая,плотность:средняя,заполнение_bbox:низкое,вариация_радиуса:высокая,граница:сильно_изрезанная,форма:сильно_вытянутая,отношение_периметр_площадь:высокое,красный:норма,зеленый:норма,синий:норма,контраст:умеренный,центр:оттенок_как_периферия,насыщенность_центра:умеренно_выше,яркость_центра:равная,ободок:слегка_темнее,яркость_асимметрия:сильная_право_лево,яркость_асимметрия:сильная_низ_верх,насыщенность_асимметрия:сильная_лево_право,насыщенность_асимметрия:сильная_верх_низ,разнообразие_оттенка:среднее,разнообразие_насыщенности:высокое,разнообразие_яркости:среднее,вариабельность_оттенка:низкая,вариабельность_насыщенности:средняя,вариабельность_яркости:средняя,насыщенность:средняя,яркость:средняя,энергия_текстуры:низкая,энтропия_текстуры:высокая,энтропия_lbp:средняя,среднее_lbp:среднее,разброс_lbp:средний,медиана_lbp:типичная,темные_пиксели:нет,белые_пиксели:нет,красные_пиксели:преобладают,синие_пиксели:нет,яркие_выбросы:нет,темные_выбросы:умеренно
/kaggle/input/datasets/mihailodin1/all-image-skin/1117.jpg,success,8.908125952025024,118.63868912953575,179.23420404084635,4.0832853857015285,41.193925958044005,31.71146301117354,0.24806901585489838,0.30925582231126947,0.4426751593640084,0.7151121096639874,2.2671403210672065,1.7840593081772949,39.678924518096565,14.01043401784709,"[[11, 111, 188], [4, 80, 203], [10, 178, 135]]",0.014107594972239531,0.0,0.9580795407125468,0.0,1.1503880483164721,51.63500191337795,-36.65687708445219,12.5795809363577,-32.23472350246479,16.375397440385257,-18.376948167331534,-27.595276460869627,0.0,0.03340986876699358,534393,3079.9708975553513,4.2132403286858615,0.7079089431929524,0.9419134396355353,0.3996946217388865,0.9503310374998,0.7359710565674984,1081.8149703511228,1.1309264786321458,0.9486660201227975,0.15369901638934438,0.9256991548587911,0.3636515251872073,4.956253077334569,0.1965616909099468,2.150085397586533,5.118921056347974,2.3294691327141304,5.0,169.0089170926859,1.0,0.19984731086944324,1.04394142996489,0.4142150810617959,умеренная,фестончатые,умеренный,монотонная,неоднородная,лобуляции слабые,с примесью красного или синего,округлая,тёмный ободок по краю,цвет умеренно неоднородный,грубая,овальная,красноватый,хаотичная,размер:средний,периметр:большой,выпуклость:низкая,плотность:средняя,заполнение_bbox:среднее,вариация_радиуса:средняя,граница:сильно_изрезанная,форма:округлая,отношение_периметр_площадь:высокое,красный:понижен,зеленый:норма,синий:норма,контраст:умеренный,центр:оттенок_как_периферия,насыщенность_центра:умеренно_выше,яркость_центра:темнее,ободок:слегка_темнее,яркость_асимметрия:слабая,яркость_асимметрия:сильная_низ_верх,насыщенность_асимметрия:сильная_лево_право,насыщенность_асимметрия:слабая,разнообразие_оттенка:высокое,разнообразие_насыщенности:среднее,разнообразие_яркости:среднее,вариабельность_оттенка:низкая,вариабельность_насыщенности:средняя,вариабельность_яркости:средняя,насыщенность:средняя,яркость:высокая,энергия_текстуры:низкая,энтропия_текстуры:высокая,энтропия_lbp:высокая,среднее_lbp:высокое,разброс_lbp:высокий,медиана_lbp:типичная,темные_пиксели:единичные,белые_пиксели:нет,красные_пиксели:много,синие_пиксели:нет,яркие_выбросы:нет,темные_выбросы:умеренно
/kaggle/input/datasets/mihailodin1/all-image-skin/1118.jpg,success,10.806354839949798,156.54493072805963,161.03129401521167,1.6812381360362423,33.96490432161659,29.878068240503907,0.20152406084811533,0.30645085978717473,0.49202507630924736,0.6402795526817201,2.055265347349171,1.9644236925878977,53.833928473509935,21.18528127032098,"[[10, 191, 129], [11, 158, 163], [11, 115, 196]]",0.0,0.0,0.9859407411201311,0.0,-1.0045060797500724,47.03856257291832,-42.134604931651836,-6.400080696590464,1.7956056804690093,15.549735916198813,-12.709984704621263,-35.21009753170367,0.0005377858587927987,0.0034828036569438396,39049,743.6538897752762,3.76327448207948,0.8873155096951296,1.0045045045045045,0.6623844663458097,0.9930068151764826,0.7887730780107461,129.8697895269698,1.0308206201095793,0.879206319312029,0.24147047623561627,0.8828282442520141,0.30108936667112757,5.168636642871967,0.27781971523023663,1.9541852210794128,4.715048025613661,1.9001798785170594,4.0,126.63308058219978,1.0,0.3334444854251571,0.854540884992843,0.11439523174466305,умеренная,ровные,выраженный,монотонная,неоднородная,лобуляции отсутствуют,с примесью красного или синего,умеренно вытянутая,тёмный ободок по краю,цвет умеренно неоднородный,грубая,округлая,красноватый,упорядоченная,размер:очень_маленький,периметр:маленький,выпуклость:высокая,плотность:высокая,заполнение_bbox:среднее,вариация_радиуса:низкая,граница:сильно_изрезанная,форма:умеренно_вытянутая,отношение_периметр_площадь:среднее,красный:норма,зеленый:норма,синий:норма,контраст:выраженный,центр:оттенок_как_периферия,насыщенность_центра:умеренно_выше,яркость_центра:темнее,ободок:слегка_темнее,яркость_асимметрия:слабая,яркость_асимметрия:сильная_низ_верх,насыщенность_асимметрия:слабая,насыщенность_асимметрия:слабая,разнообразие_оттенка:среднее,разнообразие_насыщенности:среднее,разнообразие_яркости:среднее,вариабельность_оттенка:низкая,вариабельность_насыщенности:средняя,вариабельность_яркости:средняя,насыщенность:средняя,яркость:средняя,энергия_текстуры:низкая,энтропия_текстуры:высокая,энтропия_lbp:низкая,среднее_lbp:низкое,разброс_lbp:низкий,медиана_lbp:ниже_нормы,темные_пиксели:нет,белые_пиксели:нет,красные_пиксели:преобладают,синие_пиксели:нет,яркие_выбросы:нет,темные_выбросы:нет
/kaggle/input/datasets/mihailodin1/all-image-skin/1119.jpg,success,12.090604425366148,153.24411368372364,167.1950785510824,2.0444383144912335,42.91101667662374,30.015557521800662,0.20512992966586155,0.3151434915769311,0.4797265758879448,0.6755521694926572,2.2649015027560044,1.9609146131671638,52.66670743233001,19.481993244634424,"[[13, 103, 199], [11, 197, 135], [12, 155, 172]]",0.0,4.719908811361765e-06,0.8819834000807104,0.0,-1.7320975784205928,63.59359602004504,-42.093186309347146,0.05449118775362649,-2.0639031026911994,21.68652613864805,-22.2471111495544,-38.14857822845201,0.0,0.01393553076554561,423737,2912.573928952217,4.4743377480509725,0.6277002997908422,0.765625,0.6589579698865163,0.9206430250596399,0.7995279102765367,2512.6424729784926,1.143232736154749,1.0214450886218038,0.1919735793526374,0.9051968882484235,0.2918130549904007,5.2108278967817,0.22825416263218848,2.057254675528922,4.87199075392531,2.1035023455333524,5.0,153.47091148646007,1.0,0.32947898494325817,0.9663017281737827,0.43010551025739824,умеренная,фестончатые,выраженный,монотонная,неоднородная,лобуляции слабые,с примесью красного или синего,умеренно вытянутая,тёмный ободок по краю,цвет умеренно неоднородный,грубая,неправильная,красноватый,средне упорядоченная,размер:средний,периметр:средний,выпуклость:низкая,плотность:средняя,заполнение_bbox:среднее,вариация_радиуса:средняя,граница:сильно_изрезанная,форма:умеренно_вытянутая,отношение_периметр_площадь:высокое,красный:норма,зеленый:повышен,синий:норма,контраст:выраженный,центр:оттенок_как_периферия,насыщенность_центра:выше,яркость_центра:темнее,ободок:слегка_темнее,яркость_асимметрия:слабая,яркость_асимметрия:сильная_низ_верх,насыщенность_асимметрия:слабая,насыщенность_асимметрия:сильная_верх_низ,разнообразие_оттенка:среднее,разнообразие_насыщенности:среднее,разнообразие_яркости:среднее,вариабельность_оттенка:низкая,вариабельность_насыщенности:средняя,вариабельность_яркости:средняя,насыщенность:средняя,яркость:средняя,энергия_текстуры:низкая,энтропия_текстуры:высокая,энтропия_lbp:средняя,среднее_lbp:низкое,разброс_lbp:средний,медиана_lbp:типичная,темные_пиксели:нет,белые_пиксели:нет,красные_пиксели:много,синие_пиксели:нет,яркие_выбросы:нет,темные_выбросы:умеренно
/kaggle/input/datasets/mihailodin1/all-image-skin/112.jpg,success,4.646219140967196,155.71572898377906,92.71601061821755,5.447546683629229,32.58508892495938,57.21661349392597,0.21821246132775565,0.27994987166701435,0.5018376615914883,0.46796386851706545,2.019287416114625,2.402920897537793,94.63400889753127,48.753091559442844,"[[6, 182, 70], [177, 154, 26], [8, 130, 157]]",0.3293864563796193,5.9922220957197554e-06,0.9868051269452252,0.0010486388667509572,-6.312677573642759,10.168564999581747,-92.81900026817328,-5.4581023243102464,-3.2489253111344,6.3579780845985425,2.6909753735633615,-89.47902777695593,8.988333143579634e-05,0.0,166883,1544.6214878559113,3.7810813649609343,0.8789776209921748,0.83,0.594194194284146,0.9916394319329729,0.804255421686747,376.94961416478475,1.039805567109103,0.9367321553175604,0.18984553922212022,0.9094654775017256,0.30242706929298735,5.256970406716841,0.23094956135050873,2.0156527966252042,5.099203663871233,2.035721806469048,5.0,127.05622393500434,2.0,0.297097097142073,1.1965928807724275,0.3106991235711669,умеренная,умеренно неровные,выраженный,умеренно разнообразная,неоднородная,лобуляции слабые,с примесью красного или синего,умеренно вытянутая,тёмный ободок по краю,цвет умеренно неоднородный,грубая,округлая,красноватый,средне упорядоченная,размер:маленький,периметр:средний,выпуклость:высокая,плотность:высокая,заполнение_bbox:высокое,вариация_радиуса:низкая,граница:сильно_изрезанная,форма:умеренно_вытянутая,отношение_периметр_площадь:среднее,красный:норма,зеленый:понижен,синий:норма,контраст:сильный,центр:краснее_периферии,насыщенность_центра:равна,яркость_центра:значительно_темнее,ободок:темнее_центра,яркость_асимметрия:слабая,яркость_асимметрия:слабая,насыщенность_асимметрия:слабая,насыщенность_асимметрия:слабая,разнообразие_оттенка:среднее,разнообразие_насыщенности:среднее,разнообразие_яркости:высокое,вариабельность_оттенка:средняя,вариабельность_насыщенности:средняя,вариабельность_яркости:высокая,насыщенность:средняя,яркость:низкая,энергия_текстуры:низкая,энтропия_текстуры:высокая,энтропия_lbp:средняя,среднее_lbp:среднее,разброс_lbp:низкий,медиана_lbp:типичная,темные_пиксели:много,белые_пиксели:нет,красные_пиксели:преобладают,синие_пиксели:единичные,яркие_выбросы:нет,темные_выбросы:нет
/kaggle/input/datasets/mihailodin1/all-image-skin/1120.jpg,success,8.790894386727205,119.95604573817744,149.2034081910614,3.2219623776863395,36.45376508060329,16.362355168645326,0.24415146950464012,0.3068627966320205,0.44898573085412036,0.5499867802458646,2.175978704673609,1.4215977197949208,22.450907954808983,9.253934464631351,"[[9, 105, 156], [11, 161, 132], [4, 78, 165]]",7.601913148142283e-06,0.0,0.9893129770992366,0.0,1.7855163744779503,45.39757219337626,-15.997167848201315,10.917277668229673,-17.86689596753712,15.918727317882116,-23.74079661409172,-9.888910599440976,0.0006829051978081151,0.024587121092141524,789275,3672.276589155197,4.133531109900768,0.7354742005647892,0.6420118343195266,0.8313367161336297,0.9755179629284016,0.6725613871240422,11845.516375092697,1.0621343013348263,0.9645157519556181,0.13371400178834533,0.9351712856619941,0.4110421338251257,4.5847272310236615,0.20416539884986207,2.1380160240453323,5.166801829730187,2.3023021924329257,5.0,131.62395398379616,1.0,0.41566835806681485,0.7730566434768302,0.42887454284210974,умеренная,умеренно неровные,умеренный,монотонная,неоднородная,лобуляции слабые,с примесью красного или синего,умеренно вытянутая,без выраженного ободка,цвет однородный,грубая,овальная,красноватый,хаотичная,размер:средний,периметр:большой,выпуклость:средняя,плотность:высокая,заполнение_bbox:низкое,вариация_радиуса:высокая,граница:сильно_изрезанная,форма:сильно_вытянутая,отношение_периметр_площадь:среднее,красный:понижен,зеленый:норма,синий:норма,контраст:умеренный,центр:оттенок_как_периферия,насыщенность_центра:умеренно_выше,яркость_центра:равная,ободок:одинаковый,яркость_асимметрия:слабая,яркость_асимметрия:сильная_низ_верх,насыщенность_асимметрия:слабая,насыщенность_асимметрия:сильная_верх_низ,разнообразие_оттенка:среднее,разнообразие_насыщенности:среднее,разнообразие_яркости:низкое,вариабельность_оттенка:низкая,вариабельность_насыщенности:средняя,вариабельность_яркости:низкая,насыщенность:средняя,яркость:средняя,энергия_текстуры:низкая,энтропия_текстуры:высокая,энтропия_lbp:высокая,среднее_lbp:высокое,разброс_lbp:высокий,медиана_lbp:типичная,темные_пиксели:нет,белые_пиксели:нет,красные_пиксели:преобладают,синие_пиксели:нет,яркие_выбросы:нет,темные_выбросы:умеренно
/kaggle/input/datasets/mihailodin1/all-image-skin/1121.jpg,success,5.900423873229011,173.38756563464065,148.4758589655355,2.183446346292467,34.89717538399207,31.166392671632046,0.19024286201212018,0.26143226248897605,0.54832487180588,0.06016863534735627,2.051926763465076,2.0024215407807393,44.209657668203825,20.821202272066124,"[[6, 204, 120], [4, 124, 189], [7, 165, 161]]",0.0,0.0,0.9999783423733871,0.0,0.5489548308802341,44.666223153388046,-39.464409587558904,12.979881452484932,-14.379138495168945,1.784576465931849,5.14327549730055,-35.7063925549927,0.0008013321846769885,0.0046539833188147025,415558,2527.020544409752,3.920062118058873,0.8177564269613861,1.2090225563909776,0.7215600328557972,0.9865885419757982,0.777237870796394,2526.2581408457036,1.0496360878634121,0.9236237994419024,0.1699166388898473,0.9157304271980983,0.33550536926550417,4.954726373814843,0.22813079182575285,2.047648777279741,4.943082231222991,2.0850671132421583,5.0,118.96645948271346,1.0,0.46529129462338736,0.7484593842694958,0.4166138324953919,умеренная,умеренно неровные,выраженный,монотонная,неоднородная,лобуляции слабые,с примесью красного или синего,умеренно вытянутая,тёмный ободок по краю,цвет однородный,грубая,овальная,красноватый,средне упорядоченная,размер:средний,периметр:средний,выпуклость:высокая,плотность:высокая,заполнение_bbox:среднее,вариация_радиуса:средняя,граница:сильно_изрезанная,форма:умеренно_вытянутая,отношение_периметр_площадь:среднее,красный:повышен,зеленый:понижен,синий:понижен,контраст:умеренный,центр:оттенок_как_периферия,насыщенность_центра:умеренно_выше,яркость_центра:темнее,ободок:слегка_темнее,яркость_асимметрия:слабая,яркость_асимметрия:слабая,насыщенность_асимметрия:слабая,насыщенность_асимметрия:слабая,разнообразие_оттенка:низкое,разнообразие_насыщенности:среднее,разнообразие_яркости:среднее,вариабельность_оттенка:низкая,вариабельность_насыщенности:средняя,вариабельность_яркости:средняя,насыщенность:высокая,яркость:средняя,энергия_текстуры:низкая,энтропия_текстуры:высокая,энтропия_lbp:средняя,среднее_lbp:среднее,разброс_lbp:средний,медиана_lbp:типичная,темные_пиксели:нет,белые_пиксели:нет,красные_пиксели:преобладают,синие_пиксели:нет,яркие_выбросы:нет,темные_выбросы:нет
/kaggle/input/datasets/mihailodin1/all-image-skin/1122.jpg,success,9.369472644635794,160.60763677462032,137.61924766840286,3.190099247696973,37.822551139870185,37.42178416957414,0.2031726887468432,0.29786221718945916,0.4989650904379906,0.6209200159369331,2.1500068254825897,2.0876098096111626,52.34097416087471,23.736510540039035,"[[8, 196, 100], [12, 142, 162], [5, 108, 180]]",4.38064281552675e-06,2.190321407763375e-06,0.9637019936305453,0.0,-1.9759940422931663,54.956862227203004,-61.24251045477561,1.7684307860856734,9.5686821636084,19.707457018198625,-15.967246084571485,-51.33446406928846,0.0003723546393197738,0.0005322481020865002,456554,2809.5718410015106,4.158091725859376,0.7268114042079213,1.010738255033557,0.5077251331426982,0.971098093767415,0.8138435074021587,727.4517307169872,1.1258640945631566,0.9570381734509261,0.15715448413655744,0.9259079057070011,0.32878266687422963,5.035245667277406,0.22158775722248147,2.099104986272125,5.09784360168708,2.197460633787506,5.0,165.18718277673597,1.0,0.25923169408812763,1.0140099986685758,0.4115976510705063,умеренная,умеренно неровные,выраженный,монотонная,неоднородная,лобуляции слабые,с примесью красного или синего,умеренно вытянутая,тёмный ободок по краю,цвет умеренно неоднородный,грубая,овальная,красноватый,средне упорядоченная,размер:средний,периметр:средний,выпуклость:низкая,плотность:высокая,заполнение_bbox:высокое,вариация_радиуса:средняя,граница:сильно_изрезанная,форма:умеренно_вытянутая,отношение_периметр_площадь:среднее,красный:норма,зеленый:норма,синий:норма,контраст:выраженный,центр:оттенок_как_периферия,насыщенность_центра:умеренно_выше,яркость_центра:значительно_темнее,ободок:темнее_центра,яркость_асимметрия:слабая,яркость_асимметрия:сильная_низ_верх,насыщенность_асимметрия:слабая,насыщенность_асимметрия:слабая,разнообразие_оттенка:среднее,разнообразие_насыщенности:среднее,разнообразие_яркости:среднее,вариабельность_оттенка:низкая,вариабельность_насыщенности:средняя,вариабельность_яркости:высокая,насыщенность:высокая,яркость:средняя,энергия_текстуры:низкая,энтропия_текстуры:высокая,энтропия_lbp:средняя,среднее_lbp:среднее,разброс_lbp:средний,медиана_lbp:типичная,темные_пиксели:нет,белые_пиксели:нет,красные_пиксели:много,синие_пиксели:нет,яркие_выбросы:нет,темные_выбросы:нет
/kaggle/input/datasets/mihailodin1/all-image-skin/1123.jpg,success,9.188305979812228,148.44002728072223,159.8530856830052,2.5705131007907593,48.137111736220874,32.18510793089695,0.21849963968108863,0.30039657891760213,0.481103778391594,0.43871291163698256,2.282546182940845,1.9772867222351018,56.49314483570433,21.76889299475735,"[[9, 196, 128], [8, 89, 196], [11, 137, 173]]",0.0,0.0002692176534989321,0.9895678159269163,1.3460882674946606e-05,-0.02561714826239836,72.53747851401201,-50.44315573990717,4.72303737803594,-5.776548695493858,11.175954763922533,-14.169824808640215,-44.48482601161891,0.00038139167579015384,0.00402256043936321,445736,2596.365778207779,3.888902191615943,0.8309135151830961,1.2120343839541547,0.6404507621033432,0.9852718507335338,0.7548348201887188,1726.732260581578,1.0572408184771505,0.925609216318622,0.163913278253491,0.9193493080022482,0.3136139918551971,5.104986472395845,0.21369458528414503,2.1065600066659957,5.026938132367747,2.207480997342973,5.0,158.85161704827414,1.0,0.42624257302874896,0.9985841946067825,0.41199541882805063,умеренная,умеренно неровные,выраженный,монотонная,неоднородная,лобуляции слабые,с примесью красного или синего,умеренно вытянутая,тёмный ободок по краю,цвет умеренно неоднородный,грубая,овальная,красноватый,средне упорядоченная,размер:средний,периметр:средний,выпуклость:средняя,плотность:высокая,заполнение_bbox:среднее,вариация_радиуса:средняя,граница:сильно_изрезанная,форма:умеренно_вытянутая,отношение_периметр_площадь:среднее,красный:норма,зеленый:норма,синий:норма,контраст:выраженный,центр:оттенок_как_периферия,насыщенность_центра:выше,яркость_центра:значительно_темнее,ободок:слегка_темнее,яркость_асимметрия:слабая,яркость_асимметрия:слабая,насыщенность_асимметрия:слабая,насыщенность_асимметрия:слабая,разнообразие_оттенка:среднее,разнообразие_насыщенности:среднее,разнообразие_яркости:среднее,вариабельность_оттенка:низкая,вариабельность_насыщенности:высокая,вариабельность_яркости:средняя,насыщенность:средняя,яркость:средняя,энергия_текстуры:низкая,энтропия_текстуры:высокая,энтропия_lbp:высокая,среднее_lbp:среднее,разброс_lbp:средний,медиана_lbp:типичная,темные_пиксели:нет,белые_пиксели:единичные,красные_пиксели:преобладают,синие_пиксели:нет,яркие_выбросы:нет,темные_выбросы:нет
/kaggle/input/datasets/mihailodin1/all-image-skin/1124.jpg,success,10.567416107148395,145.52752253619278,176.6528878360759,1.956871023907244,30.636834619175453,19.451210235644055,0.21192126984516776,0.30713644782859684,0.48094227960366753,0.6166075655990579,1.9977760025222762,1.6357404898096106,44.863965943902684,16.23149128818589,"[[10, 102, 199], [11, 175, 157], [11, 146, 180]]",0.0,7.446497617120763e-05,0.9868477992087042,9.834996852801007e-06,0.5663707158455509,31.252231119897033,-17.13501026782248,7.264862926540587,-1.6121218346857518,11.054514950503318,-4.069530591649112,-21.79042430118551,0.02011116356442766,0.014617615322363097,711744,3369.3476568460464,3.9937779732793097,0.7878472604746517,0.8965201465201466,0.7346974631089821,0.9742004098040906,0.6657612050870478,4746.908242876827,1.0652436640244995,0.9630736470258892,0.20734316295155142,0.904829512339627,0.3606416823829485,4.8842661785194945,0.2096768497262935,2.097453739816497,4.927362881864736,2.1809549673331605,5.0,72.95464240694383,1.0,0.36734873155449105,0.720261374078201,0.4174602487885984,слабая,умеренно неровные,выраженный,монотонная,неоднородная,лобуляции слабые,с примесью красного или синего,умеренно вытянутая,тёмный ободок по краю,цвет однородный,грубая,овальная,красноватый,хаотичная,размер:средний,периметр:большой,выпуклость:средняя,плотность:высокая,заполнение_bbox:низкое,вариация_радиуса:высокая,граница:сильно_изрезанная,форма:умеренно_вытянутая,отношение_периметр_площадь:среднее,красный:норма,зеленый:норма,синий:норма,контраст:умеренный,центр:оттенок_как_периферия,насыщенность_центра:умеренно_выше,яркость_центра:равная,ободок:слегка_темнее,яркость_асимметрия:слабая,яркость_асимметрия:слабая,насыщенность_асимметрия:слабая,насыщенность_асимметрия:слабая,разнообразие_оттенка:среднее,разнообразие_насыщенности:низкое,разнообразие_яркости:среднее,вариабельность_оттенка:низкая,вариабельность_насыщенности:средняя,вариабельность_яркости:низкая,насыщенность:средняя,яркость:высокая,энергия_текстуры:низкая,энтропия_текстуры:высокая,энтропия_lbp:средняя,среднее_lbp:среднее,разброс_lbp:средний,медиана_lbp:типичная,темные_пиксели:нет,белые_пиксели:нет,красные_пиксели:преобладают,синие_пиксели:нет,яркие_выбросы:много,темные_выбросы:умеренно
/kaggle/input/datasets/mihailodin1/all-image-skin/1125.jpg,success,6.491632965938966,160.25845710182938,168.43781115192223,2.405844713917957,36.14145682172847,31.51033664365429,0.20588531606798544,0.2748862429235296,0.5192284379258729,0.08791054118670671,2.145836442544051,1.9426837492126348,37.50378087162655,15.780829691172835,"[[4, 120, 199], [7, 201, 129], [8, 158, 179]]",0.0,0.0,0.9999643973962629,0.0,1.2065358436291689,40.33398781607431,-31.73853142419685,32.03938447861259,-36.090758878035786,13.89333224009522,-18.096117784092144,-34.40179883738841,0.0,0.022494911794549242,168527,1605.4671598672867,3.9108096801727257,0.8216304026893139,1.2409638554216869,0.711038761856147,0.9814915116042049,0.7885226342262253,977.8024049003773,1.0482540121993407,0.9256695807499793,0.19119203230870505,0.9063274317081715,0.3172374507248432,5.064901097655215,0.2323399624496239,2.0507146346110865,4.910267755707299,2.0838350398459093,5.0,173.39864846473608,1.0,0.47600130863891693,0.7786903937477696,0.41633452235315227,умеренная,умеренно неровные,выраженный,монотонная,неоднородная,лобуляции слабые,с примесью красного или синего,умеренно вытянутая,тёмный ободок по краю,цвет однородный,грубая,овальная,красноватый,средне упорядоченная,размер:маленький,периметр:средний,выпуклость:высокая,плотность:высокая,заполнение_bbox:среднее,вариация_радиуса:средняя,граница:сильно_изрезанная,форма:умеренно_вытянутая,отношение_периметр_площадь:среднее,красный:норма,зеленый:понижен,синий:норма,контраст:умеренный,центр:оттенок_как_периферия,насыщенность_центра:умеренно_выше,яркость_центра:темнее,ободок:слегка_темнее,яркость_асимметрия:сильная_право_лево,яркость_асимметрия:слабая,насыщенность_асимметрия:сильная_лево_право,насыщенность_асимметрия:слабая,разнообразие_оттенка:низкое,разнообразие_насыщенности:среднее,разнообразие_яркости:среднее,вариабельность_оттенка:низкая,вариабельность_насыщенности:средняя,вариабельность_яркости:средняя,насыщенность:высокая,яркость:средняя,энергия_текстуры:низкая,энтропия_текстуры:высокая,энтропия_lbp:средняя,среднее_lbp:среднее,разброс_lbp:средний,медиана_lbp:типичная,темные_пиксели:нет,белые_пиксели:нет,красные_пиксели:преобладают,синие_пиксели:нет,яркие_выбросы:нет,темные_выбросы:умеренно
/kaggle/input/datasets/mihailodin1/all-image-skin/1126.jpg,success,158.14845312442924,70.24089732410485,176.25438307264702,18.846555885258272,37.335891720196884,16.6752005242511,0.3345069887655325,0.2895244036090395,0.37596860544024757,1.7477215040805967,2.019928252682255,1.4239288776917784,12.94272840379871,4.776809199651103,"[[6, 140, 151], [130, 37, 190], [161, 65, 177]]",0.0,0.009455556161098697,0.2866041746144204,0.01473445419368903,9.36152063636726,-2.451174035762463,3.478590677835058,-9.265168814144516,44.69686813003098,11.507558325019517,-34.59320903136545,2.0067007294531436,0.012250667611313968,0.05767139898632078,1467920,8446.832061648369,6.971763814065846,0.25853808775060827,1.0597014925373134,0.4585810614502976,0.7455620640598676,0.6375641290694705,22772.5834182015,1.5725342502643478,1.0535065449880805,0.1339141116575102,0.9335864535358701,0.4333678716863152,4.618978697951566,0.18740568973890678,2.1715554077402435,5.195837009979958,2.409370986199296,5.0,115.35408965052524,3.0,0.2591412769938055,1.6052598279732382,0.4886220109756342,умеренная,фестончатые,низкий,умеренно разнообразная,неоднородная,лобуляции слабые,слабо пигментированная,умеренно вытянутая,без выраженного ободка,цвет неоднородный,грубая,неправильная,фиолетовый,хаотичная,размер:крупный,периметр:очень_большой,выпуклость:низкая,плотность:низкая,заполнение_bbox:низкое,вариация_радиуса:высокая,граница:сильно_изрезанная,форма:округлая,отношение_периметр_площадь:высокое,красный:понижен,зеленый:норма,синий:повышен,контраст:очень_слабый,центр:синее_периферии,насыщенность_центра:равна,яркость_центра:равная,ободок:одинаковый,яркость_асимметрия:слабая,яркость_асимметрия:слабая,насыщенность_асимметрия:сильная_право_лево,насыщенность_асимметрия:сильная_верх_низ,разнообразие_оттенка:высокое,разнообразие_насыщенности:среднее,разнообразие_яркости:низкое,вариабельность_оттенка:средняя,вариабельность_насыщенности:средняя,вариабельность_яркости:низкая,насыщенность:низкая,яркость:высокая,энергия_текстуры:низкая,энтропия_текстуры:высокая,энтропия_lbp:высокая,среднее_lbp:высокое,разброс_lbp:высокий,медиана_lbp:типичная,темные_пиксели:нет,белые_пиксели:присутствуют,красные_пиксели:мало,синие_пиксели:присутствуют,яркие_выбросы:много,темные_выбросы:много
/kaggle/input/datasets/mihailodin1/all-image-skin/1127.jpg,success,10.203030907135187,135.38588830745474,143.54709187612593,2.389460964272654,47.62117088542002,28.686871491042616,0.23138181867840416,0.3095429512037112,0.45907522691980374,0.6020779316781166,2.324788461615526,1.836885426850164,47.31364643563695,19.621545399361928,"[[11, 132, 154], [10, 187, 112], [10, 81, 171]]",0.0,0.0,0.9636827657201681,0.0,-0.2989481994548129,60.24101530523927,-37.01431524807174,3.2015630807643447,-8.787399283268428,9.70289773012837,-21.66148120641884,-33.935746222734934,8.578536501672815e-06,0.011452346229733207,233140,1981.1210496425629,4.103010386579474,0.746456718541975,1.2495274102079394,0.8498491897720656,0.9794069954041724,0.6667448358304569,3822.0065600132716,1.0594613182880661,0.9243895771922656,0.1468404640346048,0.9269741605139052,0.3348694278303595,4.947405888508908,0.21123434147691883,2.1055093499106743,5.072807806768634,2.200935634715941,5.0,140.9076200533458,1.0,0.5496882999900026,0.9932486054932439,0.4273873835070407,умеренная,умеренно неровные,выраженный,монотонная,неоднородная,лобуляции слабые,с примесью красного или синего,вытянутая,тёмный ободок по краю,цвет умеренно неоднородный,грубая,овальная,красноватый,средне упорядоченная,размер:маленький,периметр:средний,выпуклость:средняя,плотность:высокая,заполнение_bbox:низкое,вариация_радиуса:высокая,граница:сильно_изрезанная,форма:сильно_вытянутая,отношение_периметр_площадь:среднее,красный:норма,зеленый:норма,синий:норма,контраст:умеренный,центр:оттенок_как_периферия,насыщенность_центра:выше,яркость_центра:темнее,ободок:слегка_темнее,яркость_асимметрия:слабая,яркость_асимметрия:слабая,насыщенность_асимметрия:слабая,насыщенность_асимметрия:сильная_верх_низ,разнообразие_оттенка:среднее,разнообразие_насыщенности:высокое,разнообразие_яркости:среднее,вариабельность_оттенка:низкая,вариабельность_насыщенности:высокая,вариабельность_яркости:средняя,насыщенность:средняя,яркость:средняя,энергия_текстуры:низкая,энтропия_текстуры:высокая,энтропия_lbp:высокая,среднее_lbp:среднее,разброс_lbp:средний,медиана_lbp:типичная,темные_пиксели:нет,белые_пиксели:нет,красные_пиксели:много,синие_пиксели:нет,яркие_выбросы:нет,темные_выбросы:умеренно
/kaggle/input/datasets/mihailodin1/all-image-skin/1128.jpg,success,9.739281889485909,155.15171027588536,177.75333961827852,1.544127795690299,30.483965475418355,33.02654121511733,0.20417392568539106,0.2996443393159938,0.4961817322072092,0.36808145582007534,2.0026480918575693,2.010011596020254,43.632052994755526,16.704547962638024,"[[10, 123, 209], [9, 191, 134], [10, 161, 180]]",0.0,0.0,0.9990038954801758,0.0,-0.3199371978955412,27.29165890938421,-33.353364167982335,-11.69546039654719,6.85517819696301,4.150469953544359,1.4870873484096876,-35.055610285242864,0.0,0.032231096248599225,56219,975.7199051380157,4.115130448132,0.7420661999276824,1.361344537815126,0.7262491779495489,0.9430977504151918,0.7290564373897708,437.12737757916335,1.0876122450519234,0.9441047184659771,0.26295770415950903,0.8751760249558721,0.2897875072283499,5.244324310425583,0.28516084650337625,1.9535173848760516,4.708159090497656,1.9079650922968572,4.0,85.15315617072633,1.0,0.5437968578823376,0.7785963573833856,0.3695530121576537,умеренная,умеренно неровные,выраженный,монотонная,неоднородная,лобуляции слабые,с примесью красного или синего,вытянутая,тёмный ободок по краю,цвет однородный,грубая,овальная,красноватый,упорядоченная,размер:очень_маленький,периметр:маленький,выпуклость:низкая,плотность:средняя,заполнение_bbox:среднее,вариация_радиуса:низкая,граница:сильно_изрезанная,форма:умеренно_вытянутая,отношение_периметр_площадь:среднее,красный:норма,зеленый:норма,синий:норма,контраст:умеренный,центр:оттенок_как_периферия,насыщенность_центра:умеренно_выше,яркость_центра:темнее,ободок:слегка_темнее,яркость_асимметрия:слабая,яркость_асимметрия:слабая,насыщенность_асимметрия:слабая,насыщенность_асимметрия:слабая,разнообразие_оттенка:низкое,разнообразие_насыщенности:среднее,разнообразие_яркости:среднее,вариабельность_оттенка:низкая,вариабельность_насыщенности:средняя,вариабельность_яркости:средняя,насыщенность:средняя,яркость:высокая,энергия_текстуры:низкая,энтропия_текстуры:высокая,энтропия_lbp:низкая,среднее_lbp:низкое,разброс_lbp:низкий,медиана_lbp:ниже_нормы,темные_пиксели:нет,белые_пиксели:нет,красные_пиксели:преобладают,синие_пиксели:нет,яркие_выбросы:нет,темные_выбросы:умеренно
/kaggle/input/datasets/mihailodin1/all-image-skin/1129.jpg,success,6.746694474342492,161.92981354092402,146.83494999710965,2.161328796604841,44.630039407588534,38.60403012423268,0.20946626539538143,0.2782520761687178,0.5122816549470401,0.09232704104794294,2.1906356488131573,2.0909238164435755,55.51633714156338,24.275371748680097,"[[6, 206, 106], [7, 109, 188], [8, 161, 157]]",5.780680964217585e-05,3.725327732495777e-05,0.999364125093936,0.0,-0.5321669295766185,64.02771019715848,-56.91148562372811,-20.80507838896125,18.80340082105465,7.665935065028151,-10.52876592559926,-47.05963321878207,0.00014387472622052656,0.0018857865901047589,778455,3415.5516316890717,3.8711865355165984,0.8385359119956144,1.013131313131313,0.6190182017513847,0.9845859440808862,0.783966282969274,2130.8847695715344,1.0577502609707181,0.9582514319742068,0.1489005486267956,0.9280920715241784,0.3233392791336615,5.062436771759753,0.22253041425309303,2.090860741158313,5.081190251957736,2.1791919484338877,5.0,179.27454295110653,1.0,0.3160747574413489,0.9274667488003592,0.41051391187252945,умеренная,умеренно неровные,выраженный,монотонная,неоднородная,лобуляции слабые,с примесью красного или синего,умеренно вытянутая,тёмный ободок по краю,цвет умеренно неоднородный,грубая,овальная,красноватый,средне упорядоченная,размер:средний,периметр:большой,выпуклость:средняя,плотность:высокая,заполнение_bbox:среднее,вариация_радиуса:средняя,граница:сильно_изрезанная,форма:умеренно_вытянутая,отношение_периметр_площадь:среднее,красный:норма,зеленый:понижен,синий:норма,контраст:выраженный,центр:оттенок_как_периферия,насыщенность_центра:выше,яркость_центра:значительно_темнее,ободок:слегка_темнее,яркость_асимметрия:сильная_лево_право,яркость_асимметрия:слабая,насыщенность_асимметрия:слабая,насыщенность_асимметрия:слабая,разнообразие_оттенка:низкое,разнообразие_насыщенности:среднее,разнообразие_яркости:среднее,вариабельность_оттенка:низкая,вариабельность_насыщенности:средняя,вариабельность_яркости:высокая,насыщенность:высокая,яркость:средняя,энергия_текстуры:низкая,энтропия_текстуры:высокая,энтропия_lbp:средняя,среднее_lbp:среднее,разброс_lbp:средний,медиана_lbp:типичная,темные_пиксели:нет,белые_пиксели:нет,красные_пиксели:преобладают,синие_пиксели:нет,яркие_выбросы:нет,темные_выбросы:нет
/kaggle/input/datasets/mihailodin1/all-image-skin/113.jpg,success,7.755351527730486,136.36357699245204,125.68423527087396,3.154039989787239,45.13539038656396,32.35732157106877,0.236905385780616,0.2975294648611663,0.4655651456539705,0.4047523693237446,2.300220426978506,1.9851118402096004,55.967404646789866,25.6558371869102,"[[7, 180, 92], [10, 129, 138], [7, 77, 163]]",1.0976185336548136e-05,0.0,0.9789970693585152,0.0,-1.7909433926933787,70.97751870102657,-55.17554690358894,-1.5145968642725336,0.8985191196956919,-8.724309441965943,9.948674689227147,-46.08344870231389,0.0,0.0013079954192719862,546638,2992.4317935705185,4.047383444924749,0.7671162138191079,1.0778739184177997,0.3184824696949088,0.9666044235081093,0.7748806432224629,582.6453401448944,1.0971719877200952,0.9293612631472088,0.13639006996917907,0.9322341958409884,0.317404388234155,5.016566226614261,0.2210865948110846,2.103344865322545,5.144018538151191,2.2085986632911965,5.0,149.0301091124702,1.0,0.19817819405635423,0.9812498782335048,0.4119021620533277,умеренная,умеренно неровные,выраженный,монотонная,неоднородная,лобуляции слабые,с примесью красного или синего,округлая,тёмный ободок по краю,цвет умеренно неоднородный,грубая,овальная,красноватый,средне упорядоченная,размер:средний,периметр:средний,выпуклость:низкая,плотность:средняя,заполнение_bbox:среднее,вариация_радиуса:средняя,граница:сильно_изрезанная,форма:округлая,отношение_периметр_площадь:среднее,красный:норма,зеленый:норма,синий:норма,контраст:выраженный,центр:оттенок_как_периферия,насыщенность_центра:выше,яркость_центра:значительно_темнее,ободок:слегка_темнее,яркость_асимметрия:слабая,яркость_асимметрия:слабая,насыщенность_асимметрия:слабая,насыщенность_асимметрия:слабая,разнообразие_оттенка:среднее,разнообразие_насыщенности:высокое,разнообразие_яркости:среднее,вариабельность_оттенка:низкая,вариабельность_насыщенности:высокая,вариабельность_яркости:средняя,насыщенность:средняя,яркость:средняя,энергия_текстуры:низкая,энтропия_текстуры:высокая,энтропия_lbp:высокая,среднее_lbp:высокое,разброс_lbp:средний,медиана_lbp:типичная,темные_пиксели:нет,белые_пиксели:нет,красные_пиксели:преобладают,синие_пиксели:нет,яркие_выбросы:нет,темные_выбросы:нет
/kaggle/input/datasets/mihailodin1/all-image-skin/1130.jpg,success,6.726751145025953,151.7937116661158,159.21183641854608,2.543544490864635,41.07704908874713,31.00125157940835,0.21739988043051656,0.28272998867847005,0.4998701277513591,0.12328091963406237,2.2173596145631556,1.9989161963125508,52.9530406471101,21.47110083788982,"[[4, 95, 197], [8, 190, 129], [8, 142, 173]]",0.0,0.0,0.9997905907108058,0.0,2.0730880361074924,47.53848660838088,-36.67038673769201,7.34569466380853,-10.579902860918793,9.28434208765077,-8.840136758348535,-37.06762246612607,0.00020436328222569276,0.00450860722638658,396353,2547.1597154140472,4.045899611426714,0.7676789966733697,1.263157894736842,0.7955767307157348,0.9808824038923178,0.6706752896902751,4463.798662381816,1.0585032133286494,0.9436502441689498,0.1689230103260715,0.9161334017017815,0.31508454868730723,5.0632563949502245,0.2215503749923782,2.07338255530303,4.9604682831649765,2.1394144482150232,5.0,122.33203775290701,1.0,0.5293673127262883,0.836388052952225,0.42339150685840876,умеренная,умеренно неровные,выраженный,монотонная,неоднородная,лобуляции слабые,с примесью красного или синего,вытянутая,тёмный ободок по краю,цвет однородный,грубая,овальная,красноватый,средне упорядоченная,размер:маленький,периметр:средний,выпуклость:средняя,плотность:высокая,заполнение_bbox:низкое,вариация_радиуса:высокая,граница:сильно_изрезанная,форма:умеренно_вытянутая,отношение_периметр_площадь:среднее,красный:норма,зеленый:норма,синий:норма,контраст:выраженный,центр:оттенок_как_периферия,насыщенность_центра:умеренно_выше,яркость_центра:темнее,ободок:слегка_темнее,яркость_асимметрия:слабая,яркость_асимметрия:слабая,насыщенность_асимметрия:слабая,насыщенность_асимметрия:слабая,разнообразие_оттенка:низкое,разнообразие_насыщенности:среднее,разнообразие_яркости:среднее,вариабельность_оттенка:низкая,вариабельность_насыщенности:средняя,вариабельность_яркости:средняя,насыщенность:средняя,яркость:средняя,энергия_текстуры:низкая,энтропия_текстуры:высокая,энтропия_lbp:средняя,среднее_lbp:среднее,разброс_lbp:средний,медиана_lbp:типичная,темные_пиксели:нет,белые_пиксели:нет,красные_пиксели:преобладают,синие_пиксели:нет,яркие_выбросы:нет,темные_выбросы:нет
/kaggle/input/datasets/mihailodin1/all-image-skin/1131.jpg,success,3.2491399247577424,120.41251903276654,93.88059295033035,5.7384688826467665,26.620766704557585,41.781995532560636,0.24889524647226385,0.28621408597416426,0.4648906626014465,0.6567962172624344,1.904458474200215,2.155894288649226,96.83819473975922,47.37324954977572,"[[5, 137, 84], [176, 100, 57], [8, 111, 158]]",0.07339168930475903,0.0,0.985817486668679,0.00010866284334440085,-6.466374006642241,-20.22232384200261,-51.649784075537056,-5.61565136762988,-9.635945909369909,7.425247423684382,3.6702988740148896,-65.73884314766971,0.055976121004795924,0.0,745425,3332.6643295288086,3.8600203665510744,0.8433943198012559,1.281068524970964,0.6388747846872714,0.9869231115500819,0.7849198100839965,2253.760984663179,1.0588127069812932,0.9613415810690429,0.14096805964384787,0.9318754743542298,0.4341817348589887,4.731380769177514,0.22789663421043765,2.075797167106096,5.178070819716317,2.171463443528009,5.0,104.68562549888097,2.0,0.45997165482911767,1.0395089727750164,0.40935771539694266,умеренная,умеренно неровные,выраженный,умеренно разнообразная,неоднородная,лобуляции слабые,с примесью красного или синего,умеренно вытянутая,тёмный ободок по краю,цвет умеренно неоднородный,грубая,овальная,красноватый,средне упорядоченная,размер:средний,периметр:большой,выпуклость:средняя,плотность:высокая,заполнение_bbox:среднее,вариация_радиуса:средняя,граница:сильно_изрезанная,форма:умеренно_вытянутая,отношение_периметр_площадь:среднее,красный:норма,зеленый:норма,синий:норма,контраст:сильный,центр:краснее_периферии,насыщенность_центра:ниже,яркость_центра:значительно_темнее,ободок:темнее_центра,яркость_асимметрия:слабая,яркость_асимметрия:слабая,насыщенность_асимметрия:слабая,насыщенность_асимметрия:слабая,разнообразие_оттенка:среднее,разнообразие_насыщенности:низкое,разнообразие_яркости:высокое,вариабельность_оттенка:средняя,вариабельность_насыщенности:низкая,вариабельность_яркости:высокая,насыщенность:средняя,яркость:низкая,энергия_текстуры:низкая,энтропия_текстуры:высокая,энтропия_lbp:средняя,среднее_lbp:высокое,разброс_lbp:средний,медиана_lbp:типичная,темные_пиксели:много,белые_пиксели:нет,красные_пиксели:преобладают,синие_пиксели:единичные,яркие_выбросы:много,темные_выбросы:нет
/kaggle/input/datasets/mihailodin1/all-image-skin/1132.jpg,success,7.6402478896965516,158.73953617221215,142.77605738232523,2.0173062669399355,31.0759074043667,32.19316448861696,0.20500606768702723,0.28391753919638935,0.511076389537017,0.12023720272101976,2.0072576446586985,2.076724279165097,53.93615805795401,24.145673464503947,"[[7, 187, 111], [7, 114, 184], [9, 156, 153]]",0.0,0.0,0.9996944570433762,0.0,-1.1681611838104402,40.00115759014275,-45.68530976345684,8.765537592678584,-6.360783940543911,12.208536498409188,-4.202255724298681,-41.76567576126436,0.002555697086070772,0.007166000809349343,736394,3499.867427945137,4.078462498326694,0.7554694683993023,1.261672095548317,0.6600995051127139,0.9557575647451855,0.6880887907142764,3809.181734436905,1.0804604165749545,0.9677715788512704,0.17423992833973515,0.9154474790578889,0.32053618621496394,5.04405215564223,0.22370766975102183,2.057978884234491,4.973107681218379,2.106599777016617,5.0,118.3917422933404,1.0,0.4608858003305154,0.7299935618414227,0.4192465624020157,умеренная,умеренно неровные,выраженный,монотонная,неоднородная,лобуляции слабые,с примесью красного или синего,умеренно вытянутая,тёмный ободок по краю,цвет однородный,грубая,овальная,красноватый,средне упорядоченная,размер:средний,периметр:большой,выпуклость:низкая,плотность:средняя,заполнение_bbox:низкое,вариация_радиуса:высокая,граница:сильно_изрезанная,форма:умеренно_вытянутая,отношение_периметр_площадь:среднее,красный:норма,зеленый:норма,синий:норма,контраст:выраженный,центр:оттенок_как_периферия,насыщенность_центра:умеренно_выше,яркость_центра:темнее,ободок:слегка_темнее,яркость_асимметрия:слабая,яркость_асимметрия:слабая,насыщенность_асимметрия:слабая,насыщенность_асимметрия:слабая,разнообразие_оттенка:низкое,разнообразие_насыщенности:среднее,разнообразие_яркости:среднее,вариабельность_оттенка:низкая,вариабельность_насыщенности:средняя,вариабельность_яркости:средняя,насыщенность:средняя,яркость:средняя,энергия_текстуры:низкая,энтропия_текстуры:высокая,энтропия_lbp:средняя,среднее_lbp:среднее,разброс_lbp:средний,медиана_lbp:типичная,темные_пиксели:нет,белые_пиксели:нет,красные_пиксели:преобладают,синие_пиксели:нет,яркие_выбросы:единичные,темные_выбросы:нет
/kaggle/input/datasets/mihailodin1/all-image-skin/1133.jpg,success,15.49926702939487,113.46346562560255,159.87656500837343,2.201422745712323,18.336954699657724,16.125427520366436,0.23738511255658729,0.3354581337750716,0.4271567509965502,0.15461338082768356,1.5771106373522785,1.4546204631916795,1.378573115388436,0.389521369836354,"[[16, 128, 152], [13, 104, 159], [17, 103, 171]]",0.0,0.0,0.29555720689199466,0.0,0.24915065326618446,10.74293430702437,8.572967961870944,6.750824599044222,-16.79416465966935,20.03529012217564,8.521231389846577,17.83599529031224,0.012888367971679821,0.010828048936368422,461579,5429.846007108688,7.9921659310478335,0.19673466041490534,7.4358108108108105,0.992131869539962,0.7817158902499538,0.7084909193609784,106668.19807805457,1.1318587623473995,1.0473272115899914,0.13508462651383527,0.9326503344856655,0.4698535295455601,4.31274809347742,0.19537182008888268,2.158804734567283,5.14859065554252,2.3692806715365196,5.0,71.66656369289728,1.0,3.7139713401753864,0.45665792559757323,0.6973548161243677,слабая,фестончатые,низкий,монотонная,неоднородная,лобуляции выраженные,слабо пигментированная,вытянутая,без выраженного ободка,цвет однородный,грубая,неправильная,желтовато-коричневый,хаотичная,размер:средний,периметр:большой,выпуклость:низкая,плотность:низкая,заполнение_bbox:среднее,вариация_радиуса:высокая,граница:сильно_изрезанная,форма:сильно_вытянутая,отношение_периметр_площадь:высокое,красный:понижен,зеленый:повышен,синий:норма,контраст:очень_слабый,центр:оттенок_как_периферия,насыщенность_центра:равна,яркость_центра:равная,ободок:светлее,яркость_асимметрия:слабая,яркость_асимметрия:сильная_низ_верх,насыщенность_асимметрия:слабая,насыщенность_асимметрия:слабая,разнообразие_оттенка:низкое,разнообразие_насыщенности:низкое,разнообразие_яркости:низкое,вариабельность_оттенка:низкая,вариабельность_насыщенности:низкая,вариабельность_яркости:низкая,насыщенность:средняя,яркость:средняя,энергия_текстуры:низкая,энтропия_текстуры:высокая,энтропия_lbp:высокая,среднее_lbp:высокое,разброс_lbp:высокий,медиана_lbp:типичная,темные_пиксели:нет,белые_пиксели:нет,красные_пиксели:мало,синие_пиксели:нет,яркие_выбросы:много,темные_выбросы:умеренно
/kaggle/input/datasets/mihailodin1/all-image-skin/1134.jpg,success,7.628286180977195,175.5358635280513,129.08932482391282,2.2469143913484166,38.565658333036374,27.837930597672127,0.18436659929136032,0.275854665679921,0.539778730847282,0.18078155530005327,2.108842633592744,1.9423099409494589,59.31575105057196,28.286240065756193,"[[7, 110, 169], [7, 206, 106], [9, 169, 141]]",0.0,3.5042225882188036e-05,0.998775712233241,0.0,-0.9734214444970632,47.49318728555642,-37.605983518405694,7.03305864985856,-9.521390105982647,15.885737970285803,-10.97096033971809,-33.315942248907646,0.019807618179906786,0.006029452990853979,456592,2755.301850795746,4.077603890845745,0.7557876552790385,1.510172143974961,0.7745997713997645,0.9744142421481025,0.7404574829518272,4185.914781657801,1.078893900883526,0.954770614509997,0.1599877843002632,0.9210046374176478,0.3569031446092781,4.9244499172660285,0.23625109118323942,2.049956852948563,5.001928859261611,2.08646673985802,5.0,129.48373931430427,1.0,0.6423859576873627,0.7841284245103789,0.419652121548373,умеренная,умеренно неровные,выраженный,монотонная,неоднородная,лобуляции слабые,с примесью красного или синего,вытянутая,тёмный ободок по краю,цвет однородный,грубая,овальная,красноватый,средне упорядоченная,размер:средний,периметр:средний,выпуклость:средняя,плотность:высокая,заполнение_bbox:среднее,вариация_радиуса:высокая,граница:сильно_изрезанная,форма:умеренно_вытянутая,отношение_периметр_площадь:среднее,красный:повышен,зеленый:понижен,синий:понижен,контраст:выраженный,центр:оттенок_как_периферия,насыщенность_центра:умеренно_выше,яркость_центра:темнее,ободок:слегка_темнее,яркость_асимметрия:слабая,яркость_асимметрия:сильная_низ_верх,насыщенность_асимметрия:слабая,насыщенность_асимметрия:слабая,разнообразие_оттенка:низкое,разнообразие_насыщенности:среднее,разнообразие_яркости:среднее,вариабельность_оттенка:низкая,вариабельность_насыщенности:средняя,вариабельность_яркости:средняя,насыщенность:высокая,яркость:средняя,энергия_текстуры:низкая,энтропия_текстуры:высокая,энтропия_lbp:средняя,среднее_lbp:среднее,разброс_lbp:средний,медиана_lbp:типичная,темные_пиксели:нет,белые_пиксели:нет,красные_пиксели:преобладают,синие_пиксели:нет,яркие_выбросы:много,темные_выбросы:нет
/kaggle/input/datasets/mihailodin1/all-image-skin/1135.jpg,success,5.995661753319842,180.06825721442084,151.57004250046631,2.1211620786811873,30.046745525390598,25.264606692284623,0.17653318196133633,0.2556050510589906,0.5678617632331385,0.0655668996534389,1.901508847428422,1.8766216245923621,48.436963950240916,22.082429295123898,"[[6, 205, 128], [4, 132, 185], [7, 181, 158]]",0.0,0.0,0.9998934157584801,0.0,1.258365821082947,35.38688699341344,-30.317336912920496,0.04781124719730201,-0.8033645185009846,6.753238091041936,-0.23899913751299096,-29.767436852411976,0.009142929467878175,0.026063177809160915,300232,2202.039877295494,4.0188027409873746,0.7780660833870343,0.7457846952010376,0.7041039246971439,0.9702649685069142,0.6772277674392376,1839.5922934959538,1.063312450210421,0.9709658819008554,0.2593275865711879,0.8804888101730611,0.3466550506733827,4.977878775031332,0.2723842137953031,1.9561695186832893,4.73060381729365,1.9221842701588006,5.0,74.8060027216701,1.0,0.35205196234857195,0.6402106497128183,0.41991647051092684,слабая,умеренно неровные,выраженный,монотонная,неоднородная,лобуляции слабые,с примесью красного или синего,умеренно вытянутая,тёмный ободок по краю,цвет однородный,грубая,овальная,красноватый,упорядоченная,размер:маленький,периметр:средний,выпуклость:средняя,плотность:высокая,заполнение_bbox:низкое,вариация_радиуса:средняя,граница:сильно_изрезанная,форма:умеренно_вытянутая,отношение_периметр_площадь:среднее,красный:повышен,зеленый:понижен,синий:понижен,контраст:умеренный,центр:оттенок_как_периферия,насыщенность_центра:умеренно_выше,яркость_центра:темнее,ободок:слегка_темнее,яркость_асимметрия:слабая,яркость_асимметрия:слабая,насыщенность_асимметрия:слабая,насыщенность_асимметрия:слабая,разнообразие_оттенка:низкое,разнообразие_насыщенности:низкое,разнообразие_яркости:среднее,вариабельность_оттенка:низкая,вариабельность_насыщенности:средняя,вариабельность_яркости:средняя,насыщенность:высокая,яркость:средняя,энергия_текстуры:низкая,энтропия_текстуры:высокая,энтропия_lbp:низкая,среднее_lbp:низкое,разброс_lbp:низкий,медиана_lbp:типичная,темные_пиксели:нет,белые_пиксели:нет,красные_пиксели:преобладают,синие_пиксели:нет,яркие_выбросы:единичные,темные_выбросы:умеренно
/kaggle/input/datasets/mihailodin1/all-image-skin/1136.jpg,success,9.871298656834545,141.52254987172543,175.54099957591714,1.9707242365650006,33.8486099955268,19.034789233199096,0.21865504447092132,0.3042075915688511,0.4771373612421312,0.49057000734658524,2.0963629670743362,1.559112112874366,26.076681517068828,9.975258489145554,"[[11, 137, 179], [10, 184, 153], [9, 107, 193]]",0.0,0.0,0.993365832357103,0.0,-0.3506217171809567,37.472988508609205,-18.712741809722758,-6.308783697625728,12.140539574552918,18.75706984341147,-32.43232671106534,-9.467785748969732,0.0002813222987810767,0.03455225666670866,238161,1913.8418312072754,3.9216670588132487,0.8170872309092245,0.6526162790697675,0.7996267576131614,0.9925649628039759,0.7709671362718186,2495.664895091684,1.0437882672597285,0.9892641156098588,0.18147853800854283,0.9098262095450185,0.36918663319672973,4.818377960620914,0.210906045945123,2.0953341757483837,4.949910342727611,2.17525283115942,5.0,126.17507186216838,1.0,0.3998133788065807,0.7171673020094053,0.4184885492330751,умеренная,умеренно неровные,умеренный,монотонная,неоднородная,лобуляции слабые,с примесью красного или синего,умеренно вытянутая,без выраженного ободка,цвет однородный,грубая,овальная,красноватый,средне упорядоченная,размер:маленький,периметр:средний,выпуклость:высокая,плотность:высокая,заполнение_bbox:среднее,вариация_радиуса:средняя,граница:сильно_изрезанная,форма:умеренно_вытянутая,отношение_периметр_площадь:среднее,красный:норма,зеленый:норма,синий:норма,контраст:умеренный,центр:оттенок_как_периферия,насыщенность_центра:умеренно_выше,яркость_центра:равная,ободок:одинаковый,яркость_асимметрия:слабая,яркость_асимметрия:сильная_низ_верх,насыщенность_асимметрия:слабая,насыщенность_асимметрия:сильная_верх_низ,разнообразие_оттенка:среднее,разнообразие_насыщенности:среднее,разнообразие_яркости:низкое,вариабельность_оттенка:низкая,вариабельность_насыщенности:средняя,вариабельность_яркости:низкая,насыщенность:средняя,яркость:высокая,энергия_текстуры:низкая,энтропия_текстуры:высокая,энтропия_lbp:средняя,среднее_lbp:среднее,разброс_lbp:средний,медиана_lbp:типичная,темные_пиксели:нет,белые_пиксели:нет,красные_пиксели:преобладают,синие_пиксели:нет,яркие_выбросы:нет,темные_выбросы:умеренно
/kaggle/input/datasets/mihailodin1/all-image-skin/1137.jpg,success,10.748154431802021,159.2423547473972,178.68610084920596,1.9078372485991246,33.772407108456775,26.166620257662426,0.1962969908751647,0.3049854362138507,0.49871757011995843,0.6392008188964624,2.0647365268888764,1.8579400980418412,39.54462071517197,14.964186790618728,"[[11, 160, 183], [10, 195, 150], [11, 120, 206]]",0.0,0.0,0.9785539509667515,0.0,-0.6237874014431242,49.40985903689776,-36.395795855515104,7.110770500245536,-9.528789531070117,9.2226269288239,-8.968798707652354,-28.93077972676363,0.0007196660749412273,0.017281581346255338,104215,1229.6366448402405,3.8090062109253577,0.8661368225391608,0.7811704834605598,0.6509393668809185,0.9939911297629834,0.863772368235655,406.83940294894177,1.029542382971101,0.9542505164132862,0.2582659292739345,0.8776639767071527,0.3027456237574653,5.16221378479257,0.269459456846461,1.9890085983453578,4.739512534684288,1.976407712785755,4.0,121.26042796164789,1.0,0.32546968344045923,0.8227850533386118,0.339784273287225,умеренная,умеренно неровные,умеренный,монотонная,неоднородная,лобуляции слабые,с примесью красного или синего,умеренно вытянутая,тёмный ободок по краю,цвет однородный,грубая,округлая,красноватый,упорядоченная,размер:маленький,периметр:средний,выпуклость:высокая,плотность:высокая,заполнение_bbox:высокое,вариация_радиуса:низкая,граница:сильно_изрезанная,форма:умеренно_вытянутая,отношение_периметр_площадь:среднее,красный:норма,зеленый:норма,синий:понижен,контраст:умеренный,центр:оттенок_как_периферия,насыщенность_центра:умеренно_выше,яркость_центра:темнее,ободок:слегка_темнее,яркость_асимметрия:слабая,яркость_асимметрия:слабая,насыщенность_асимметрия:слабая,насыщенность_асимметрия:слабая,разнообразие_оттенка:среднее,разнообразие_насыщенности:среднее,разнообразие_яркости:среднее,вариабельность_оттенка:низкая,вариабельность_насыщенности:средняя,вариабельность_яркости:средняя,насыщенность:средняя,яркость:высокая,энергия_текстуры:низкая,энтропия_текстуры:высокая,энтропия_lbp:низкая,среднее_lbp:низкое,разброс_lbp:низкий,медиана_lbp:ниже_нормы,темные_пиксели:нет,белые_пиксели:нет,красные_пиксели:преобладают,синие_пиксели:нет,яркие_выбросы:нет,темные_выбросы:умеренно
/kaggle/input/datasets/mihailodin1/all-image-skin/1138.jpg,success,10.667147367684601,171.29364301894023,125.46105495415594,2.2122702481374916,36.82789048694092,30.672695189447076,0.18470221536621328,0.30275338014266184,0.512544400405838,0.6602033244517422,2.153854442082091,2.0013893067885418,38.97318646923849,19.84640411410036,"[[9, 209, 90], [11, 178, 129], [12, 127, 158]]",0.00190669258367661,0.0,0.9647586349688038,0.0,-2.301926462127227,49.36753307080684,-42.88731785938809,5.256104064068708,-6.818626113482935,11.001118128681355,-17.750140138938917,-23.314540334152795,0.00022558923599415323,0.032840230286436525,323597,2293.449914932251,4.0316889371041515,0.773100279174516,0.8885448916408669,0.4647882247153999,0.9673703783421821,0.8726901543672668,856.2605322072117,1.061874382696226,1.0077331500747826,0.19823990284010962,0.9034861436449769,0.3116794026272217,5.098117796183479,0.2448828139555103,2.027537930015797,4.877302423211159,2.038383649668705,5.0,135.38276583749408,1.0,0.23239411235769994,0.9137990294813985,0.4213143554739436,умеренная,умеренно неровные,выраженный,монотонная,неоднородная,лобуляции слабые,с примесью красного или синего,умеренно вытянутая,тёмный ободок по краю,цвет умеренно неоднородный,грубая,овальная,красноватый,средне упорядоченная,размер:маленький,периметр:средний,выпуклость:средняя,плотность:средняя,заполнение_bbox:высокое,вариация_радиуса:средняя,граница:сильно_изрезанная,форма:округлая,отношение_периметр_площадь:среднее,красный:норма,зеленый:норма,синий:понижен,контраст:умеренный,центр:оттенок_как_периферия,насыщенность_центра:умеренно_выше,яркость_центра:темнее,ободок:слегка_темнее,яркость_асимметрия:слабая,яркость_асимметрия:слабая,насыщенность_асимметрия:слабая,насыщенность_асимметрия:слабая,разнообразие_оттенка:среднее,разнообразие_насыщенности:среднее,разнообразие_яркости:среднее,вариабельность_оттенка:низкая,вариабельность_насыщенности:средняя,вариабельность_яркости:средняя,насыщенность:высокая,яркость:средняя,энергия_текстуры:низкая,энтропия_текстуры:высокая,энтропия_lbp:средняя,среднее_lbp:низкое,разброс_lbp:низкий,медиана_lbp:типичная,темные_пиксели:единичные,белые_пиксели:нет,красные_пиксели:много,синие_пиксели:нет,яркие_выбросы:нет,темные_выбросы:умеренно
/kaggle/input/datasets/mihailodin1/all-image-skin/1139.jpg,success,9.418829082864743,172.11631190714735,144.37745123887532,2.2512303256120507,29.088491930018773,42.30826852368561,0.18512000396449646,0.29368986980088246,0.5211901226247075,0.4869685493907146,1.9462756212977017,2.2103011102340284,54.62736107053843,24.43057496363088,"[[11, 140, 187], [7, 202, 94], [10, 175, 153]]",0.002841591525612407,0.0,0.9936137427568711,0.0,-2.8901585689491043,40.20140813114563,-67.60565818049906,-18.70504244049468,11.17696520666533,-3.847611458248508,1.3263237802055698,-52.986689054842856,0.0,0.007833418288131522,170679,1549.3077795505524,3.750141517005735,0.8935411350733967,1.0286975717439293,0.5551156276243955,0.990293121054586,0.808529687633232,278.10135233139124,1.0319398253319516,1.0179934469191831,0.17015915430822848,0.916097044470111,0.3077389981123459,5.13419424564915,0.23018870151173632,2.0509428611498737,4.985826734484346,2.0710726827623622,5.0,145.75316776620787,1.0,0.2919065996841624,0.9107507527384575,0.23165974804095762,умеренная,ровные,выраженный,монотонная,неоднородная,лобуляции слабые,с примесью красного или синего,умеренно вытянутая,тёмный ободок по краю,цвет умеренно неоднородный,грубая,округлая,красноватый,средне упорядоченная,размер:маленький,периметр:средний,выпуклость:высокая,плотность:высокая,заполнение_bbox:высокое,вариация_радиуса:низкая,граница:сильно_изрезанная,форма:умеренно_вытянутая,отношение_периметр_площадь:среднее,красный:повышен,зеленый:норма,синий:понижен,контраст:выраженный,центр:оттенок_как_периферия,насыщенность_центра:умеренно_выше,яркость_центра:значительно_темнее,ободок:темнее_центра,яркость_асимметрия:сильная_лево_право,яркость_асимметрия:слабая,насыщенность_асимметрия:слабая,насыщенность_асимметрия:слабая,разнообразие_оттенка:среднее,разнообразие_насыщенности:низкое,разнообразие_яркости:высокое,вариабельность_оттенка:низкая,вариабельность_насыщенности:низкая,вариабельность_яркости:высокая,насыщенность:высокая,яркость:средняя,энергия_текстуры:низкая,энтропия_текстуры:высокая,энтропия_lbp:средняя,среднее_lbp:среднее,разброс_lbp:средний,медиана_lbp:типичная,темные_пиксели:единичные,белые_пиксели:нет,красные_пиксели:преобладают,синие_пиксели:нет,яркие_выбросы:нет,темные_выбросы:нет
/kaggle/input/datasets/mihailodin1/all-image-skin/114.jpg,success,12.500278246277889,102.9078067876058,187.6255818526124,5.234761723721526,54.130351472837326,28.719975052110573,0.2598844971509516,0.3249545280058374,0.4151609726303021,0.8356926309667954,2.5325373306494106,1.8410835484827965,46.395916797825365,14.401066899079582,"[[11, 164, 157], [5, 45, 210], [15, 75, 203]]",0.0,0.060342334896856864,0.5442376219301261,0.0,1.8524094524816235,10.284678304628358,0.371244144267564,-10.568175453107017,8.6939874187062,-17.61556489751615,32.897025800631155,-8.611023576909844,3.2595312373496016e-05,0.06279329209500588,951057,5021.667629003525,5.149258461310259,0.47393685405383496,1.3183779119930974,0.8937580192030848,0.8394170505305839,0.5370314949247637,35935.99107837973,1.2111473966286634,0.9718158361912547,0.1950054440002074,0.9049843041813036,0.29292020225938503,5.306977235270576,0.20656447642752346,2.1079332938636997,4.915428074566224,2.2102775298051647,5.0,82.28308547133807,1.0,0.6060679655980912,1.2119184804485619,0.4603501656096704,умеренная,фестончатые,умеренный,монотонная,неоднородная,лобуляции слабые,слабо пигментированная,вытянутая,без выраженного ободка,цвет умеренно неоднородный,грубая,неправильная,красноватый,хаотичная,размер:крупный,периметр:большой,выпуклость:низкая,плотность:низкая,заполнение_bbox:низкое,вариация_радиуса:высокая,граница:сильно_изрезанная,форма:сильно_вытянутая,отношение_периметр_площадь:высокое,красный:понижен,зеленый:повышен,синий:повышен,контраст:умеренный,центр:оттенок_как_периферия,насыщенность_центра:равна,яркость_центра:равная,ободок:одинаковый,яркость_асимметрия:слабая,яркость_асимметрия:сильная_верх_низ,насыщенность_асимметрия:слабая,насыщенность_асимметрия:сильная_низ_верх,разнообразие_оттенка:высокое,разнообразие_насыщенности:высокое,разнообразие_яркости:среднее,вариабельность_оттенка:средняя,вариабельность_насыщенности:высокая,вариабельность_яркости:средняя,насыщенность:средняя,яркость:высокая,энергия_текстуры:низкая,энтропия_текстуры:высокая,энтропия_lbp:высокая,среднее_lbp:среднее,разброс_lbp:средний,медиана_lbp:типичная,темные_пиксели:нет,белые_пиксели:присутствуют,красные_пиксели:умеренно,синие_пиксели:нет,яркие_выбросы:нет,темные_выбросы:много
/kaggle/input/datasets/mihailodin1/all-image-skin/1140.jpg,success,9.882421285134537,161.70716219269806,168.72267082320715,1.8364718239057214,36.556260868513824,29.58845655896829,0.19638840323291532,0.29895973242033025,0.5046518613557401,0.4547300174996382,2.0852601276292115,2.009652809252049,57.7594025208842,21.9294351009867,"[[11, 163, 173], [9, 194, 140], [9, 104, 210]]",0.0,0.0,0.9961140035754856,0.0,-0.44243922995845253,39.296951814747274,-31.153260208344193,-2.7356205285966837,-2.072447678012793,15.834746712884282,-13.925539396287007,-39.304526008128164,0.012248267211444014,0.011143033260009746,650541,3162.6399443149567,3.9211406025984914,0.8173066515172605,1.1137387387387387,0.41355332989179033,0.9759793684513737,0.7407393490558304,1384.3149630630185,1.0612190294000423,0.9522535678030674,0.2294066455302269,0.8895238529034842,0.3023571769575802,5.203892278398801,0.2561857955748097,2.004750368170216,4.778568989677852,2.003480671542111,5.0,105.46100556883069,1.0,0.26364603431526457,0.8363454061132548,0.4132198363748742,умеренная,умеренно неровные,выраженный,монотонная,неоднородная,лобуляции слабые,с примесью красного или синего,умеренно вытянутая,тёмный ободок по краю,цвет однородный,грубая,овальная,красноватый,средне упорядоченная,размер:средний,периметр:большой,выпуклость:средняя,плотность:высокая,заполнение_bbox:среднее,вариация_радиуса:средняя,граница:сильно_изрезанная,форма:округлая,отношение_периметр_площадь:среднее,красный:норма,зеленый:норма,синий:понижен,контраст:выраженный,центр:оттенок_как_периферия,насыщенность_центра:умеренно_выше,яркость_центра:темнее,ободок:слегка_темнее,яркость_асимметрия:слабая,яркость_асимметрия:сильная_низ_верх,насыщенность_асимметрия:слабая,насыщенность_асимметрия:слабая,разнообразие_оттенка:среднее,разнообразие_насыщенности:среднее,разнообразие_яркости:среднее,вариабельность_оттенка:низкая,вариабельность_насыщенности:средняя,вариабельность_яркости:средняя,насыщенность:высокая,яркость:средняя,энергия_текстуры:низкая,энтропия_текстуры:высокая,энтропия_lbp:средняя,среднее_lbp:низкое,разброс_lbp:низкий,медиана_lbp:типичная,темные_пиксели:нет,белые_пиксели:нет,красные_пиксели:преобладают,синие_пиксели:нет,яркие_выбросы:много,темные_выбросы:умеренно
/kaggle/input/datasets/mihailodin1/all-image-skin/1141.jpg,success,9.48456572907089,149.01284551304985,183.21045203931712,2.1574036737885955,30.980141361278903,24.959793631331372,0.2103302646247714,0.29974310717047453,0.4899266255306346,0.4282921869932461,2.0676861287852253,1.8144821312750856,35.71841319788,13.187281539407026,"[[9, 113, 207], [9, 187, 148], [10, 155, 185]]",0.0,0.0,0.997775650371267,0.0,0.5563458422044931,25.595190085421365,-15.56886500177552,-9.334811292642257,10.688555079700706,-8.59790011924477,12.549866619018303,-10.916700334175715,0.00033796539177824946,0.04805754744595735,707173,3788.57810485363,4.505193092839621,0.6191317057595874,0.9270729270729271,0.40839850335516253,0.9090433470320632,0.7612785920975577,3256.639644459784,1.142970060062856,1.013903159117799,0.21769753766768904,0.9001126201401961,0.3319919983132706,5.058913828442636,0.2208429212438724,2.0716505269961663,4.892529175911094,2.1372041972292215,5.0,82.89153404000741,1.0,0.20419925167758127,0.7383858524673674,0.43249846394411473,умеренная,фестончатые,умеренный,монотонная,неоднородная,лобуляции слабые,с примесью красного или синего,умеренно вытянутая,без выраженного ободка,цвет однородный,грубая,неправильная,красноватый,средне упорядоченная,размер:средний,периметр:большой,выпуклость:низкая,плотность:средняя,заполнение_bbox:среднее,вариация_радиуса:высокая,граница:сильно_изрезанная,форма:округлая,отношение_периметр_площадь:высокое,красный:норма,зеленый:норма,синий:норма,контраст:умеренный,центр:оттенок_как_периферия,насыщенность_центра:умеренно_выше,яркость_центра:равная,ободок:слегка_темнее,яркость_асимметрия:слабая,яркость_асимметрия:слабая,насыщенность_асимметрия:слабая,насыщенность_асимметрия:слабая,разнообразие_оттенка:среднее,разнообразие_насыщенности:среднее,разнообразие_яркости:среднее,вариабельность_оттенка:низкая,вариабельность_насыщенности:средняя,вариабельность_яркости:средняя,насыщенность:средняя,яркость:высокая,энергия_текстуры:низкая,энтропия_текстуры:высокая,энтропия_lbp:средняя,среднее_lbp:низкое,разброс_lbp:средний,медиана_lbp:типичная,темные_пиксели:нет,белые_пиксели:нет,красные_пиксели:преобладают,синие_пиксели:нет,яркие_выбросы:нет,темные_выбросы:много
/kaggle/input/datasets/mihailodin1/all-image-skin/1142.jpg,success,7.797104362163124,185.48609964566478,119.6356760944386,1.7967438470860495,30.930261552714544,30.35380684511964,0.16765215811468662,0.2715542449034403,0.5607935922943618,0.09872669053937604,1.89662918715057,1.9873839899075225,57.31002297799776,30.05103844654946,"[[9, 187, 129], [7, 209, 93], [9, 140, 161]]",1.2700186692744384e-05,0.0,0.999777746732877,0.0,-0.8954508746564613,27.03651089635457,-28.439624407560785,0.7323430515300373,0.38691257679124647,-0.710531036056949,-5.617668096039523,-52.645187947419885,0.010998361675916637,0.002349534538157711,157478,1504.5798577070236,3.791449695699127,0.874176782153974,0.9081196581196581,0.4080413992944643,0.9859444162706686,0.7917445952740071,120.58271900828468,1.0486126737657215,0.9767534136872822,0.17537111704102334,0.9139664288446459,0.3620000633052638,4.874578975952096,0.24252906697415202,2.012142753517893,4.980288908106723,1.9963875465682153,5.0,63.81904093898957,1.0,0.20402069964723216,0.6974138181827207,0.1037411002543458,слабая,умеренно неровные,выраженный,монотонная,неоднородная,лобуляции отсутствуют,с примесью красного или синего,умеренно вытянутая,тёмный ободок по краю,цвет однородный,грубая,округлая,красноватый,средне упорядоченная,размер:маленький,периметр:средний,выпуклость:высокая,плотность:высокая,заполнение_bbox:среднее,вариация_радиуса:низкая,граница:сильно_изрезанная,форма:округлая,отношение_периметр_площадь:среднее,красный:повышен,зеленый:понижен,синий:понижен,контраст:выраженный,центр:оттенок_как_периферия,насыщенность_центра:умеренно_выше,яркость_центра:темнее,ободок:темнее_центра,яркость_асимметрия:слабая,яркость_асимметрия:слабая,насыщенность_асимметрия:слабая,насыщенность_асимметрия:слабая,разнообразие_оттенка:низкое,разнообразие_насыщенности:низкое,разнообразие_яркости:среднее,вариабельность_оттенка:низкая,вариабельность_насыщенности:средняя,вариабельность_яркости:средняя,насыщенность:высокая,яркость:средняя,энергия_текстуры:низкая,энтропия_текстуры:высокая,энтропия_lbp:средняя,среднее_lbp:среднее,разброс_lbp:низкий,медиана_lbp:типичная,темные_пиксели:нет,белые_пиксели:нет,красные_пиксели:преобладают,синие_пиксели:нет,яркие_выбросы:много,темные_выбросы:нет
/kaggle/input/datasets/mihailodin1/all-image-skin/1143.jpg,success,9.480141796793689,152.0702253118987,156.17551983117124,2.3753594195874332,44.06365235454313,29.83225677809258,0.21167140000298615,0.30049609842346797,0.4878324984499257,0.4670897079937065,2.268683175676141,2.002514046549343,61.400744500374834,23.80089018543655,"[[8, 87, 193], [9, 191, 129], [11, 144, 168]]",0.0,0.0,0.9886909564893551,0.0,-0.2599601807501557,59.782828057142154,-38.96164508891161,-0.9513577865612319,-9.57266517000923,5.701509632794796,-8.800692002788253,-34.553282121186896,0.002222084290236484,0.015095276519148408,80555,1081.4772645235062,3.810405039392302,0.8655010085290444,1.1712328767123288,0.5097826108979739,0.9918123614873184,0.8066470399743652,202.7742595795794,1.0360331937536662,0.9517023932140743,0.26114996410854197,0.8806167922527403,0.28574491193104307,5.290736335270353,0.27398396461155655,1.9591778329269687,4.7566918842838115,1.9162416861814398,5.0,124.03065791895743,1.0,0.34050774380515136,0.9349101656443648,0.17468982749198633,умеренная,умеренно неровные,выраженный,монотонная,неоднородная,лобуляции отсутствуют,с примесью красного или синего,умеренно вытянутая,тёмный ободок по краю,цвет умеренно неоднородный,грубая,округлая,красноватый,упорядоченная,размер:очень_маленький,периметр:средний,выпуклость:высокая,плотность:высокая,заполнение_bbox:высокое,вариация_радиуса:низкая,граница:сильно_изрезанная,форма:умеренно_вытянутая,отношение_периметр_площадь:среднее,красный:норма,зеленый:норма,синий:норма,контраст:выраженный,центр:оттенок_как_периферия,насыщенность_центра:умеренно_выше,яркость_центра:темнее,ободок:слегка_темнее,яркость_асимметрия:слабая,яркость_асимметрия:слабая,насыщенность_асимметрия:слабая,насыщенность_асимметрия:слабая,разнообразие_оттенка:среднее,разнообразие_насыщенности:среднее,разнообразие_яркости:среднее,вариабельность_оттенка:низкая,вариабельность_насыщенности:средняя,вариабельность_яркости:средняя,насыщенность:средняя,яркость:средняя,энергия_текстуры:низкая,энтропия_текстуры:высокая,энтропия_lbp:низкая,среднее_lbp:низкое,разброс_lbp:низкий,медиана_lbp:типичная,темные_пиксели:нет,белые_пиксели:нет,красные_пиксели:преобладают,синие_пиксели:нет,яркие_выбросы:единичные,темные_выбросы:умеренно
/kaggle/input/datasets/mihailodin1/all-image-skin/1144.jpg,success,7.7283785558039755,153.5824942667887,154.3652990620171,2.4012534760184177,33.47618926531033,25.391290695802617,0.20961359828541967,0.28680005394185665,0.5035863445104175,0.1385477041219289,2.0909376888358304,1.8657273506996095,39.15779726672408,16.857289975634703,"[[5, 110, 181], [8, 185, 130], [9, 150, 162]]",0.00012303028513498883,0.0,0.9995128000708654,0.0,1.097804542139599,46.767720699177346,-31.70898060581851,-4.865385318815868,8.775128438730036,13.535786851381175,-13.262751499232678,-22.474847932728466,0.0011712483144850937,0.027935256542750562,406404,2435.6895911693573,3.8207001311226443,0.8608430101694678,0.8419023136246787,0.6033969225000223,0.9866497694845631,0.7975117251123452,1048.8208721934009,1.0440478976888679,0.9172305728416733,0.1743443378962791,0.921152919104972,0.3482037358722763,4.917185198982708,0.21117580710589587,2.1081602400022446,5.079394682945652,2.211792346000784,5.0,120.01355795529521,1.0,0.30169846125001115,0.7033535081755589,0.410838140527538,умеренная,умеренно неровные,выраженный,монотонная,неоднородная,лобуляции слабые,с примесью красного или синего,умеренно вытянутая,тёмный ободок по краю,цвет однородный,грубая,округлая,красноватый,средне упорядоченная,размер:средний,периметр:средний,выпуклость:высокая,плотность:высокая,заполнение_bbox:среднее,вариация_радиуса:средняя,граница:сильно_изрезанная,форма:умеренно_вытянутая,отношение_периметр_площадь:среднее,красный:норма,зеленый:норма,синий:норма,контраст:умеренный,центр:оттенок_как_периферия,насыщенность_центра:умеренно_выше,яркость_центра:темнее,ободок:слегка_темнее,яркость_асимметрия:слабая,яркость_асимметрия:слабая,насыщенность_асимметрия:слабая,насыщенность_асимметрия:слабая,разнообразие_оттенка:низкое,разнообразие_насыщенности:среднее,разнообразие_яркости:среднее,вариабельность_оттенка:низкая,вариабельность_насыщенности:средняя,вариабельность_яркости:средняя,насыщенность:средняя,яркость:средняя,энергия_текстуры:низкая,энтропия_текстуры:высокая,энтропия_lbp:высокая,среднее_lbp:среднее,разброс_lbp:средний,медиана_lbp:типичная,темные_пиксели:нет,белые_пиксели:нет,красные_пиксели:преобладают,синие_пиксели:нет,яркие_выбросы:единичные,темные_выбросы:умеренно
/kaggle/input/datasets/mihailodin1/all-image-skin/1145.jpg,success,8.468184328375314,141.69741654685615,183.8625483918668,3.27279691194229,41.18088066075086,27.78602029489227,0.22375532270715642,0.2969362295421132,0.4793084451438426,0.511795688937253,2.3124243573911327,1.8369187912126645,51.58964820897521,17.855574922821656,"[[3, 93, 207], [10, 120, 200], [8, 185, 156]]",0.0,2.494196539124145e-05,0.9862249088282087,1.7815689565172464e-06,-0.6774209207115263,61.31179334590155,-39.70202707788624,-0.2218577405658948,4.665847009615902,19.62928943261477,-25.16931002906142,-26.73162271923013,8.907844782586232e-06,0.055618801253511915,561303,3160.1618033647537,4.218039455290035,0.7062989952571216,1.0558194774346794,0.4399367234898742,0.9497255573453172,0.7498657382791521,810.6127992441045,1.1346055274440425,0.970279382088286,0.2039063184956946,0.9007936500389597,0.29851918328743265,5.229537878463783,0.222763047024866,2.071654959067601,4.876729593574643,2.1374265396373793,5.0,151.3775455563573,1.0,0.24787810046227682,0.9267111621888209,0.4134713009135399,умеренная,фестончатые,выраженный,монотонная,неоднородная,лобуляции слабые,с примесью красного или синего,умеренно вытянутая,тёмный ободок по краю,цвет умеренно неоднородный,грубая,овальная,красноватый,средне упорядоченная,размер:средний,периметр:большой,выпуклость:низкая,плотность:средняя,заполнение_bbox:среднее,вариация_радиуса:средняя,граница:сильно_изрезанная,форма:округлая,отношение_периметр_площадь:высокое,красный:норма,зеленый:норма,синий:норма,контраст:выраженный,центр:оттенок_как_периферия,насыщенность_центра:выше,яркость_центра:темнее,ободок:слегка_темнее,яркость_асимметрия:слабая,яркость_асимметрия:сильная_низ_верх,насыщенность_асимметрия:слабая,насыщенность_асимметрия:сильная_верх_низ,разнообразие_оттенка:среднее,разнообразие_насыщенности:высокое,разнообразие_яркости:среднее,вариабельность_оттенка:низкая,вариабельность_насыщенности:средняя,вариабельность_яркости:средняя,насыщенность:средняя,яркость:высокая,энергия_текстуры:низкая,энтропия_текстуры:высокая,энтропия_lbp:средняя,среднее_lbp:низкое,разброс_lbp:средний,медиана_lbp:типичная,темные_пиксели:нет,белые_пиксели:нет,красные_пиксели:преобладают,синие_пиксели:нет,яркие_выбросы:нет,темные_выбросы:много
/kaggle/input/datasets/mihailodin1/all-image-skin/1146.jpg,success,9.653833050368092,162.92533902871276,172.47808728731587,1.8224391820144512,34.34224950368218,25.90827445423411,0.19353771151474766,0.2961829567429255,0.5102793287838099,0.39744013917128,2.0787512945430766,1.8755626101425376,44.20491418183043,17.1899091334177,"[[11, 166, 176], [9, 119, 201], [9, 197, 144]]",0.0,0.0,0.9978220367040371,0.0,-0.7295883954369913,46.92361230595296,-34.643207386097856,1.7482246752960862,-3.839678880891455,19.17399441776331,-16.79735026528263,-30.796336338015237,0.000496614581642788,0.02321429730659621,308086,2120.309867501259,3.8199999098568838,0.8611586310294014,0.959375,0.47383993897847376,0.9904741696645866,0.7840136400651466,626.6576903633033,1.0404549718254323,0.946451323144467,0.18182042641705087,0.9123251217741183,0.3228086452262429,5.026587093885227,0.2184299449876753,2.0806382812776434,4.960185442139114,2.1445284959013846,5.0,123.85565632672129,1.0,0.23691996948923688,0.7626132471057979,0.4118635016916366,умеренная,умеренно неровные,выраженный,монотонная,неоднородная,лобуляции слабые,с примесью красного или синего,умеренно вытянутая,тёмный ободок по краю,цвет однородный,грубая,округлая,красноватый,средне упорядоченная,размер:маленький,периметр:средний,выпуклость:высокая,плотность:высокая,заполнение_bbox:среднее,вариация_радиуса:средняя,граница:сильно_изрезанная,форма:округлая,отношение_периметр_площадь:среднее,красный:норма,зеленый:норма,синий:понижен,контраст:умеренный,центр:оттенок_как_периферия,насыщенность_центра:умеренно_выше,яркость_центра:темнее,ободок:слегка_темнее,яркость_асимметрия:слабая,яркость_асимметрия:сильная_низ_верх,насыщенность_асимметрия:слабая,насыщенность_асимметрия:слабая,разнообразие_оттенка:низкое,разнообразие_насыщенности:среднее,разнообразие_яркости:среднее,вариабельность_оттенка:низкая,вариабельность_насыщенности:средняя,вариабельность_яркости:средняя,насыщенность:высокая,яркость:высокая,энергия_текстуры:низкая,энтропия_текстуры:высокая,энтропия_lbp:средняя,среднее_lbp:среднее,разброс_lbp:средний,медиана_lbp:типичная,темные_пиксели:нет,белые_пиксели:нет,красные_пиксели:преобладают,синие_пиксели:нет,яркие_выбросы:нет,темные_выбросы:умеренно
/kaggle/input/datasets/mihailodin1/all-image-skin/1147.jpg,success,8.279461596470135,101.45674681926924,177.43771816550674,4.421362862098272,18.670264877371853,18.972627976317238,0.26062867200590095,0.30789168232020525,0.4314796432421693,0.6892456480458761,1.6000438106217054,1.5518476959176635,5.0810203758365695,1.609044922498004,"[[3, 96, 185], [8, 99, 182], [13, 108, 165]]",0.0,0.0,0.920559890169639,0.0,-0.45889471972037654,10.613006047987511,4.457694528566066,-4.390839678624019,-10.698929337208611,20.521229506557006,2.888873443832736,10.173749711022168,0.0006701283166594171,0.04605467050891692,1471360,5434.513842344284,4.480239458539639,0.6260476803048495,1.8335146898803047,0.8252515099392627,0.9586662488052181,0.95017484493208,25147.76017809819,1.0651308097613972,0.966897137760168,0.15983663965352032,0.9212159897362101,0.45085537638476175,4.449948074085708,0.20049989081045852,2.1356937528833178,5.042154646406168,2.2889815703147725,5.0,54.029467262496325,1.0,0.8293830999097838,0.6961191026183023,0.45397871646205384,слабая,фестончатые,низкий,монотонная,неоднородная,лобуляции слабые,с примесью красного или синего,вытянутая,без выраженного ободка,цвет однородный,грубая,неправильная,красноватый,хаотичная,размер:крупный,периметр:большой,выпуклость:средняя,плотность:средняя,заполнение_bbox:высокое,вариация_радиуса:высокая,граница:сильно_изрезанная,форма:сильно_вытянутая,отношение_периметр_площадь:высокое,красный:понижен,зеленый:норма,синий:повышен,контраст:очень_слабый,центр:оттенок_как_периферия,насыщенность_центра:равна,яркость_центра:равная,ободок:светлее,яркость_асимметрия:слабая,яркость_асимметрия:сильная_низ_верх,насыщенность_асимметрия:слабая,насыщенность_асимметрия:слабая,разнообразие_оттенка:среднее,разнообразие_насыщенности:низкое,разнообразие_яркости:низкое,вариабельность_оттенка:низкая,вариабельность_насыщенности:низкая,вариабельность_яркости:низкая,насыщенность:средняя,яркость:высокая,энергия_текстуры:низкая,энтропия_текстуры:высокая,энтропия_lbp:высокая,среднее_lbp:среднее,разброс_lbp:высокий,медиана_lbp:типичная,темные_пиксели:нет,белые_пиксели:нет,красные_пиксели:много,синие_пиксели:нет,яркие_выбросы:нет,темные_выбросы:много
/kaggle/input/datasets/mihailodin1/all-image-skin/1148.jpg,success,7.93986945636511,191.13464540663153,97.58125291880712,2.9593081150927376,34.96307923571787,44.16337572648496,0.16814541146232906,0.2792134905436995,0.5526410923305775,0.3825297607288161,2.0136230797598995,2.263740774098145,78.21017174187168,42.81032906392754,"[[6, 215, 59], [11, 139, 160], [9, 196, 110]]",0.15067049169390886,0.0,0.9905864300487024,0.0,-3.7291754140563143,38.48864961420301,-61.68118612169571,13.646226114860895,-3.410051468286099,-13.06937809487168,-5.6247330259144235,-66.43661676778535,0.0034958969911268265,0.0,149890,1462.9890189170837,3.7788072207273973,0.8800359038112446,0.9040511727078892,0.5704562817755086,0.9885051407015624,0.7537615158707809,257.28441132781893,1.0419279221682025,0.9074739669606694,0.18426797034901052,0.9111712332164564,0.3495862234058702,5.039354346409331,0.24679558420389716,1.984521267740779,4.9726201782214225,1.9595340845957157,5.0,139.64939985388813,1.0,0.2852281408877543,0.985540593640657,0.2141596939663492,умеренная,ровные,выраженный,монотонная,неоднородная,лобуляции слабые,с примесью красного или синего,умеренно вытянутая,тёмный ободок по краю,цвет умеренно неоднородный,грубая,округлая,красноватый,средне упорядоченная,размер:маленький,периметр:средний,выпуклость:высокая,плотность:высокая,заполнение_bbox:среднее,вариация_радиуса:низкая,граница:сильно_изрезанная,форма:умеренно_вытянутая,отношение_периметр_площадь:среднее,красный:повышен,зеленый:понижен,синий:понижен,контраст:выраженный,центр:оттенок_как_периферия,насыщенность_центра:умеренно_выше,яркость_центра:значительно_темнее,ободок:темнее_центра,яркость_асимметрия:слабая,яркость_асимметрия:слабая,насыщенность_асимметрия:слабая,насыщенность_асимметрия:слабая,разнообразие_оттенка:низкое,разнообразие_насыщенности:среднее,разнообразие_яркости:высокое,вариабельность_оттенка:низкая,вариабельность_насыщенности:средняя,вариабельность_яркости:высокая,насыщенность:высокая,яркость:низкая,энергия_текстуры:низкая,энтропия_текстуры:высокая,энтропия_lbp:низкая,среднее_lbp:среднее,разброс_lbp:низкий,медиана_lbp:типичная,темные_пиксели:много,белые_пиксели:нет,красные_пиксели:преобладают,синие_пиксели:нет,яркие_выбросы:единичные,темные_выбросы:нет
/kaggle/input/datasets/mihailodin1/all-image-skin/1149.jpg,success,10.29573618546877,190.76101127397723,97.67805047464691,3.136735817801238,32.03343368413318,42.859244356187816,0.1611422969959715,0.30032796230022296,0.5385297351904919,0.651507756888132,1.8912403916363267,2.1970562006511734,81.58671930075424,42.892200874382596,"[[14, 141, 160], [8, 211, 62], [12, 195, 111]]",0.11651557518656384,0.0,0.8949899371293213,0.0,-3.8137858422011988,34.63922274522088,-57.136847761391586,-9.222422102490654,-4.627693643089373,-1.07025166952495,-1.863978708107112,-66.9003495644647,0.003223680695317648,0.0,112294,1286.2123266458511,3.838260011618218,0.8529843856289437,1.3232628398791542,0.6573840868662062,0.9869050130071012,0.7745588985915104,426.23717427713,1.0459049662186017,0.8854799493546881,0.17893497968793817,0.913006407497935,0.35499708663437407,4.987293544525888,0.26127520220240935,1.9343204982129611,4.9645257352610415,1.8736413327622956,5.0,112.37420247202576,1.0,0.4903234633726802,1.0163615802186177,0.35258775042748985,умеренная,умеренно неровные,выраженный,монотонная,неоднородная,лобуляции слабые,с примесью красного или синего,умеренно вытянутая,тёмный ободок по краю,цвет умеренно неоднородный,грубая,округлая,красноватый,упорядоченная,размер:маленький,периметр:средний,выпуклость:высокая,плотность:высокая,заполнение_bbox:среднее,вариация_радиуса:низкая,граница:сильно_изрезанная,форма:умеренно_вытянутая,отношение_периметр_площадь:среднее,красный:повышен,зеленый:норма,синий:понижен,контраст:сильный,центр:оттенок_как_периферия,насыщенность_центра:умеренно_выше,яркость_центра:значительно_темнее,ободок:темнее_центра,яркость_асимметрия:слабая,яркость_асимметрия:слабая,насыщенность_асимметрия:слабая,насыщенность_асимметрия:слабая,разнообразие_оттенка:среднее,разнообразие_насыщенности:низкое,разнообразие_яркости:высокое,вариабельность_оттенка:низкая,вариабельность_насыщенности:средняя,вариабельность_яркости:высокая,насыщенность:высокая,яркость:низкая,энергия_текстуры:низкая,энтропия_текстуры:высокая,энтропия_lbp:низкая,среднее_lbp:среднее,разброс_lbp:низкий,медиана_lbp:типичная,темные_пиксели:много,белые_пиксели:нет,красные_пиксели:много,синие_пиксели:нет,яркие_выбросы:единичные,темные_выбросы:нет
/kaggle/input/datasets/mihailodin1/all-image-skin/115.jpg,success,8.25929311377608,143.40812240129137,144.6141540923503,3.113961054247927,49.04715090210848,25.70171322547101,0.22495797052667443,0.2969919376240369,0.47805008854359493,0.41603443361669756,2.337482705030701,1.818967507317785,53.33881630894837,22.037610605729988,"[[10, 114, 162], [9, 185, 123], [4, 75, 176]]",0.0,7.961577427335678e-06,0.9835155539367014,0.0,0.5267707226096547,66.9707751874804,-33.64222303418873,0.48703634776450144,-1.9474833349299274,14.382296486254745,-18.696996048427565,-36.57649689645393,0.00010549090091219773,0.008202415144512582,502413,2803.225730776787,3.954828332024138,0.8034421105741297,0.9269988412514485,0.46631218607175073,0.9704000865302528,0.7277129200463499,707.9458409375036,1.0791366120545183,0.9531690286777285,0.15936533368962216,0.9207486220030089,0.32699571381681175,4.9837583225616955,0.22116420336919831,2.082971473895163,4.980517192361442,2.1538656932053497,5.0,136.65358116165552,1.0,0.23315609303587537,0.9552959514882334,0.41037114128545493,умеренная,умеренно неровные,выраженный,монотонная,неоднородная,лобуляции слабые,с примесью красного или синего,умеренно вытянутая,тёмный ободок по краю,цвет умеренно неоднородный,грубая,овальная,красноватый,средне упорядоченная,размер:средний,периметр:средний,выпуклость:средняя,плотность:высокая,заполнение_bbox:среднее,вариация_радиуса:средняя,граница:сильно_изрезанная,форма:округлая,отношение_периметр_площадь:среднее,красный:норма,зеленый:норма,синий:норма,контраст:выраженный,центр:оттенок_как_периферия,насыщенность_центра:выше,яркость_центра:темнее,ободок:слегка_темнее,яркость_асимметрия:слабая,яркость_асимметрия:слабая,насыщенность_асимметрия:слабая,насыщенность_асимметрия:слабая,разнообразие_оттенка:среднее,разнообразие_насыщенности:высокое,разнообразие_яркости:среднее,вариабельность_оттенка:низкая,вариабельность_насыщенности:высокая,вариабельность_яркости:средняя,насыщенность:средняя,яркость:средняя,энергия_текстуры:низкая,энтропия_текстуры:высокая,энтропия_lbp:средняя,среднее_lbp:среднее,разброс_lbp:средний,медиана_lbp:типичная,темные_пиксели:нет,белые_пиксели:нет,красные_пиксели:преобладают,синие_пиксели:нет,яркие_выбросы:нет,темные_выбросы:нет
/kaggle/input/datasets/mihailodin1/all-image-skin/1150.jpg,success,8.102988203178151,180.4661442152874,141.62199774183418,1.4536976391022074,28.36383506951886,21.97225863648034,0.17090117230465687,0.27462213685332626,0.5544766869268294,0.0655481944832073,1.8563245770782577,1.6667410949097778,38.099733279023354,18.775972665381655,"[[9, 177, 145], [7, 207, 121], [9, 144, 169]]",0.0,0.0,0.9999064665049874,0.0,-0.8836513017565863,38.83820168560331,-29.63053434786694,-2.3671786540253663,-3.7858168073884144,5.268937112501504,-6.473793674227807,-28.027860918573026,0.0023650612310344137,0.0027859619585913855,149679,1516.2783420085907,3.919209644818176,0.8181122085346615,1.5738636363636365,0.7534027029771347,0.9853915127256448,0.767553126025599,1238.7716672761292,1.0381730823199786,0.8684765968276089,0.14303282226850772,0.929225107185846,0.39402849584415905,4.631860325865318,0.22479815611057946,2.085038511602046,5.107701742798992,2.146024840240336,5.0,87.24811358336993,1.0,0.6636331696703857,0.5682045736508675,0.41998879866536964,умеренная,умеренно неровные,выраженный,монотонная,неоднородная,лобуляции слабые,с примесью красного или синего,вытянутая,тёмный ободок по краю,цвет однородный,грубая,овальная,красноватый,средне упорядоченная,размер:маленький,периметр:средний,выпуклость:высокая,плотность:высокая,заполнение_bbox:среднее,вариация_радиуса:средняя,граница:сильно_изрезанная,форма:умеренно_вытянутая,отношение_периметр_площадь:среднее,красный:повышен,зеленый:понижен,синий:понижен,контраст:умеренный,центр:оттенок_как_периферия,насыщенность_центра:умеренно_выше,яркость_центра:темнее,ободок:слегка_темнее,яркость_асимметрия:слабая,яркость_асимметрия:слабая,насыщенность_асимметрия:слабая,насыщенность_асимметрия:слабая,разнообразие_оттенка:низкое,разнообразие_насыщенности:низкое,разнообразие_яркости:среднее,вариабельность_оттенка:низкая,вариабельность_насыщенности:низкая,вариабельность_яркости:средняя,насыщенность:высокая,яркость:средняя,энергия_текстуры:низкая,энтропия_текстуры:высокая,энтропия_lbp:средняя,среднее_lbp:высокое,разброс_lbp:средний,медиана_lbp:типичная,темные_пиксели:нет,белые_пиксели:нет,красные_пиксели:преобладают,синие_пиксели:нет,яркие_выбросы:единичные,темные_выбросы:нет
/kaggle/input/datasets/mihailodin1/all-image-skin/1151.jpg,success,11.19687820899347,134.16762278978388,158.16061357110473,2.1402194707305218,31.72299604524045,19.80109175182955,0.2252077078089537,0.3130380506183072,0.4617542386532118,0.6872004207366535,1.9879101903153331,1.6017496989393274,36.36046226118564,14.518725857416499,"[[12, 97, 179], [10, 165, 138], [12, 137, 161]]",0.0,0.0,0.9353755478313435,0.0,-1.0168057959673433,42.5312263228285,-26.038895140117745,-1.7909162435239807,8.01923652916983,8.985624108522899,-14.392072908241019,-23.040418423759746,0.00236965392171679,0.01514583648178933,330850,2197.003299474716,3.819575857830895,0.8613498545300371,0.8344923504867872,0.5488187900456051,0.9864870505870917,0.7669216504404265,789.1079400027899,1.0403640276708872,1.0050838816918903,0.1513301589118658,0.9245153214108814,0.36786588554667593,4.767672146337405,0.2062193623724319,2.127321340551424,5.078928002335454,2.2494347665271763,5.0,102.77477704837132,1.0,0.27440939502280254,0.7583816321792141,0.411858981036051,умеренная,умеренно неровные,умеренный,монотонная,неоднородная,лобуляции слабые,с примесью красного или синего,умеренно вытянутая,тёмный ободок по краю,цвет однородный,грубая,округлая,красноватый,хаотичная,размер:маленький,периметр:средний,выпуклость:высокая,плотность:высокая,заполнение_bbox:среднее,вариация_радиуса:средняя,граница:сильно_изрезанная,форма:умеренно_вытянутая,отношение_периметр_площадь:среднее,красный:норма,зеленый:повышен,синий:норма,контраст:умеренный,центр:оттенок_как_периферия,насыщенность_центра:умеренно_выше,яркость_центра:темнее,ободок:слегка_темнее,яркость_асимметрия:слабая,яркость_асимметрия:слабая,насыщенность_асимметрия:слабая,насыщенность_асимметрия:слабая,разнообразие_оттенка:среднее,разнообразие_насыщенности:низкое,разнообразие_яркости:среднее,вариабельность_оттенка:низкая,вариабельность_насыщенности:средняя,вариабельность_яркости:низкая,насыщенность:средняя,яркость:средняя,энергия_текстуры:низкая,энтропия_текстуры:высокая,энтропия_lbp:высокая,среднее_lbp:среднее,разброс_lbp:средний,медиана_lbp:типичная,темные_пиксели:нет,белые_пиксели:нет,красные_пиксели:много,синие_пиксели:нет,яркие_выбросы:единичные,темные_выбросы:умеренно
/kaggle/input/datasets/mihailodin1/all-image-skin/1152.jpg,success,8.573820914351867,175.49989802161943,145.3888342944023,1.8499189848746154,36.08997291265249,38.82177330837148,0.18414386996732418,0.28467910053932266,0.5311770258398605,0.20703651630905867,2.0614450140206793,2.1945963914088487,64.1624686369612,27.92500056850444,"[[9, 130, 192], [8, 208, 105], [9, 183, 149]]",0.0,0.0,0.9994437542877274,0.0,-0.5101676254724623,48.51444772215669,-48.30846957538151,-2.6106113832300935,2.7679303594764235,-16.22055350287198,9.82274637576407,-58.45662455116704,1.854152374242115e-05,0.0021322752303784324,53933,886.8082177639008,3.8185846261123846,0.8617970925487783,1.0544747081712063,0.6174305180061757,0.979371334144437,0.7743764986287995,157.66972742344325,1.0364962634487864,0.9020411163363892,0.33338603638405395,0.8541547510583167,0.2706266456928678,5.39084003009033,0.319247679531021,1.890055323833078,4.635357558904213,1.8221864507938819,4.0,128.75492654435322,1.0,0.33595261308869095,0.8625405574499915,0.1390807498625475,умеренная,умеренно неровные,выраженный,монотонная,неоднородная,лобуляции отсутствуют,с примесью красного или синего,умеренно вытянутая,тёмный ободок по краю,цвет умеренно неоднородный,грубая,округлая,красноватый,упорядоченная,размер:очень_маленький,периметр:маленький,выпуклость:высокая,плотность:высокая,заполнение_bbox:среднее,вариация_радиуса:низкая,граница:сильно_изрезанная,форма:умеренно_вытянутая,отношение_периметр_площадь:среднее,красный:повышен,зеленый:норма,синий:понижен,контраст:выраженный,центр:оттенок_как_периферия,насыщенность_центра:умеренно_выше,яркость_центра:темнее,ободок:темнее_центра,яркость_асимметрия:слабая,яркость_асимметрия:сильная_верх_низ,насыщенность_асимметрия:слабая,насыщенность_асимметрия:слабая,разнообразие_оттенка:низкое,разнообразие_насыщенности:среднее,разнообразие_яркости:высокое,вариабельность_оттенка:низкая,вариабельность_насыщенности:средняя,вариабельность_яркости:высокая,насыщенность:высокая,яркость:средняя,энергия_текстуры:низкая,энтропия_текстуры:высокая,энтропия_lbp:низкая,среднее_lbp:низкое,разброс_lbp:низкий,медиана_lbp:ниже_нормы,темные_пиксели:нет,белые_пиксели:нет,красные_пиксели:преобладают,синие_пиксели:нет,яркие_выбросы:нет,темные_выбросы:нет
/kaggle/input/datasets/mihailodin1/all-image-skin/1153.jpg,success,7.108371272165278,168.00297871233406,164.13325417354204,1.9921822360758954,31.078258928690744,22.59283265154381,0.1909592655593899,0.2729738256951114,0.5360669054794519,0.086156233154287,2.0402134286588822,1.7098630805637451,32.59198690563579,14.138204447320927,"[[7, 204, 137], [6, 131, 186], [8, 165, 170]]",0.0,0.0,0.999877358069839,0.0,-0.05578870113410517,42.65883644083169,-30.69509153265102,1.7764912886654258,-7.9175962139551075,12.721755287380716,-9.214036641253074,-24.60901602743448,0.00016723899567408466,0.04067809838112652,538152,2979.1353302001953,4.061044539179441,0.7619638347357542,0.9570267131242741,0.41665997288035833,0.9333599271560509,0.7585332025303609,2152.3511444071223,1.0673454846556858,0.9620066362237532,0.15115480487236022,0.9247339025841538,0.36233316609927035,4.819957530490469,0.2222296913746228,2.097315810310741,5.040768501090496,2.18806052598026,5.0,105.03959610587114,1.0,0.20832998644017917,0.6246560486267805,0.4218746950417524,умеренная,умеренно неровные,умеренный,монотонная,неоднородная,лобуляции слабые,с примесью красного или синего,умеренно вытянутая,тёмный ободок по краю,цвет однородный,грубая,овальная,красноватый,средне упорядоченная,размер:средний,периметр:средний,выпуклость:средняя,плотность:средняя,заполнение_bbox:среднее,вариация_радиуса:средняя,граница:сильно_изрезанная,форма:округлая,отношение_периметр_площадь:среднее,красный:повышен,зеленый:понижен,синий:понижен,контраст:умеренный,центр:оттенок_как_периферия,насыщенность_центра:умеренно_выше,яркость_центра:темнее,ободок:слегка_темнее,яркость_асимметрия:слабая,яркость_асимметрия:слабая,насыщенность_асимметрия:слабая,насыщенность_асимметрия:слабая,разнообразие_оттенка:низкое,разнообразие_насыщенности:среднее,разнообразие_яркости:среднее,вариабельность_оттенка:низкая,вариабельность_насыщенности:средняя,вариабельность_яркости:средняя,насыщенность:высокая,яркость:средняя,энергия_текстуры:низкая,энтропия_текстуры:высокая,энтропия_lbp:средняя,среднее_lbp:среднее,разброс_lbp:средний,медиана_lbp:типичная,темные_пиксели:нет,белые_пиксели:нет,красные_пиксели:преобладают,синие_пиксели:нет,яркие_выбросы:нет,темные_выбросы:много
/kaggle/input/datasets/mihailodin1/all-image-skin/1154.jpg,success,9.992019109418685,167.0035047543766,178.72668146839328,2.018100140343728,27.871107440998486,24.323372112840776,0.18560593994145955,0.29663695829859327,0.517757098863015,0.5137219553247208,1.9596743545361341,1.8324908938625328,41.990872818099376,16.13929330211125,"[[9, 200, 147], [10, 131, 206], [11, 170, 180]]",0.0,5.812196312742659e-06,0.9934234998721316,1.4530490781856648e-06,-0.4857724575026623,39.521354535239226,-31.59640094257341,-11.355512602520292,8.141029564519897,11.347707294495677,-6.134836330271668,-25.606390731973107,0.003225768953572176,0.034443075349313,688208,3641.3547971248627,4.389379573998816,0.652234230057744,1.016931216931217,0.30356491794360146,0.9160424020743154,0.7578173089099207,2162.915405639647,1.1341490574267006,0.9925378086521105,0.18835644684988342,0.9091123164616776,0.34094420789900476,4.976246483804472,0.22136199858678704,2.0740114085318564,4.911296068114528,2.1349368866039975,5.0,108.58261372712283,1.0,0.16024806743740924,0.7176452890476972,0.4264587508219011,умеренная,фестончатые,выраженный,монотонная,неоднородная,лобуляции слабые,с примесью красного или синего,округлая,тёмный ободок по краю,цвет однородный,грубая,неправильная,красноватый,средне упорядоченная,размер:средний,периметр:большой,выпуклость:низкая,плотность:средняя,заполнение_bbox:среднее,вариация_радиуса:средняя,граница:сильно_изрезанная,форма:округлая,отношение_периметр_площадь:высокое,красный:норма,зеленый:норма,синий:понижен,контраст:умеренный,центр:оттенок_как_периферия,насыщенность_центра:умеренно_выше,яркость_центра:темнее,ободок:слегка_темнее,яркость_асимметрия:слабая,яркость_асимметрия:слабая,насыщенность_асимметрия:слабая,насыщенность_асимметрия:слабая,разнообразие_оттенка:среднее,разнообразие_насыщенности:низкое,разнообразие_яркости:среднее,вариабельность_оттенка:низкая,вариабельность_насыщенности:низкая,вариабельность_яркости:средняя,насыщенность:высокая,яркость:высокая,энергия_текстуры:низкая,энтропия_текстуры:высокая,энтропия_lbp:средняя,среднее_lbp:среднее,разброс_lbp:средний,медиана_lbp:типичная,темные_пиксели:нет,белые_пиксели:нет,красные_пиксели:преобладают,синие_пиксели:нет,яркие_выбросы:единичные,темные_выбросы:умеренно
/kaggle/input/datasets/mihailodin1/all-image-skin/1155.jpg,success,8.462017062995647,126.3490444116708,148.39694292824092,2.195572399452359,15.459245034768301,10.058143554972757,0.23541592818017865,0.30042432966932175,0.4641597390226741,0.23833026860157755,1.4300491838698262,1.0521320195669261,11.011404014695108,5.04239200466634,"[[10, 141, 140], [9, 123, 151], [5, 111, 156]]",0.0,0.0,0.9989255649653089,0.0,0.4160840857483521,11.839902067185179,-2.6483095758608215,11.910880598866953,-10.73666218477753,10.064022418633016,-9.359296473938684,9.48544681492055,0.01325305479111868,0.026207092284846918,197313,1837.2001340389252,4.135981795558272,0.7346028804416742,0.6012364760432767,0.7919946965995992,0.9908703315907619,0.7839742851126218,3238.536046230421,1.0223035343627243,0.9881987788942753,0.09163583060322729,0.9541918260824245,0.5887948534951485,3.8428312098250696,0.1812042252803781,2.166866449151607,5.429546403724114,2.419126036524468,5.0,56.975157405010535,1.0,0.3959973482997996,0.38794219969621696,0.44100757435805316,слабая,умеренно неровные,умеренный,монотонная,неоднородная,лобуляции слабые,с примесью красного или синего,умеренно вытянутая,без выраженного ободка,цвет однородный,средняя,овальная,красноватый,хаотичная,размер:маленький,периметр:средний,выпуклость:высокая,плотность:высокая,заполнение_bbox:среднее,вариация_радиуса:высокая,граница:сильно_изрезанная,форма:умеренно_вытянутая,отношение_периметр_площадь:среднее,красный:норма,зеленый:норма,синий:норма,контраст:очень_слабый,центр:оттенок_как_периферия,насыщенность_центра:равна,яркость_центра:равная,ободок:одинаковый,яркость_асимметрия:слабая,яркость_асимметрия:слабая,насыщенность_асимметрия:слабая,насыщенность_асимметрия:слабая,разнообразие_оттенка:низкое,разнообразие_насыщенности:низкое,разнообразие_яркости:низкое,вариабельность_оттенка:низкая,вариабельность_насыщенности:низкая,вариабельность_яркости:низкая,насыщенность:средняя,яркость:средняя,энергия_текстуры:низкая,энтропия_текстуры:высокая,энтропия_lbp:высокая,среднее_lbp:высокое,разброс_lbp:высокий,медиана_lbp:типичная,темные_пиксели:нет,белые_пиксели:нет,красные_пиксели:преобладают,синие_пиксели:нет,яркие_выбросы:много,темные_выбросы:умеренно
/kaggle/input/datasets/mihailodin1/all-image-skin/1156.jpg,success,6.745987101460651,162.271127923539,165.01621493301406,2.156823753017716,24.294808421663312,13.593051752484286,0.19646236859940863,0.2723494257152078,0.5311882024663774,0.061838994195308125,1.8176756214978327,1.2934351183090746,27.286838356811337,11.702155042996186,"[[7, 181, 156], [8, 148, 171], [3, 131, 181]]",0.0,0.0,0.9999690357740024,0.0,0.8303204186296114,23.756847110541457,-7.055912823286349,3.4650570997056036,-2.6989754134700092,5.446597996847231,4.048933370619949,-10.157515776719976,0.008117787915694733,0.024647523894061062,193772,1754.1677321195602,3.9849750535236215,0.7913318576512876,1.114851485148515,0.8192357878702671,0.9897284238161638,0.6815398413731248,2639.2565618393414,1.0350936650464875,0.9392176170586835,0.1797879492138628,0.9127332033214187,0.44877587783296335,4.440324700277845,0.2279249132192911,2.0560884947687867,4.9595942774172395,2.097957432659317,5.0,47.30264423310021,1.0,0.467043636509391,0.4662324753908935,0.4258450295003254,слабая,умеренно неровные,умеренный,монотонная,неоднородная,лобуляции слабые,с примесью красного или синего,умеренно вытянутая,без выраженного ободка,цвет однородный,грубая,овальная,красноватый,средне упорядоченная,размер:маленький,периметр:средний,выпуклость:высокая,плотность:высокая,заполнение_bbox:низкое,вариация_радиуса:средняя,граница:сильно_изрезанная,форма:сильно_вытянутая,отношение_периметр_площадь:среднее,красный:повышен,зеленый:понижен,синий:понижен,контраст:умеренный,центр:оттенок_как_периферия,насыщенность_центра:умеренно_выше,яркость_центра:равная,ободок:слегка_темнее,яркость_асимметрия:слабая,яркость_асимметрия:слабая,насыщенность_асимметрия:слабая,насыщенность_асимметрия:слабая,разнообразие_оттенка:низкое,разнообразие_насыщенности:низкое,разнообразие_яркости:низкое,вариабельность_оттенка:низкая,вариабельность_насыщенности:низкая,вариабельность_яркости:низкая,насыщенность:высокая,яркость:средняя,энергия_текстуры:низкая,энтропия_текстуры:высокая,энтропия_lbp:средняя,среднее_lbp:среднее,разброс_lbp:средний,медиана_lbp:типичная,темные_пиксели:нет,белые_пиксели:нет,красные_пиксели:преобладают,синие_пиксели:нет,яркие_выбросы:единичные,темные_выбросы:умеренно
/kaggle/input/datasets/mihailodin1/all-image-skin/1157.jpg,success,11.342946210377738,165.6178918747602,158.03611403025906,2.17274443091588,29.956110073529334,40.033037952760736,0.18875229121189982,0.3091508773105076,0.5020968283004901,0.6960395234649631,1.934383068908457,2.2487431591395586,50.58483780239148,20.762108629382862,"[[9, 196, 101], [13, 133, 197], [11, 181, 153]]",0.0024854459624013745,0.0,0.9390231696942402,0.0,-2.325014249735119,38.363921768923234,-58.308865155084106,-1.4416832478918025,-4.22636142496907,16.281607423135483,-4.152276734240019,-50.55938162037444,0.0,0.03543011559825852,119898,1304.513842344284,3.767408579230268,0.885369219134632,1.1239669421487604,0.45347342760019005,0.9901315517825142,0.8095527467185221,108.6498401175569,1.0424286273565493,0.9556225560863432,0.2599903710660335,0.881663612551541,0.26884491183774245,5.402253045380345,0.2643336505022777,1.998310173355205,4.7746697092430885,1.9870202545497317,5.0,125.09973000397883,1.0,0.2887201848744752,0.9463261754930042,0.09424692732935083,умеренная,ровные,выраженный,монотонная,неоднородная,лобуляции отсутствуют,с примесью красного или синего,умеренно вытянутая,тёмный ободок по краю,цвет умеренно неоднородный,грубая,округлая,красноватый,упорядоченная,размер:маленький,периметр:средний,выпуклость:высокая,плотность:высокая,заполнение_bbox:высокое,вариация_радиуса:низкая,граница:сильно_изрезанная,форма:округлая,отношение_периметр_площадь:среднее,красный:норма,зеленый:норма,синий:понижен,контраст:выраженный,центр:оттенок_как_периферия,насыщенность_центра:умеренно_выше,яркость_центра:значительно_темнее,ободок:темнее_центра,яркость_асимметрия:слабая,яркость_асимметрия:сильная_низ_верх,насыщенность_асимметрия:слабая,насыщенность_асимметрия:слабая,разнообразие_оттенка:среднее,разнообразие_насыщенности:низкое,разнообразие_яркости:высокое,вариабельность_оттенка:низкая,вариабельность_насыщенности:низкая,вариабельность_яркости:высокая,насыщенность:высокая,яркость:средняя,энергия_текстуры:низкая,энтропия_текстуры:высокая,энтропия_lbp:низкая,среднее_lbp:низкое,разброс_lbp:низкий,медиана_lbp:типичная,темные_пиксели:единичные,белые_пиксели:нет,красные_пиксели:много,синие_пиксели:нет,яркие_выбросы:нет,темные_выбросы:умеренно
/kaggle/input/datasets/mihailodin1/all-image-skin/1158.jpg,success,8.62889586267521,173.82877431693132,156.37332727206226,1.5267600885653008,31.12010573759423,31.94668742579672,0.181933039739291,0.28403479043878505,0.5340321664068137,0.1329080433178722,2.00937799953909,2.0494771369755904,45.195617804637514,19.839627899793648,"[[9, 178, 161], [9, 135, 192], [8, 206, 118]]",0.0,0.0,0.9998380177553441,0.0,-1.0036167302334462,43.10746741238165,-48.32643981111467,11.726078666465838,-12.302492639806644,11.129537036724201,-12.63930366688578,-40.4315051920027,1.5675701095731507e-05,0.014338041268895752,191379,1659.4915450811386,3.7933935689146474,0.8732810915735957,1.0982905982905984,0.5948896443916766,0.9916215880121868,0.7955826598822707,474.5286533917608,1.035940379609711,0.9690509844180648,0.18466028416400912,0.9119077072769114,0.3140261388475573,5.0642649961764725,0.22126380826575023,2.064611552018007,4.964355070442549,2.1055539879133183,5.0,140.23493596361223,1.0,0.3465901213411375,0.7147869454155542,0.3908453264990939,умеренная,умеренно неровные,выраженный,монотонная,неоднородная,лобуляции слабые,с примесью красного или синего,умеренно вытянутая,тёмный ободок по краю,цвет однородный,грубая,округлая,красноватый,средне упорядоченная,размер:маленький,периметр:средний,выпуклость:высокая,плотность:высокая,заполнение_bbox:среднее,вариация_радиуса:низкая,граница:сильно_изрезанная,форма:умеренно_вытянутая,отношение_периметр_площадь:среднее,красный:повышен,зеленый:норма,синий:понижен,контраст:умеренный,центр:оттенок_как_периферия,насыщенность_центра:умеренно_выше,яркость_центра:темнее,ободок:слегка_темнее,яркость_асимметрия:слабая,яркость_асимметрия:слабая,насыщенность_асимметрия:слабая,насыщенность_асимметрия:слабая,разнообразие_оттенка:низкое,разнообразие_насыщенности:среднее,разнообразие_яркости:среднее,вариабельность_оттенка:низкая,вариабельность_насыщенности:средняя,вариабельность_яркости:средняя,насыщенность:высокая,яркость:средняя,энергия_текстуры:низкая,энтропия_текстуры:высокая,энтропия_lbp:средняя,среднее_lbp:среднее,разброс_lbp:средний,медиана_lbp:типичная,темные_пиксели:нет,белые_пиксели:нет,красные_пиксели:преобладают,синие_пиксели:нет,яркие_выбросы:нет,темные_выбросы:умеренно
/kaggle/input/datasets/mihailodin1/all-image-skin/1159.jpg,success,4.278469138372427,130.57623119911557,170.5820210547111,2.8809555533043207,35.62150437139834,28.426931759025003,0.2427011102720185,0.27877158853284356,0.47852729838987573,0.2552720500596495,2.1807210310832774,1.820102229801166,37.63584080611682,14.731541706864997,"[[2, 88, 194], [5, 172, 136], [6, 130, 178]]",0.0030620889829381616,0.0,0.9993693464377571,0.0,0.7996374428846167,50.94994874381935,-31.074584862886184,6.742686988681243,-14.969001434712212,17.326286313436015,-11.303726320914222,-18.957089830300532,0.0,0.039039734973539145,263219,2024.5525081157684,3.946121269287162,0.8069915903064399,1.1451905626134302,0.49366821522444204,0.9716786456545252,0.7570704179981075,992.0726269835457,1.0504253310237937,0.8844650341938838,0.24495572500385498,0.9063082896999363,0.32074142712658,5.124984326926692,0.2153197776791046,2.0889203372938376,5.004692930746735,2.171086670934991,5.0,133.16587210733383,1.0,0.31942938891893613,0.8003342255959565,0.4183314958893991,умеренная,умеренно неровные,умеренный,монотонная,неоднородная,лобуляции слабые,с примесью красного или синего,умеренно вытянутая,без выраженного ободка,цвет однородный,грубая,овальная,красноватый,средне упорядоченная,размер:маленький,периметр:средний,выпуклость:средняя,плотность:высокая,заполнение_bbox:среднее,вариация_радиуса:средняя,граница:сильно_изрезанная,форма:округлая,отношение_периметр_площадь:среднее,красный:норма,зеленый:понижен,синий:норма,контраст:умеренный,центр:оттенок_как_периферия,насыщенность_центра:умеренно_выше,яркость_центра:темнее,ободок:слегка_темнее,яркость_асимметрия:слабая,яркость_асимметрия:сильная_низ_верх,насыщенность_асимметрия:слабая,насыщенность_асимметрия:слабая,разнообразие_оттенка:низкое,разнообразие_насыщенности:среднее,разнообразие_яркости:среднее,вариабельность_оттенка:низкая,вариабельность_насыщенности:средняя,вариабельность_яркости:средняя,насыщенность:средняя,яркость:высокая,энергия_текстуры:низкая,энтропия_текстуры:высокая,энтропия_lbp:средняя,среднее_lbp:среднее,разброс_lbp:средний,медиана_lbp:типичная,темные_пиксели:единичные,белые_пиксели:нет,красные_пиксели:преобладают,синие_пиксели:нет,яркие_выбросы:нет,темные_выбросы:умеренно
/kaggle/input/datasets/mihailodin1/all-image-skin/116.jpg,success,9.32556434308033,164.87761981228715,105.63715772861929,2.6322983972843628,39.908722858097796,41.424195512112924,0.2030737197289335,0.2990771334271074,0.49784914213113696,0.510820581884061,2.11283138119269,2.1935001140458352,71.95878124452447,36.39723349467589,"[[8, 197, 67], [11, 167, 121], [11, 107, 158]]",0.07211578393643235,0.0,0.9805019518812813,0.0,-3.280689435833139,47.73276971698721,-66.91704865031241,10.75433539455085,-11.650881661975632,3.828788830887518,-2.9306523694469035,-66.89168764609602,4.845095379163321e-05,0.0,144476,1441.7930607795715,3.793194187521419,0.8733728984087501,0.9265033407572383,0.4468305487740889,0.9820015769011174,0.7734923762206612,123.6848582065482,1.0437116888985878,0.9193786042512493,0.17706004741221593,0.9128107304721519,0.30888505169084873,5.129170188272821,0.24625140550468966,1.9927335921356089,4.979718829223323,1.9661083630620158,5.0,147.09516605999366,1.0,0.22341527438704445,1.028777609082601,0.10782394395976866,умеренная,умеренно неровные,выраженный,монотонная,неоднородная,лобуляции отсутствуют,с примесью красного или синего,умеренно вытянутая,тёмный ободок по краю,цвет умеренно неоднородный,грубая,округлая,красноватый,средне упорядоченная,размер:маленький,периметр:средний,выпуклость:высокая,плотность:высокая,заполнение_bbox:среднее,вариация_радиуса:низкая,граница:сильно_изрезанная,форма:округлая,отношение_периметр_площадь:среднее,красный:норма,зеленый:норма,синий:норма,контраст:выраженный,центр:оттенок_как_периферия,насыщенность_центра:умеренно_выше,яркость_центра:значительно_темнее,ободок:темнее_центра,яркость_асимметрия:слабая,яркость_асимметрия:слабая,насыщенность_асимметрия:слабая,насыщенность_асимметрия:слабая,разнообразие_оттенка:среднее,разнообразие_насыщенности:среднее,разнообразие_яркости:высокое,вариабельность_оттенка:низкая,вариабельность_насыщенности:средняя,вариабельность_яркости:высокая,насыщенность:высокая,яркость:средняя,энергия_текстуры:низкая,энтропия_текстуры:высокая,энтропия_lbp:низкая,среднее_lbp:среднее,разброс_lbp:низкий,медиана_lbp:типичная,темные_пиксели:много,белые_пиксели:нет,красные_пиксели:преобладают,синие_пиксели:нет,яркие_выбросы:нет,темные_выбросы:нет
/kaggle/input/datasets/mihailodin1/all-image-skin/1160.jpg,success,8.331878802765178,140.6760997421264,174.37436440123616,2.171867447761792,35.86169009863397,27.7030169289518,0.2242787841104818,0.296280896809414,0.4794403163306156,0.2241692188099358,2.1654758695001433,1.926387405774536,47.5039980040804,17.741607676920133,"[[8, 181, 140], [8, 99, 202], [9, 148, 176]]",0.0,0.0,0.9978980541738015,0.0,-0.39068911128747175,47.49343114254428,-37.09512282170218,10.11789007383905,-4.257141295359617,-1.538317305542222,-7.1819669904129455,-33.49190098847649,0.00031107635325481806,0.04073355874255379,343967,2284.927179455757,3.895955380662339,0.8279076875685257,1.1308411214953271,0.4592189733950279,0.9740713575722907,0.7379809136393674,624.0895300807747,1.0604737448680779,0.919042784812755,0.21078111520945644,0.9087653457317743,0.3123297801856685,5.148132817186184,0.20933119052010057,2.106731474751251,5.009645586887856,2.2073177158984043,5.0,108.07455874068776,1.0,0.29503004744517747,0.7640849565704014,0.4115545300892521,умеренная,умеренно неровные,выраженный,монотонная,неоднородная,лобуляции слабые,с примесью красного или синего,умеренно вытянутая,тёмный ободок по краю,цвет однородный,грубая,овальная,красноватый,хаотичная,размер:маленький,периметр:средний,выпуклость:средняя,плотность:высокая,заполнение_bbox:среднее,вариация_радиуса:средняя,граница:сильно_изрезанная,форма:округлая,отношение_периметр_площадь:среднее,красный:норма,зеленый:норма,синий:норма,контраст:умеренный,центр:оттенок_как_периферия,насыщенность_центра:умеренно_выше,яркость_центра:темнее,ободок:слегка_темнее,яркость_асимметрия:слабая,яркость_асимметрия:слабая,насыщенность_асимметрия:слабая,насыщенность_асимметрия:слабая,разнообразие_оттенка:низкое,разнообразие_насыщенности:среднее,разнообразие_яркости:среднее,вариабельность_оттенка:низкая,вариабельность_насыщенности:средняя,вариабельность_яркости:средняя,насыщенность:средняя,яркость:высокая,энергия_текстуры:низкая,энтропия_текстуры:высокая,энтропия_lbp:высокая,среднее_lbp:среднее,разброс_lbp:средний,медиана_lbp:типичная,темные_пиксели:нет,белые_пиксели:нет,красные_пиксели:преобладают,синие_пиксели:нет,яркие_выбросы:нет,темные_выбросы:много
/kaggle/input/datasets/mihailodin1/all-image-skin/1161.jpg,success,11.070129538019499,152.22069078220434,155.15334146717402,2.238682690809022,47.04825024740109,31.529239851181174,0.21012635606593863,0.30986653247667867,0.480007108363623,0.68339093254055,2.3300229343014163,2.008205115700144,51.91581160756813,20.514584991501327,"[[12, 155, 162], [10, 199, 121], [12, 92, 190]]",0.0,3.342674250823133e-05,0.9338837603599689,0.0,-1.2184909680534872,58.74338347215611,-37.91242696991313,-16.976613013403664,26.16848655329497,13.292429035450027,-23.41104853449363,-41.350580977914234,1.4856330003658372e-05,0.013162708383241318,538491,3728.0339485406876,5.080314915751792,0.4868874677668652,1.075,0.7906604466967195,0.7912457516666397,0.7099232716342351,7560.287530441805,1.1943581702967097,0.9566586522798204,0.19413911683970897,0.9051321987206049,0.28725197113266787,5.234051510974366,0.22763046599733738,2.0561086984806654,4.871573919684219,2.102441432768282,5.0,177.722878546765,1.0,0.43283022334835974,1.0312453904812608,0.4602161675923715,умеренная,фестончатые,выраженный,монотонная,неоднородная,лобуляции слабые,с примесью красного или синего,умеренно вытянутая,тёмный ободок по краю,цвет умеренно неоднородный,грубая,неправильная,красноватый,средне упорядоченная,размер:средний,периметр:большой,выпуклость:низкая,плотность:низкая,заполнение_bbox:среднее,вариация_радиуса:высокая,граница:сильно_изрезанная,форма:умеренно_вытянутая,отношение_периметр_площадь:высокое,красный:норма,зеленый:норма,синий:норма,контраст:выраженный,центр:оттенок_как_периферия,насыщенность_центра:умеренно_выше,яркость_центра:темнее,ободок:слегка_темнее,яркость_асимметрия:сильная_лево_право,яркость_асимметрия:слабая,насыщенность_асимметрия:сильная_право_лево,насыщенность_асимметрия:сильная_верх_низ,разнообразие_оттенка:среднее,разнообразие_насыщенности:высокое,разнообразие_яркости:среднее,вариабельность_оттенка:низкая,вариабельность_насыщенности:высокая,вариабельность_яркости:средняя,насыщенность:средняя,яркость:средняя,энергия_текстуры:низкая,энтропия_текстуры:высокая,энтропия_lbp:средняя,среднее_lbp:низкое,разброс_lbp:средний,медиана_lbp:типичная,темные_пиксели:нет,белые_пиксели:нет,красные_пиксели:много,синие_пиксели:нет,яркие_выбросы:нет,темные_выбросы:умеренно
/kaggle/input/datasets/mihailodin1/all-image-skin/1162.jpg,success,8.216245840260695,131.59200847195936,163.16721889747072,3.3823455146871124,53.247402117531266,20.537961195193688,0.23571359786407253,0.30085934171891693,0.46342705757680713,0.44981731355417254,2.504884673723942,1.632474956030192,51.56825427233918,18.627790747948755,"[[10, 102, 176], [8, 181, 145], [3, 54, 186]]",0.0,0.0002993223569172828,0.9096576926792951,0.0,0.4577569746273724,76.6767247519505,-28.207588168559226,3.969786761123629,-8.765469041046387,1.4411857936910906,0.5834485738091644,-21.28192005419433,0.0004584557618606484,0.03963747894797664,527859,2942.2034335136414,4.0496149641492565,0.766271015969457,1.3121761658031088,0.6781766882302886,0.9652755427467962,0.6749804356832678,2555.360606354696,1.0773557750451286,0.9630119586140811,0.22226049108998103,0.8950783478024512,0.29664333942980475,5.19262592817573,0.2505919901163389,2.031552170466668,4.850357100640227,2.0680465513556094,5.0,120.10196006480737,1.0,0.49517642701669873,0.963052812005363,0.4180143897976557,умеренная,умеренно неровные,выраженный,монотонная,неоднородная,лобуляции слабые,с примесью красного или синего,умеренно вытянутая,тёмный ободок по краю,цвет умеренно неоднородный,грубая,овальная,красноватый,средне упорядоченная,размер:средний,периметр:средний,выпуклость:средняя,плотность:средняя,заполнение_bbox:низкое,вариация_радиуса:средняя,граница:сильно_изрезанная,форма:умеренно_вытянутая,отношение_периметр_площадь:среднее,красный:норма,зеленый:норма,синий:норма,контраст:выраженный,центр:оттенок_как_периферия,насыщенность_центра:выше,яркость_центра:темнее,ободок:слегка_темнее,яркость_асимметрия:слабая,яркость_асимметрия:слабая,насыщенность_асимметрия:слабая,насыщенность_асимметрия:слабая,разнообразие_оттенка:среднее,разнообразие_насыщенности:высокое,разнообразие_яркости:среднее,вариабельность_оттенка:низкая,вариабельность_насыщенности:высокая,вариабельность_яркости:средняя,насыщенность:средняя,яркость:средняя,энергия_текстуры:низкая,энтропия_текстуры:высокая,энтропия_lbp:средняя,среднее_lbp:низкое,разброс_lbp:средний,медиана_lbp:типичная,темные_пиксели:нет,белые_пиксели:единичные,красные_пиксели:много,синие_пиксели:нет,яркие_выбросы:нет,темные_выбросы:умеренно
/kaggle/input/datasets/mihailodin1/all-image-skin/1163.jpg,success,5.170582961489774,142.412064762399,152.34961725722636,3.537782839720343,42.29837296253746,33.3831446406819,0.2331609714646299,0.2797481431340607,0.48709088220411817,0.30705534161148207,2.2485972940287215,2.0587080925478305,56.15646574355815,23.245026738374165,"[[6, 130, 167], [0, 86, 191], [7, 183, 119]]",0.0,0.0,0.9992761688848221,0.0,2.499459941668775,60.28828398569543,-47.47353141889444,13.770359994915964,-12.567667984479897,3.360420678353421,-1.3347516127205665,-46.789421780049594,6.828595426206784e-06,0.012537301202515654,146443,1456.312831878662,3.805575720298462,0.8676990636714329,1.3296703296703296,0.6484382462982493,0.9892858831715408,0.8312312687312687,511.57455906682134,1.0401999280812655,0.9582128012246292,0.19287929187664302,0.9053182964276134,0.30321107074863046,5.140169627893741,0.2362347885374269,2.0322137751824183,4.886503722374882,2.0405042629675347,5.0,141.2944756167285,1.0,0.48905428798428946,0.9515051060924089,0.410858200598005,умеренная,умеренно неровные,выраженный,монотонная,неоднородная,лобуляции слабые,с примесью красного или синего,умеренно вытянутая,тёмный ободок по краю,цвет умеренно неоднородный,грубая,округлая,красноватый,средне упорядоченная,размер:маленький,периметр:средний,выпуклость:высокая,плотность:высокая,заполнение_bbox:высокое,вариация_радиуса:средняя,граница:сильно_изрезанная,форма:умеренно_вытянутая,отношение_периметр_площадь:среднее,красный:норма,зеленый:понижен,синий:норма,контраст:выраженный,центр:оттенок_как_периферия,насыщенность_центра:выше,яркость_центра:темнее,ободок:слегка_темнее,яркость_асимметрия:слабая,яркость_асимметрия:слабая,насыщенность_асимметрия:слабая,насыщенность_асимметрия:слабая,разнообразие_оттенка:низкое,разнообразие_насыщенности:среднее,разнообразие_яркости:среднее,вариабельность_оттенка:низкая,вариабельность_насыщенности:средняя,вариабельность_яркости:средняя,насыщенность:средняя,яркость:средняя,энергия_текстуры:низкая,энтропия_текстуры:высокая,энтропия_lbp:средняя,среднее_lbp:низкое,разброс_lbp:низкий,медиана_lbp:типичная,темные_пиксели:нет,белые_пиксели:нет,красные_пиксели:преобладают,синие_пиксели:нет,яркие_выбросы:нет,темные_выбросы:умеренно
/kaggle/input/datasets/mihailodin1/all-image-skin/1164.jpg,success,8.31665669235727,118.49076145713231,155.30315224243296,4.303637334775025,41.81534619711301,23.253242163746293,0.24781038667584157,0.3068543759543468,0.44533523450223383,0.5819536778779932,2.2989785365697823,1.7950776136511406,51.2661712326589,19.26547415334388,"[[10, 147, 142], [8, 82, 173], [175, 44, 183]]",3.429545699513005e-05,0.000486668865930893,0.9056025711794045,7.349026498956438e-05,1.53932153068709,51.64492721503568,-23.26915116698487,7.347609599895463,1.0712571489765992,9.89744532192708,-1.363095652630335,-25.17158987157481,0.005268435441251882,0.031070050920588052,612326,3117.281641483307,3.983682260168965,0.7918455505102154,0.8935960591133005,0.7930093094918413,0.9802234744189025,0.6651343410040137,6163.468797971042,1.051691511060524,1.0571789484186698,0.2658003609393276,0.8903085874847504,0.3147883576997667,5.15244922017926,0.24278129664876122,2.0517997010114244,4.88056603370781,2.1040276683522006,5.0,96.13280763613712,2.0,0.39650465474592067,0.9396288809039255,0.42076871619451517,умеренная,умеренно неровные,выраженный,умеренно разнообразная,неоднородная,лобуляции слабые,с примесью красного или синего,умеренно вытянутая,тёмный ободок по краю,цвет умеренно неоднородный,грубая,овальная,красноватый,средне упорядоченная,размер:средний,периметр:большой,выпуклость:средняя,плотность:высокая,заполнение_bbox:низкое,вариация_радиуса:высокая,граница:сильно_изрезанная,форма:умеренно_вытянутая,отношение_периметр_площадь:среднее,красный:понижен,зеленый:норма,синий:норма,контраст:выраженный,центр:оттенок_как_периферия,насыщенность_центра:умеренно_выше,яркость_центра:темнее,ободок:слегка_темнее,яркость_асимметрия:слабая,яркость_асимметрия:слабая,насыщенность_асимметрия:слабая,насыщенность_асимметрия:слабая,разнообразие_оттенка:среднее,разнообразие_насыщенности:среднее,разнообразие_яркости:среднее,вариабельность_оттенка:низкая,вариабельность_насыщенности:средняя,вариабельность_яркости:средняя,насыщенность:средняя,яркость:средняя,энергия_текстуры:низкая,энтропия_текстуры:высокая,энтропия_lbp:средняя,среднее_lbp:низкое,разброс_lbp:средний,медиана_lbp:типичная,темные_пиксели:нет,белые_пиксели:единичные,красные_пиксели:много,синие_пиксели:нет,яркие_выбросы:единичные,темные_выбросы:умеренно
/kaggle/input/datasets/mihailodin1/all-image-skin/1165.jpg,success,9.326166542153866,134.01135372924415,166.56631252357553,2.4219922742639572,37.825989362693306,26.93419576590426,0.2307932720579099,0.30411925984928584,0.4650874653005033,0.4441390445234753,2.2055669705739316,1.8170238945361807,37.34776934705339,14.379790538241425,"[[10, 134, 172], [9, 96, 189], [9, 183, 130]]",0.0,0.0003147568503331177,0.9888735951477484,1.7486491685173203e-05,-0.6795030831009683,58.1391018981239,-39.46841103253365,11.135363672919965,-13.789065686042164,13.809302873957279,-7.420525477216131,-29.267115561229303,0.0003747105361108544,0.05065586834170603,400309,2588.3069031238556,4.090892746421196,0.7508854293445039,0.9855643044619422,0.7463423745962843,0.9774409837186362,0.6995204993516956,3493.265789245264,1.0655896587894764,0.9824958938328571,0.17981255237105453,0.9165841473451914,0.33156400929969926,5.024102710752818,0.20753052030329236,2.117906236940191,5.0188325858289256,2.2373571446167047,5.0,144.44127372389406,1.0,0.37317118729814214,0.8393696882256432,0.4246400583447468,умеренная,умеренно неровные,умеренный,монотонная,неоднородная,лобуляции слабые,с примесью красного или синего,умеренно вытянутая,тёмный ободок по краю,цвет однородный,грубая,овальная,красноватый,хаотичная,размер:средний,периметр:средний,выпуклость:средняя,плотность:высокая,заполнение_bbox:низкое,вариация_радиуса:высокая,граница:сильно_изрезанная,форма:умеренно_вытянутая,отношение_периметр_площадь:среднее,красный:норма,зеленый:норма,синий:норма,контраст:умеренный,центр:оттенок_как_периферия,насыщенность_центра:умеренно_выше,яркость_центра:темнее,ободок:слегка_темнее,яркость_асимметрия:слабая,яркость_асимметрия:слабая,насыщенность_асимметрия:слабая,насыщенность_асимметрия:слабая,разнообразие_оттенка:среднее,разнообразие_насыщенности:среднее,разнообразие_яркости:среднее,вариабельность_оттенка:низкая,вариабельность_насыщенности:средняя,вариабельность_яркости:средняя,насыщенность:средняя,яркость:средняя,энергия_текстуры:низкая,энтропия_текстуры:высокая,энтропия_lbp:высокая,среднее_lbp:среднее,разброс_lbp:средний,медиана_lbp:типичная,темные_пиксели:нет,белые_пиксели:единичные,красные_пиксели:преобладают,синие_пиксели:нет,яркие_выбросы:нет,темные_выбросы:много
/kaggle/input/datasets/mihailodin1/all-image-skin/1166.jpg,success,5.014646574962005,123.06296941485564,128.76672758945654,4.96348106128861,53.14406243744875,50.09259254085578,0.2612378881480931,0.2972350239589288,0.44152708446395267,0.5214068527509655,2.4569675720675836,2.3694225586897377,65.97465119808358,28.448123831688694,"[[5, 176, 77], [8, 101, 159], [178, 53, 180]]",0.08910671959334038,0.0003188927282938763,0.8982874984531323,2.1418168318245423e-05,-0.05337284650619267,72.1571924863944,-74.48285131859788,18.475328883335507,-11.086083242647874,-19.365965234949485,19.60969749602117,-55.895048840316036,0.0,0.007872366755195096,420204,2537.537351131439,3.914554577206352,0.8200591130758162,1.2426470588235294,0.6485895508605508,0.9811179781970669,0.7312982944657153,1587.389043465449,1.0632631575498903,0.9344615475642414,0.2529205108846198,0.8954211219465568,0.2587815155227407,5.488009350790854,0.24564824240972513,2.0352173164177905,4.922721121025211,2.0749954008775853,5.0,215.2304915084525,2.0,0.4456183048420401,1.3281676316804072,0.41211264602550934,выраженная,умеренно неровные,выраженный,умеренно разнообразная,неоднородная,лобуляции слабые,с примесью красного или синего,умеренно вытянутая,тёмный ободок по краю,цвет неоднородный,грубая,овальная,красноватый,средне упорядоченная,размер:средний,периметр:средний,выпуклость:средняя,плотность:высокая,заполнение_bbox:среднее,вариация_радиуса:средняя,граница:сильно_изрезанная,форма:умеренно_вытянутая,отношение_периметр_площадь:среднее,красный:понижен,зеленый:норма,синий:повышен,контраст:выраженный,центр:оттенок_как_периферия,насыщенность_центра:выше,яркость_центра:значительно_темнее,ободок:темнее_центра,яркость_асимметрия:сильная_право_лево,яркость_асимметрия:сильная_верх_низ,насыщенность_асимметрия:слабая,насыщенность_асимметрия:слабая,разнообразие_оттенка:среднее,разнообразие_насыщенности:высокое,разнообразие_яркости:высокое,вариабельность_оттенка:низкая,вариабельность_насыщенности:высокая,вариабельность_яркости:высокая,насыщенность:средняя,яркость:средняя,энергия_текстуры:низкая,энтропия_текстуры:высокая,энтропия_lbp:средняя,среднее_lbp:среднее,разброс_lbp:средний,медиана_lbp:типичная,темные_пиксели:много,белые_пиксели:единичные,красные_пиксели:много,синие_пиксели:нет,яркие_выбросы:нет,темные_выбросы:нет
/kaggle/input/datasets/mihailodin1/all-image-skin/1167.jpg,success,9.683987950544335,136.33606988657013,183.80263443647658,3.0833351548876906,49.70445949742744,28.72620525217474,0.22888865768459907,0.30486892141884797,0.4662424183599037,0.5978195342719443,2.454154471277781,1.93003063237048,61.66448727689609,20.192794353142837,"[[11, 70, 212], [8, 192, 146], [10, 147, 188]]",0.0,0.008942547226710753,0.8939198925904688,0.0,-2.397031102238415,63.385181767167495,-40.36437083597389,-5.366688756072904,2.4137256648581342,-0.9338995210163716,16.270268155415536,-32.491940633979084,1.7593698816768774e-05,0.051330166101010925,1818833,5213.237046957016,3.8655479090283786,0.8409840199443516,1.26311844077961,0.6186507195538018,0.9840034711082715,0.8091650020686986,4875.220985683671,1.0568718631081604,0.9435438339691877,0.2230489428645708,0.8965760276125402,0.26916241832708243,5.402220502528249,0.2359568092666562,2.051035865802165,4.854314249248132,2.1035089804820104,5.0,131.13116580274274,1.0,0.44088458016670595,1.0365393695602643,0.4103545342446803,умеренная,умеренно неровные,выраженный,монотонная,неоднородная,лобуляции слабые,с примесью красного или синего,умеренно вытянутая,тёмный ободок по краю,цвет умеренно неоднородный,грубая,овальная,красноватый,средне упорядоченная,размер:крупный,периметр:большой,выпуклость:средняя,плотность:высокая,заполнение_bbox:высокое,вариация_радиуса:высокая,граница:сильно_изрезанная,форма:умеренно_вытянутая,отношение_периметр_площадь:среднее,красный:норма,зеленый:норма,синий:норма,контраст:выраженный,центр:оттенок_как_периферия,насыщенность_центра:выше,яркость_центра:темнее,ободок:слегка_темнее,яркость_асимметрия:слабая,яркость_асимметрия:слабая,насыщенность_асимметрия:слабая,насыщенность_асимметрия:слабая,разнообразие_оттенка:среднее,разнообразие_насыщенности:высокое,разнообразие_яркости:среднее,вариабельность_оттенка:низкая,вариабельность_насыщенности:высокая,вариабельность_яркости:средняя,насыщенность:средняя,яркость:высокая,энергия_текстуры:низкая,энтропия_текстуры:высокая,энтропия_lbp:средняя,среднее_lbp:низкое,разброс_lbp:средний,медиана_lbp:типичная,темные_пиксели:нет,белые_пиксели:присутствуют,красные_пиксели:много,синие_пиксели:нет,яркие_выбросы:нет,темные_выбросы:много
/kaggle/input/datasets/mihailodin1/all-image-skin/1168.jpg,success,8.635422008781912,113.5624624802674,148.34788073727665,4.934865792718862,51.12860647127024,39.365878672827634,0.25742343003266505,0.3111597150149892,0.43141685204412833,0.7899359852301437,2.4878789694396923,2.213135330016166,24.597355206330192,10.144333336099942,"[[8, 181, 95], [1, 55, 178], [11, 98, 164]]",0.009156667580727642,0.0003698241297274863,0.8617969450599945,7.411305204959645e-07,1.088654034193695,-8.53207603017583,28.18827113352762,29.25504136652623,-30.68769208197068,-26.87468697127386,47.2818133683635,-1.2864735821113413,7.411305204959645e-07,0.04566179249827687,1349290,8659.1764190197,7.454592998056629,0.22613198234324872,1.1024423337856173,0.7318551315270854,0.6964702894608341,0.5633190689907108,49098.003477005106,1.627866939568901,1.083081450796976,0.26735145060260074,0.8928930413897294,0.2825459066531784,5.407359534344318,0.24323885082269936,2.056254204534895,4.910707429753157,2.137074842243493,5.0,171.9082349860314,1.0,0.41714873265635133,1.2669243741724767,0.5082343929835769,умеренная,фестончатые,умеренный,монотонная,неоднородная,лобуляции выраженные,с примесью красного или синего,умеренно вытянутая,без выраженного ободка,цвет умеренно неоднородный,грубая,неправильная,красноватый,средне упорядоченная,размер:крупный,периметр:очень_большой,выпуклость:низкая,плотность:низкая,заполнение_bbox:низкое,вариация_радиуса:высокая,граница:сильно_изрезанная,форма:умеренно_вытянутая,отношение_периметр_площадь:высокое,красный:понижен,зеленый:повышен,синий:повышен,контраст:умеренный,центр:оттенок_как_периферия,насыщенность_центра:равна,яркость_центра:светлее,ободок:одинаковый,яркость_асимметрия:сильная_право_лево,яркость_асимметрия:сильная_верх_низ,насыщенность_асимметрия:сильная_лево_право,насыщенность_асимметрия:сильная_низ_верх,разнообразие_оттенка:высокое,разнообразие_насыщенности:высокое,разнообразие_яркости:высокое,вариабельность_оттенка:низкая,вариабельность_насыщенности:высокая,вариабельность_яркости:высокая,насыщенность:средняя,яркость:средняя,энергия_текстуры:низкая,энтропия_текстуры:высокая,энтропия_lbp:средняя,среднее_lbp:среднее,разброс_lbp:средний,медиана_lbp:типичная,темные_пиксели:единичные,белые_пиксели:единичные,красные_пиксели:много,синие_пиксели:нет,яркие_выбросы:нет,темные_выбросы:много
/kaggle/input/datasets/mihailodin1/all-image-skin/1169.jpg,success,10.6698966873495,122.90404875861105,153.61708830513834,3.7594749295710805,50.43545687895252,24.928919957519533,0.24222278499793398,0.31594251526395445,0.4418346968618859,0.7871773469550379,2.441538920201893,1.786054993497722,54.188826596147806,20.149824150257288,"[[11, 168, 132], [4, 48, 182], [12, 93, 170]]",0.0,5.8816177389591007e-05,0.8261026195255005,0.0,0.7808239077762522,66.12372095787623,-32.44438274759702,-2.318334896822222,1.1152154385856647,-4.3480910401917185,10.57686630407322,-29.471146674261888,1.838005543424719e-05,0.018413139534028834,272034,2106.5352631807327,4.0388445666824655,0.770363299036633,0.9888888888888889,0.7572570106311916,0.971737406499825,0.6930979133226324,2173.9694262767257,1.0719374712590386,0.9427934396876383,0.22275991795011277,0.8926191119453876,0.2958649508867085,5.183673854935627,0.24057705569603358,2.0470017164797287,4.827691554758003,2.081031363865236,5.0,117.70743529292233,1.0,0.3786285053155958,1.0757539360891828,0.41883210112347335,умеренная,умеренно неровные,выраженный,монотонная,неоднородная,лобуляции слабые,с примесью красного или синего,умеренно вытянутая,тёмный ободок по краю,цвет умеренно неоднородный,грубая,овальная,красноватый,средне упорядоченная,размер:маленький,периметр:средний,выпуклость:средняя,плотность:высокая,заполнение_bbox:низкое,вариация_радиуса:средняя,граница:сильно_изрезанная,форма:умеренно_вытянутая,отношение_периметр_площадь:среднее,красный:понижен,зеленый:повышен,синий:норма,контраст:выраженный,центр:оттенок_как_периферия,насыщенность_центра:выше,яркость_центра:темнее,ободок:слегка_темнее,яркость_асимметрия:слабая,яркость_асимметрия:слабая,насыщенность_асимметрия:слабая,насыщенность_асимметрия:слабая,разнообразие_оттенка:высокое,разнообразие_насыщенности:высокое,разнообразие_яркости:среднее,вариабельность_оттенка:низкая,вариабельность_насыщенности:высокая,вариабельность_яркости:средняя,насыщенность:средняя,яркость:средняя,энергия_текстуры:низкая,энтропия_текстуры:высокая,энтропия_lbp:средняя,среднее_lbp:низкое,разброс_lbp:средний,медиана_lbp:типичная,темные_пиксели:нет,белые_пиксели:нет,красные_пиксели:умеренно,синие_пиксели:нет,яркие_выбросы:нет,темные_выбросы:умеренно
/kaggle/input/datasets/mihailodin1/all-image-skin/117.jpg,success,8.053125735840386,166.6154726660354,112.85910512878905,2.349658448027413,35.44747221093029,42.742192975558574,0.20059536336485667,0.28793900380040516,0.511465628302843,0.23598935350051958,2.0349657942480275,2.2710914860306084,75.4355473534525,36.902269015159945,"[[9, 113, 169], [10, 168, 129], [7, 194, 73]]",0.04904052450527981,0.0,0.9989392432069615,0.0,-2.2322806647921283,40.28492671973447,-63.77587408674938,-1.030697994374563,3.579616784591167,-8.665529440349019,0.7195354952534103,-58.0622161852303,8.989464347784397e-05,0.0,166862,1559.148399233818,3.816881973530806,0.8625661330031515,0.7342007434944238,0.6891143318674949,0.9913025914000214,0.7851959907769046,783.0523317351051,1.0409425547332911,1.0043358691091318,0.1601532762033435,0.9208581136088375,0.31370790340663796,5.112980040465893,0.2421526560705868,2.0259702672637774,5.044987006708165,2.0234186969270738,5.0,120.28846118584414,1.0,0.34455716593374747,0.919215938507599,0.41148338159482317,умеренная,умеренно неровные,выраженный,монотонная,неоднородная,лобуляции слабые,с примесью красного или синего,умеренно вытянутая,тёмный ободок по краю,цвет умеренно неоднородный,грубая,округлая,красноватый,средне упорядоченная,размер:маленький,периметр:средний,выпуклость:высокая,плотность:высокая,заполнение_bbox:среднее,вариация_радиуса:средняя,граница:сильно_изрезанная,форма:умеренно_вытянутая,отношение_периметр_площадь:среднее,красный:норма,зеленый:норма,синий:норма,контраст:выраженный,центр:оттенок_как_периферия,насыщенность_центра:умеренно_выше,яркость_центра:значительно_темнее,ободок:темнее_центра,яркость_асимметрия:слабая,яркость_асимметрия:слабая,насыщенность_асимметрия:слабая,насыщенность_асимметрия:слабая,разнообразие_оттенка:низкое,разнообразие_насыщенности:среднее,разнообразие_яркости:высокое,вариабельность_оттенка:низкая,вариабельность_насыщенности:средняя,вариабельность_яркости:высокая,насыщенность:высокая,яркость:средняя,энергия_текстуры:низкая,энтропия_текстуры:высокая,энтропия_lbp:средняя,среднее_lbp:среднее,разброс_lbp:низкий,медиана_lbp:типичная,темные_пиксели:единичные,белые_пиксели:нет,красные_пиксели:преобладают,синие_пиксели:нет,яркие_выбросы:нет,темные_выбросы:нет
/kaggle/input/datasets/mihailodin1/all-image-skin/1170.jpg,success,7.390387304440623,154.9828129973944,131.8384905148732,2.714749076902846,44.244704019041315,33.33312078579286,0.2152324175490283,0.287229797740661,0.49753778093646756,0.22203370653548135,2.174895672615855,2.0525222421870866,64.01481495627436,28.53773679713457,"[[9, 142, 149], [4, 82, 179], [8, 190, 105]]",0.00013853354869896366,0.0,0.9927962554676539,0.0,0.20535090909035603,57.06508374801666,-47.28679949749518,-1.9691789792364318,-2.601884412035787,1.9370942427572402,-0.04053874565045135,-39.18523169941919,0.006063053397314218,0.0007516181897496964,339268,2248.2753776311874,3.859917789544011,0.8434391466702995,1.3046471600688467,0.671050726611406,0.9806964092661861,0.7703668045722278,1452.4168925665197,1.049159761514503,0.8978256670597198,0.1949501362346194,0.9075185726472862,0.3279400775209192,5.104659360535814,0.2407461269068677,2.0275549719263637,4.906499673532379,2.0428864556504682,5.0,111.10593053428211,1.0,0.48784894334012635,0.9217783105789736,0.4122459057614499,умеренная,умеренно неровные,выраженный,монотонная,неоднородная,лобуляции слабые,с примесью красного или синего,умеренно вытянутая,тёмный ободок по краю,цвет умеренно неоднородный,грубая,овальная,красноватый,средне упорядоченная,размер:маленький,периметр:средний,выпуклость:высокая,плотность:высокая,заполнение_bbox:среднее,вариация_радиуса:средняя,граница:сильно_изрезанная,форма:умеренно_вытянутая,отношение_периметр_площадь:среднее,красный:норма,зеленый:норма,синий:норма,контраст:выраженный,центр:оттенок_как_периферия,насыщенность_центра:умеренно_выше,яркость_центра:темнее,ободок:слегка_темнее,яркость_асимметрия:слабая,яркость_асимметрия:слабая,насыщенность_асимметрия:слабая,насыщенность_асимметрия:слабая,разнообразие_оттенка:низкое,разнообразие_насыщенности:среднее,разнообразие_яркости:среднее,вариабельность_оттенка:низкая,вариабельность_насыщенности:средняя,вариабельность_яркости:средняя,насыщенность:средняя,яркость:средняя,энергия_текстуры:низкая,энтропия_текстуры:высокая,энтропия_lbp:средняя,среднее_lbp:среднее,разброс_lbp:низкий,медиана_lbp:типичная,темные_пиксели:нет,белые_пиксели:нет,красные_пиксели:преобладают,синие_пиксели:нет,яркие_выбросы:единичные,темные_выбросы:нет
/kaggle/input/datasets/mihailodin1/all-image-skin/1171.jpg,success,5.027450375457935,113.82675076496739,177.21451417354658,5.567598197345147,52.232446263257565,32.25356807379349,0.2616682273007046,0.2987752658796523,0.4395565043391853,0.5755686440160914,2.425549272762013,1.8977959869083283,52.934579060618596,18.102298871262736,"[[8, 173, 140], [176, 52, 207], [7, 91, 195]]",0.0,0.004933317937763408,0.8886467294036141,2.8866693608914036e-06,4.060528404224613,90.6184364412397,-57.74183868375559,9.710609846559976,-14.726399054275447,-8.449261181916683,9.721401972984168,-36.391332428801434,6.062005657871947e-05,0.03990243057560187,346420,2314.2825179100037,3.932012556339699,0.8127932195068667,0.9313304721030042,0.43873065273742284,0.9772541983677637,0.7612806532922828,334.26911839324737,1.0801796142916515,0.9588850140383601,0.19773499492438673,0.9025798175125619,0.2954709311483186,5.25053464865857,0.21942157409991628,2.079180468433336,4.886541771327566,2.1424767411959684,5.0,195.02847558495617,2.0,0.21936532636871142,1.174338910952705,0.2757623521525799,выраженная,умеренно неровные,выраженный,умеренно разнообразная,неоднородная,лобуляции слабые,с примесью красного или синего,умеренно вытянутая,тёмный ободок по краю,цвет умеренно неоднородный,грубая,овальная,красноватый,средне упорядоченная,размер:маленький,периметр:средний,выпуклость:низкая,плотность:высокая,заполнение_bbox:среднее,вариация_радиуса:низкая,граница:сильно_изрезанная,форма:округлая,отношение_периметр_площадь:среднее,красный:понижен,зеленый:норма,синий:повышен,контраст:выраженный,центр:оттенок_как_периферия,насыщенность_центра:выше,яркость_центра:значительно_темнее,ободок:слегка_темнее,яркость_асимметрия:слабая,яркость_асимметрия:слабая,насыщенность_асимметрия:слабая,насыщенность_асимметрия:слабая,разнообразие_оттенка:среднее,разнообразие_насыщенности:высокое,разнообразие_яркости:среднее,вариабельность_оттенка:средняя,вариабельность_насыщенности:высокая,вариабельность_яркости:средняя,насыщенность:средняя,яркость:высокая,энергия_текстуры:низкая,энтропия_текстуры:высокая,энтропия_lbp:средняя,среднее_lbp:низкое,разброс_lbp:средний,медиана_lbp:типичная,темные_пиксели:нет,белые_пиксели:единичные,красные_пиксели:много,синие_пиксели:нет,яркие_выбросы:нет,темные_выбросы:умеренно
/kaggle/input/datasets/mihailodin1/all-image-skin/1172.jpg,success,4.0265729609402525,128.5878643816776,154.44175090480653,4.536516904175197,45.12898241269566,28.57139291311708,0.24821013074827403,0.282629347792611,0.46916051842118106,0.4823411606713577,2.2887560053019214,1.902888573837314,50.93204469899996,20.41241258398362,"[[6, 168, 133], [177, 70, 184], [5, 101, 171]]",0.004245481980755304,6.013430567642074e-05,0.9685669393614252,7.55974128503575e-05,2.232841681765933,61.481163664092136,-30.937325018371666,1.4589605342733876,-12.008792999371792,-0.28026744089117983,3.487730773992837,-23.864031049041444,0.00028520842120816693,0.034621037900934744,1164061,4171.369077682495,3.8662572538011406,0.8406754564655793,0.8886430678466076,0.5779148340111102,0.9846990523191239,0.7124083526114151,2722.772909093225,1.0560884691852057,0.9755583956622823,0.18938361483482583,0.9173965258285945,0.3234368038202964,5.093155345296615,0.2118234629144675,2.1055077282156898,5.035770980873683,2.224266997573146,5.0,111.88708211275893,2.0,0.2889574170055551,1.00880627356514,0.4106427532795238,умеренная,умеренно неровные,выраженный,умеренно разнообразная,неоднородная,лобуляции слабые,с примесью красного или синего,умеренно вытянутая,тёмный ободок по краю,цвет умеренно неоднородный,грубая,овальная,красноватый,средне упорядоченная,размер:крупный,периметр:большой,выпуклость:средняя,плотность:высокая,заполнение_bbox:среднее,вариация_радиуса:средняя,граница:сильно_изрезанная,форма:умеренно_вытянутая,отношение_периметр_площадь:среднее,красный:норма,зеленый:норма,синий:норма,контраст:выраженный,центр:оттенок_как_периферия,насыщенность_центра:выше,яркость_центра:темнее,ободок:слегка_темнее,яркость_асимметрия:слабая,яркость_асимметрия:слабая,насыщенность_асимметрия:слабая,насыщенность_асимметрия:слабая,разнообразие_оттенка:среднее,разнообразие_насыщенности:среднее,разнообразие_яркости:среднее,вариабельность_оттенка:низкая,вариабельность_насыщенности:высокая,вариабельность_яркости:средняя,насыщенность:средняя,яркость:средняя,энергия_текстуры:низкая,энтропия_текстуры:высокая,энтропия_lbp:высокая,среднее_lbp:среднее,разброс_lbp:средний,медиана_lbp:типичная,темные_пиксели:единичные,белые_пиксели:нет,красные_пиксели:много,синие_пиксели:нет,яркие_выбросы:нет,темные_выбросы:умеренно
/kaggle/input/datasets/mihailodin1/all-image-skin/1173.jpg,success,2.0519305819440654,113.60496604631756,174.11062092659515,5.127002609986211,29.287150010387677,26.709158569452384,0.2637151145987066,0.281112288355251,0.45517259443170843,0.6382146043238155,2.0091791624807165,1.8583878745892863,35.27214072592538,13.341473367649217,"[[5, 136, 161], [173, 76, 195], [2, 101, 182]]",0.00019032606759503492,0.00013664435622207636,0.9783296691498525,3.416108905551909e-05,4.04254670605431,28.022349469979275,-23.6489607249203,-7.462795285563914,3.323697583637781,10.291934495003687,12.841402129259507,-22.333968594224388,0.010675340329849715,0.04052725200879404,409823,2525.044929623604,3.9443091414373135,0.8077332704387906,1.0513176144244105,0.7138919270213593,0.982334315292922,0.7498801503335664,2711.7749192068923,1.0376594752889352,0.9235133819034701,0.22083154379520142,0.9068429788125593,0.35532895524058405,5.018333142784547,0.20766881241757326,2.103184504545904,4.98564242605494,2.20141519426607,5.0,89.63368639441877,2.0,0.3826047707228849,0.8904168238788949,0.422025343021118,умеренная,умеренно неровные,умеренный,умеренно разнообразная,неоднородная,лобуляции слабые,с примесью красного или синего,умеренно вытянутая,тёмный ободок по краю,цвет умеренно неоднородный,грубая,овальная,красноватый,хаотичная,размер:средний,периметр:средний,выпуклость:высокая,плотность:высокая,заполнение_bbox:среднее,вариация_радиуса:средняя,граница:сильно_изрезанная,форма:умеренно_вытянутая,отношение_периметр_площадь:среднее,красный:норма,зеленый:норма,синий:повышен,контраст:умеренный,центр:оттенок_как_периферия,насыщенность_центра:умеренно_выше,яркость_центра:темнее,ободок:слегка_темнее,яркость_асимметрия:слабая,яркость_асимметрия:слабая,насыщенность_асимметрия:слабая,насыщенность_асимметрия:слабая,разнообразие_оттенка:среднее,разнообразие_насыщенности:среднее,разнообразие_яркости:среднее,вариабельность_оттенка:средняя,вариабельность_насыщенности:низкая,вариабельность_яркости:средняя,насыщенность:средняя,яркость:высокая,энергия_текстуры:низкая,энтропия_текстуры:высокая,энтропия_lbp:высокая,среднее_lbp:среднее,разброс_lbp:средний,медиана_lbp:типичная,темные_пиксели:нет,белые_пиксели:единичные,красные_пиксели:преобладают,синие_пиксели:нет,яркие_выбросы:много,темные_выбросы:много
/kaggle/input/datasets/mihailodin1/all-image-skin/1174.jpg,success,2.6237801634063773,131.58712760366242,169.79413202032217,3.6969309620047137,32.92592985320959,20.34490835304713,0.24561644569344343,0.269889596311112,0.4844939551420247,0.48416908708908557,2.1126034613798836,1.6610745046766417,33.08633063527824,13.048723874647846,"[[4, 121, 177], [177, 94, 189], [5, 166, 150]]",0.0,9.220584031792574e-06,0.9995896840105852,0.0,3.1760596348726153,40.41412149091859,-21.575704881673403,7.5772557989716915,-10.251422388223105,6.657225026940239,1.6988121636562141,-16.98839222032916,0.0031764911989525415,0.03091892340460845,433812,2685.46123111248,4.077257182309318,0.7559161971694628,0.8748510131108462,0.4391272566931967,0.9582346704364729,0.7044392409544254,883.8739767334298,1.0946263974987769,1.0333013556715396,0.18568130911968098,0.9086965427075663,0.3490140453000589,4.9093580519236255,0.2191199391397929,2.074230597500655,4.913063142464838,2.1383013355052767,5.0,91.35060138525586,2.0,0.21956362834659834,0.7769816859016625,0.4149063694235658,умеренная,умеренно неровные,умеренный,умеренно разнообразная,неоднородная,лобуляции слабые,с примесью красного или синего,умеренно вытянутая,без выраженного ободка,цвет однородный,грубая,овальная,красноватый,средне упорядоченная,размер:средний,периметр:средний,выпуклость:низкая,плотность:средняя,заполнение_bbox:среднее,вариация_радиуса:средняя,граница:сильно_изрезанная,форма:округлая,отношение_периметр_площадь:среднее,красный:норма,зеленый:понижен,синий:норма,контраст:умеренный,центр:оттенок_как_периферия,насыщенность_центра:умеренно_выше,яркость_центра:темнее,ободок:слегка_темнее,яркость_асимметрия:слабая,яркость_асимметрия:слабая,насыщенность_асимметрия:слабая,насыщенность_асимметрия:слабая,разнообразие_оттенка:среднее,разнообразие_насыщенности:среднее,разнообразие_яркости:среднее,вариабельность_оттенка:низкая,вариабельность_насыщенности:средняя,вариабельность_яркости:средняя,насыщенность:средняя,яркость:средняя,энергия_текстуры:низкая,энтропия_текстуры:высокая,энтропия_lbp:средняя,среднее_lbp:среднее,разброс_lbp:средний,медиана_lbp:типичная,темные_пиксели:нет,белые_пиксели:нет,красные_пиксели:преобладают,синие_пиксели:нет,яркие_выбросы:единичные,темные_выбросы:умеренно
/kaggle/input/datasets/mihailodin1/all-image-skin/1175.jpg,success,7.87440095025371,132.35300897726634,145.07484178895615,3.51286879535556,46.538466304107686,24.223201840686453,0.236901019326848,0.29885602815815093,0.46424294931497717,0.4805801414592413,2.3711138294561533,1.7965031951213468,53.803713357801165,21.748942336364454,"[[8, 178, 120], [4, 65, 174], [10, 123, 155]]",0.0,0.0,0.9427847642608592,0.0,-0.04028505233101498,62.64206318216162,-33.02391805708629,-7.0550345587507195,6.686649360157503,-1.723457135353641,7.098723851022385,-32.331627649800424,0.00035296837028568574,0.019581935516114726,320142,2250.1748723983765,3.9769025004456697,0.7945477030802061,1.3967684021543985,0.7470033298694664,0.9706361213605921,0.738767636022947,2516.912608057834,1.0563434411106456,0.9111534820794245,0.16974839111365833,0.9161334015687769,0.31482624730247527,5.056187349931389,0.21544426331657027,2.077431518308008,4.952001812677413,2.1417662113686005,5.0,118.27013119686318,1.0,0.5718858660119324,0.9448573433246037,0.4188646552002316,умеренная,умеренно неровные,выраженный,монотонная,неоднородная,лобуляции слабые,с примесью красного или синего,вытянутая,тёмный ободок по краю,цвет умеренно неоднородный,грубая,овальная,красноватый,средне упорядоченная,размер:маленький,периметр:средний,выпуклость:средняя,плотность:высокая,заполнение_bbox:среднее,вариация_радиуса:средняя,граница:сильно_изрезанная,форма:умеренно_вытянутая,отношение_периметр_площадь:среднее,красный:норма,зеленый:норма,синий:норма,контраст:выраженный,центр:оттенок_как_периферия,насыщенность_центра:выше,яркость_центра:темнее,ободок:слегка_темнее,яркость_асимметрия:слабая,яркость_асимметрия:слабая,насыщенность_асимметрия:слабая,насыщенность_асимметрия:слабая,разнообразие_оттенка:среднее,разнообразие_насыщенности:высокое,разнообразие_яркости:среднее,вариабельность_оттенка:низкая,вариабельность_насыщенности:высокая,вариабельность_яркости:средняя,насыщенность:средняя,яркость:средняя,энергия_текстуры:низкая,энтропия_текстуры:высокая,энтропия_lbp:средняя,среднее_lbp:среднее,разброс_lbp:средний,медиана_lbp:типичная,темные_пиксели:нет,белые_пиксели:нет,красные_пиксели:много,синие_пиксели:нет,яркие_выбросы:нет,темные_выбросы:умеренно
/kaggle/input/datasets/mihailodin1/all-image-skin/1176.jpg,success,6.917055925423819,133.7306734386412,172.74188875748325,3.7315226364164116,43.35862077889861,25.829356413968338,0.23571185179385346,0.29407283647965665,0.4702153090044203,0.34622459283203905,2.3087988027588553,1.8473124623237642,55.115199572679145,19.69009864509708,"[[8, 119, 186], [1, 69, 203], [8, 175, 147]]",0.0,5.806295858277486e-05,0.9823977557138536,0.0,1.9832978358334685,60.68559976919532,-36.884537594851025,-13.10966696386484,11.676364034742377,6.089703462850537,1.8631747757051471,-33.79377459875727,0.00022002805357683106,0.019665007288429275,327231,2264.5596483945847,3.958736038209437,0.8018567226612228,1.2728813559322034,0.6889569962379064,0.9791091310032823,0.7385203908912411,1631.8984383461689,1.067701587623439,0.9201522186816894,0.2147703296587576,0.8950106614024412,0.2960758919254204,5.176894664563839,0.2355715649148733,2.055967134421084,4.834333918290693,2.0967453261781066,5.0,132.29234443704271,1.0,0.4809191760850549,0.9028200080172262,0.4140947265786761,умеренная,умеренно неровные,выраженный,монотонная,неоднородная,лобуляции слабые,с примесью красного или синего,умеренно вытянутая,тёмный ободок по краю,цвет умеренно неоднородный,грубая,овальная,красноватый,средне упорядоченная,размер:маленький,периметр:средний,выпуклость:средняя,плотность:высокая,заполнение_bbox:среднее,вариация_радиуса:средняя,граница:сильно_изрезанная,форма:умеренно_вытянутая,отношение_периметр_площадь:среднее,красный:норма,зеленый:норма,синий:норма,контраст:выраженный,центр:оттенок_как_периферия,насыщенность_центра:выше,яркость_центра:темнее,ободок:слегка_темнее,яркость_асимметрия:слабая,яркость_асимметрия:слабая,насыщенность_асимметрия:слабая,насыщенность_асимметрия:слабая,разнообразие_оттенка:низкое,разнообразие_насыщенности:высокое,разнообразие_яркости:среднее,вариабельность_оттенка:низкая,вариабельность_насыщенности:средняя,вариабельность_яркости:средняя,насыщенность:средняя,яркость:высокая,энергия_текстуры:низкая,энтропия_текстуры:высокая,энтропия_lbp:средняя,среднее_lbp:низкое,разброс_lbp:средний,медиана_lbp:типичная,темные_пиксели:нет,белые_пиксели:нет,красные_пиксели:преобладают,синие_пиксели:нет,яркие_выбросы:нет,темные_выбросы:умеренно
/kaggle/input/datasets/mihailodin1/all-image-skin/1177.jpg,success,8.02780166196363,140.89141914122126,161.72039195348964,2.6483726610023504,50.15845476346035,22.2588073080532,0.22616739517670822,0.2951817970913491,0.47865080477219085,0.29244745911809916,2.4376120217814234,1.7232469688707737,53.08105900944156,19.745787314405785,"[[7, 76, 185], [9, 142, 167], [7, 194, 137]]",0.0,7.55856311715143e-05,0.9659906651745503,0.0,-0.13450992941814377,69.23008131895085,-28.627716717343077,4.180243191643484,-8.99672671171649,4.1980344193592884,-5.534660214508051,-24.134984151618795,0.0006802706805436287,0.031414228155227694,476281,2852.8409547805786,4.133766411442494,0.7353904738755311,1.5411061285500747,0.7795358904850198,0.9615408686312789,0.6905235168665249,4883.3585117255925,1.0726600557019719,0.9423636453806377,0.23008147447725605,0.8908953158781346,0.29187758443084044,5.212147167714811,0.2631200696693244,2.0053571601397238,4.822269241500596,2.0203935529917305,5.0,120.90197250293939,1.0,0.6603210095175472,0.8855635741947386,0.4257344641475955,умеренная,умеренно неровные,выраженный,монотонная,неоднородная,лобуляции слабые,с примесью красного или синего,вытянутая,тёмный ободок по краю,цвет умеренно неоднородный,грубая,овальная,красноватый,упорядоченная,размер:средний,периметр:средний,выпуклость:средняя,плотность:средняя,заполнение_bbox:низкое,вариация_радиуса:высокая,граница:сильно_изрезанная,форма:умеренно_вытянутая,отношение_периметр_площадь:среднее,красный:норма,зеленый:норма,синий:норма,контраст:выраженный,центр:оттенок_как_периферия,насыщенность_центра:выше,яркость_центра:темнее,ободок:слегка_темнее,яркость_асимметрия:слабая,яркость_асимметрия:слабая,насыщенность_асимметрия:слабая,насыщенность_асимметрия:слабая,разнообразие_оттенка:низкое,разнообразие_насыщенности:высокое,разнообразие_яркости:среднее,вариабельность_оттенка:низкая,вариабельность_насыщенности:высокая,вариабельность_яркости:средняя,насыщенность:средняя,яркость:средняя,энергия_текстуры:низкая,энтропия_текстуры:высокая,энтропия_lbp:средняя,среднее_lbp:низкое,разброс_lbp:низкий,медиана_lbp:типичная,темные_пиксели:нет,белые_пиксели:нет,красные_пиксели:много,синие_пиксели:нет,яркие_выбросы:нет,темные_выбросы:умеренно
/kaggle/input/datasets/mihailodin1/all-image-skin/1178.jpg,success,3.6924534754204554,116.97549310842,184.12107600079216,5.225764369302436,37.588527110585304,19.993949660688504,0.25739490431054357,0.28758613266791655,0.45501896055023666,0.5585054862263445,2.2297366801845917,1.58069980343594,35.05676681272516,12.0239132401344,"[[176, 76, 200], [7, 159, 163], [5, 105, 192]]",0.0,7.403335572842344e-06,0.9893614067818256,0.0,4.570965040540301,41.35798692946992,-16.1622008497599,10.334363024800524,-15.774445195373772,10.613109884860165,-9.560506130327965,-16.172264994361882,0.00012955837252474103,0.04876947308609894,540297,2903.8287621736526,3.9505241817121237,0.8051937867036082,1.2366013071895425,0.607608477848744,0.9618395216232623,0.7465862454918543,1614.5569315961259,1.0691167654546745,0.9555770850063,0.19556579040563493,0.9041607260103288,0.347309145681346,4.962202530779773,0.2183681102838417,2.087458388102496,4.8987973061742505,2.1711298058390422,5.0,108.37357705513254,2.0,0.4221048925191433,0.8896432849127387,0.41305428399200694,умеренная,умеренно неровные,умеренный,умеренно разнообразная,неоднородная,лобуляции слабые,с примесью красного или синего,умеренно вытянутая,без выраженного ободка,цвет умеренно неоднородный,грубая,овальная,красноватый,средне упорядоченная,размер:средний,периметр:средний,выпуклость:средняя,плотность:средняя,заполнение_bbox:среднее,вариация_радиуса:средняя,граница:сильно_изрезанная,форма:умеренно_вытянутая,отношение_периметр_площадь:среднее,красный:норма,зеленый:норма,синий:повышен,контраст:умеренный,центр:оттенок_как_периферия,насыщенность_центра:умеренно_выше,яркость_центра:равная,ободок:слегка_темнее,яркость_асимметрия:слабая,яркость_асимметрия:слабая,насыщенность_асимметрия:слабая,насыщенность_асимметрия:слабая,разнообразие_оттенка:среднее,разнообразие_насыщенности:среднее,разнообразие_яркости:низкое,вариабельность_оттенка:средняя,вариабельность_насыщенности:средняя,вариабельность_яркости:низкая,насыщенность:средняя,яркость:высокая,энергия_текстуры:низкая,энтропия_текстуры:высокая,энтропия_lbp:средняя,среднее_lbp:низкое,разброс_lbp:средний,медиана_lbp:типичная,темные_пиксели:нет,белые_пиксели:нет,красные_пиксели:преобладают,синие_пиксели:нет,яркие_выбросы:нет,темные_выбросы:много
/kaggle/input/datasets/mihailodin1/all-image-skin/1179.jpg,success,0.9748349605886357,112.67338961717893,199.3669090196212,11.560405069479046,46.834480197131604,15.919258716659455,0.26605202485026996,0.29025895181990974,0.4436890211006204,1.030955382557741,2.402661843782159,1.4390289363566757,38.760144939807425,11.857729133973935,"[[171, 63, 214], [149, 38, 218], [7, 138, 192]]",0.0,0.018330605797150862,0.832811265860907,0.0003402317269281692,12.357610038863754,54.00264007906951,-15.33807461835201,7.017270507146549,-28.04078908593931,6.317966942487374,-8.338499290984757,-18.639899149377726,0.008066120022956763,0.0345338754311496,1407864,5985.882920026779,5.044845450741772,0.49375798466966786,1.1653481012658229,0.5870612961760662,0.863289130458777,0.7561550955167702,9913.766746289015,1.2178014652138764,1.0018542088871825,0.2006483484940579,0.904006049084385,0.31970472306663383,5.080266296650278,0.21312010653260743,2.0972642135437516,4.9234974118935275,2.2033428392714707,5.0,131.41285056284326,3.0,0.37620469872094453,1.2706230704266472,0.45052296924147006,умеренная,фестончатые,умеренный,умеренно разнообразная,неоднородная,лобуляции слабые,с примесью красного или синего,умеренно вытянутая,без выраженного ободка,цвет умеренно неоднородный,грубая,неправильная,красноватый,средне упорядоченная,размер:крупный,периметр:большой,выпуклость:низкая,плотность:низкая,заполнение_bbox:среднее,вариация_радиуса:высокая,граница:сильно_изрезанная,форма:умеренно_вытянутая,отношение_периметр_площадь:высокое,красный:понижен,зеленый:норма,синий:повышен,контраст:умеренный,центр:синее_периферии,насыщенность_центра:умеренно_выше,яркость_центра:равная,ободок:слегка_темнее,яркость_асимметрия:слабая,яркость_асимметрия:слабая,насыщенность_асимметрия:сильная_лево_право,насыщенность_асимметрия:слабая,разнообразие_оттенка:высокое,разнообразие_насыщенности:высокое,разнообразие_яркости:низкое,вариабельность_оттенка:средняя,вариабельность_насыщенности:высокая,вариабельность_яркости:низкая,насыщенность:средняя,яркость:высокая,энергия_текстуры:низкая,энтропия_текстуры:высокая,энтропия_lbp:средняя,среднее_lbp:среднее,разброс_lbp:средний,медиана_lbp:типичная,темные_пиксели:нет,белые_пиксели:присутствуют,красные_пиксели:умеренно,синие_пиксели:единичные,яркие_выбросы:единичные,темные_выбросы:умеренно
/kaggle/input/datasets/mihailodin1/all-image-skin/118.jpg,success,8.364254325412462,150.84142497925285,167.41850334596293,2.836174763014617,40.04737374502977,25.650540507371268,0.21306489933694056,0.2928289601865336,0.49410613752520244,0.3958162112793979,2.2063963287070916,1.8640487485985904,50.03960859777133,19.16008750958518,"[[10, 134, 180], [5, 94, 201], [9, 184, 146]]",0.0,0.0,0.994099107639612,0.0,0.3306956442344813,48.22907894896855,-28.17325335141618,1.8461898001108636,-5.510607884989298,14.994041693417188,-17.752259557977368,-30.524237667923757,0.0017343681522762806,0.02073782134764757,643462,3324.2349590063095,4.144100319306607,0.731727443712907,0.9658203125,0.7841754715712989,0.9626338379418317,0.6353699285894844,7015.7449965242195,1.0836320869205274,0.9597746727083061,0.1859328702763322,0.9080308091934013,0.32210388680021246,5.068754152766635,0.22010259874073415,2.0682777484247556,4.895872128384453,2.1199990539198055,5.0,116.83612688111393,1.0,0.3920877357856494,0.8504723541110139,0.42321789787183733,умеренная,умеренно неровные,выраженный,монотонная,неоднородная,лобуляции слабые,с примесью красного или синего,умеренно вытянутая,тёмный ободок по краю,цвет умеренно неоднородный,грубая,овальная,красноватый,средне упорядоченная,размер:средний,периметр:большой,выпуклость:низкая,плотность:средняя,заполнение_bbox:низкое,вариация_радиуса:высокая,граница:сильно_изрезанная,форма:умеренно_вытянутая,отношение_периметр_площадь:среднее,красный:норма,зеленый:норма,синий:норма,контраст:выраженный,центр:оттенок_как_периферия,насыщенность_центра:умеренно_выше,яркость_центра:темнее,ободок:слегка_темнее,яркость_асимметрия:слабая,яркость_асимметрия:слабая,насыщенность_асимметрия:слабая,насыщенность_асимметрия:слабая,разнообразие_оттенка:низкое,разнообразие_насыщенности:среднее,разнообразие_яркости:среднее,вариабельность_оттенка:низкая,вариабельность_насыщенности:средняя,вариабельность_яркости:средняя,насыщенность:средняя,яркость:средняя,энергия_текстуры:низкая,энтропия_текстуры:высокая,энтропия_lbp:средняя,среднее_lbp:низкое,разброс_lbp:средний,медиана_lbp:типичная,темные_пиксели:нет,белые_пиксели:нет,красные_пиксели:преобладают,синие_пиксели:нет,яркие_выбросы:единичные,темные_выбросы:умеренно
/kaggle/input/datasets/mihailodin1/all-image-skin/1180.jpg,success,8.215251449918364,80.65239108094543,178.98506321248476,4.335365834920879,29.476816805238055,9.678890344555995,0.2791684125589056,0.31609404830172666,0.40473753687807545,0.6994349960234127,1.9655890391600157,0.964683815171297,20.21702068166211,6.629738596040953,"[[10, 71, 182], [2, 55, 186], [10, 120, 168]]",0.0,0.0,0.8218877709533255,0.0,1.486129481260548,34.785004268225066,-10.61857711555868,2.781292779037102,-10.601891493222851,1.078199262788047,1.627762380002082,-9.399491800177174,0.0027543436178094306,0.0420978419329398,167372,1727.1900293827057,4.221810341665771,0.7050378377955648,1.7100271002710028,0.8270680943393434,0.9560235561572162,0.7188314672370179,2460.896043886018,1.0813187034985847,0.8757192041863873,0.15097246000758296,0.924855799195084,0.46153534518545364,4.3635984388727245,0.19253229303171027,2.156258262562166,5.092769621904307,2.32206208446756,5.0,62.978856780094375,1.0,0.7685475973051731,0.7109280150011562,0.4297401645753574,слабая,фестончатые,умеренный,монотонная,неоднородная,лобуляции слабые,с примесью красного или синего,вытянутая,без выраженного ободка,цвет однородный,грубая,овальная,красноватый,хаотичная,размер:маленький,периметр:средний,выпуклость:низкая,плотность:средняя,заполнение_bbox:среднее,вариация_радиуса:средняя,граница:сильно_изрезанная,форма:сильно_вытянутая,отношение_периметр_площадь:высокое,красный:понижен,зеленый:повышен,синий:повышен,контраст:умеренный,центр:оттенок_как_периферия,насыщенность_центра:умеренно_выше,яркость_центра:равная,ободок:одинаковый,яркость_асимметрия:слабая,яркость_асимметрия:слабая,насыщенность_асимметрия:слабая,насыщенность_асимметрия:слабая,разнообразие_оттенка:среднее,разнообразие_насыщенности:низкое,разнообразие_яркости:низкое,вариабельность_оттенка:низкая,вариабельность_насыщенности:низкая,вариабельность_яркости:низкая,насыщенность:средняя,яркость:высокая,энергия_текстуры:низкая,энтропия_текстуры:высокая,энтропия_lbp:высокая,среднее_lbp:среднее,разброс_lbp:высокий,медиана_lbp:типичная,темные_пиксели:нет,белые_пиксели:нет,красные_пиксели:умеренно,синие_пиксели:нет,яркие_выбросы:единичные,темные_выбросы:много
/kaggle/input/datasets/mihailodin1/all-image-skin/1181.jpg,success,8.788972979012172,96.94232644126411,166.66831150435965,6.31663343420273,53.809900383570955,21.547299358204487,0.26822738971865095,0.3174752278920363,0.4142973799035243,0.9722898270696898,2.4874433167921604,1.5406097302668882,41.29323798020362,14.16946223495896,"[[178, 40, 184], [11, 164, 142], [11, 74, 177]]",0.0,0.0007542033037783746,0.6944372907545712,0.0,3.0278469663839758,85.1907911134435,-31.602936580819488,-7.0446708220867436,18.529466712710516,8.603118335570684,-20.681706852760072,-21.01603910138752,4.598800632794967e-06,0.056900960229572126,217448,1806.9545290470123,3.8749804446893976,0.836894731221399,1.1386138613861385,0.4638676840603756,0.9799678223287801,0.7488523461041756,186.43032920243547,1.0674961254846536,0.9737077698046184,0.25637300411173475,0.8818973170341144,0.33528808596424325,5.13473874309044,0.24859685528459813,2.053027401611073,4.82981212484158,2.1032153622698706,5.0,174.68053738377498,2.0,0.30124077272325706,1.2071989019919345,0.15701895906825714,умеренная,умеренно неровные,умеренный,умеренно разнообразная,неоднородная,лобуляции отсутствуют,слабо пигментированная,умеренно вытянутая,тёмный ободок по краю,цвет умеренно неоднородный,грубая,овальная,красноватый,средне упорядоченная,размер:маленький,периметр:средний,выпуклость:средняя,плотность:высокая,заполнение_bbox:среднее,вариация_радиуса:низкая,граница:сильно_изрезанная,форма:округлая,отношение_периметр_площадь:среднее,красный:понижен,зеленый:повышен,синий:повышен,контраст:умеренный,центр:оттенок_как_периферия,насыщенность_центра:выше,яркость_центра:темнее,ободок:слегка_темнее,яркость_асимметрия:слабая,яркость_асимметрия:слабая,насыщенность_асимметрия:слабая,насыщенность_асимметрия:сильная_верх_низ,разнообразие_оттенка:высокое,разнообразие_насыщенности:высокое,разнообразие_яркости:низкое,вариабельность_оттенка:средняя,вариабельность_насыщенности:высокая,вариабельность_яркости:средняя,насыщенность:средняя,яркость:средняя,энергия_текстуры:низкая,энтропия_текстуры:высокая,энтропия_lbp:средняя,среднее_lbp:низкое,разброс_lbp:средний,медиана_lbp:типичная,темные_пиксели:нет,белые_пиксели:единичные,красные_пиксели:умеренно,синие_пиксели:нет,яркие_выбросы:нет,темные_выбросы:много
/kaggle/input/datasets/mihailodin1/all-image-skin/1182.jpg,success,10.247840587023768,154.13896416183064,153.38736899414727,2.202920867849007,44.10127450844113,29.765659228556963,0.20801075203701153,0.3040197235982507,0.48796952118344905,0.5901402000332963,2.20296663252026,1.9881812637984364,62.30610848788285,24.244302087781065,"[[10, 89, 191], [10, 192, 127], [11, 149, 163]]",0.0,0.0,0.972476912860743,0.0,-1.1343886847244562,55.66206145894111,-36.22822542455563,-1.2847173002550676,-0.013276706113231285,21.429371437923265,-18.351479895611448,-37.19748247872778,0.00657864888162969,0.0024582286730102164,242451,1922.2997628450394,3.9039938289292815,0.8245018207138316,0.9212218649517685,0.7031375891439171,0.9793427988609053,0.680266325482736,1303.77877265508,1.0485634963001638,0.9655136471740682,0.22033384712157209,0.892260192724323,0.2990182619800551,5.201342171757119,0.2533517973285427,2.015038249416466,4.7945131992614405,2.011208425867806,5.0,134.1035209081242,1.0,0.35156879457195855,0.9596350829732718,0.41573048827964704,умеренная,умеренно неровные,выраженный,монотонная,неоднородная,лобуляции слабые,с примесью красного или синего,умеренно вытянутая,тёмный ободок по краю,цвет умеренно неоднородный,грубая,овальная,красноватый,средне упорядоченная,размер:маленький,периметр:средний,выпуклость:высокая,плотность:высокая,заполнение_bbox:низкое,вариация_радиуса:средняя,граница:сильно_изрезанная,форма:умеренно_вытянутая,отношение_периметр_площадь:среднее,красный:норма,зеленый:норма,синий:норма,контраст:выраженный,центр:оттенок_как_периферия,насыщенность_центра:умеренно_выше,яркость_центра:темнее,ободок:слегка_темнее,яркость_асимметрия:слабая,яркость_асимметрия:сильная_низ_верх,насыщенность_асимметрия:слабая,насыщенность_асимметрия:слабая,разнообразие_оттенка:среднее,разнообразие_насыщенности:среднее,разнообразие_яркости:среднее,вариабельность_оттенка:низкая,вариабельность_насыщенности:средняя,вариабельность_яркости:средняя,насыщенность:средняя,яркость:средняя,энергия_текстуры:низкая,энтропия_текстуры:высокая,энтропия_lbp:средняя,среднее_lbp:низкое,разброс_lbp:низкий,медиана_lbp:типичная,темные_пиксели:нет,белые_пиксели:нет,красные_пиксели:преобладают,синие_пиксели:нет,яркие_выбросы:единичные,темные_выбросы:нет
/kaggle/input/datasets/mihailodin1/all-image-skin/1183.jpg,success,4.433710182838365,126.41465250362123,130.0296562431954,5.84383599318264,58.80800034777514,47.618729895159554,0.2605576233627904,0.2953422170472592,0.44410015617446724,0.6120052083645041,2.487499279592332,2.297353140513329,69.09663838788518,29.29874135161556,"[[5, 186, 82], [174, 46, 177], [7, 95, 161]]",0.08011209255209369,2.3668190898160506e-06,0.866636844746135,0.0,0.3958107330421683,90.17495647655869,-81.47514567262581,-0.7078770685110953,12.183997220429106,-6.915403962101948,14.912644480192057,-59.0071370512925,0.0,0.019777140314502922,422508,2528.591173887253,3.8901034383115247,0.8304004295950816,1.158640226628895,0.4860630007545069,0.9755077161776522,0.7316054496214771,856.4806284948909,1.0608105909078214,0.9273712692021958,0.23734277472217877,0.8980561968359013,0.259648990603575,5.469813305762567,0.2516191447484428,2.0221034705045478,4.900089595058928,2.051036271800009,5.0,206.76583561346087,2.0,0.322351613691701,1.412063137626561,0.411014580601018,выраженная,умеренно неровные,выраженный,умеренно разнообразная,неоднородная,лобуляции слабые,с примесью красного или синего,умеренно вытянутая,тёмный ободок по краю,цвет неоднородный,грубая,овальная,красноватый,средне упорядоченная,размер:средний,периметр:средний,выпуклость:средняя,плотность:высокая,заполнение_bbox:среднее,вариация_радиуса:средняя,граница:сильно_изрезанная,форма:округлая,отношение_периметр_площадь:среднее,красный:понижен,зеленый:норма,синий:повышен,контраст:выраженный,центр:оттенок_как_периферия,насыщенность_центра:выше,яркость_центра:значительно_темнее,ободок:темнее_центра,яркость_асимметрия:слабая,яркость_асимметрия:слабая,насыщенность_асимметрия:слабая,насыщенность_асимметрия:слабая,разнообразие_оттенка:среднее,разнообразие_насыщенности:высокое,разнообразие_яркости:высокое,вариабельность_оттенка:средняя,вариабельность_насыщенности:высокая,вариабельность_яркости:высокая,насыщенность:средняя,яркость:средняя,энергия_текстуры:низкая,энтропия_текстуры:высокая,энтропия_lbp:средняя,среднее_lbp:среднее,разброс_lbp:средний,медиана_lbp:типичная,темные_пиксели:много,белые_пиксели:нет,красные_пиксели:много,синие_пиксели:нет,яркие_выбросы:нет,темные_выбросы:умеренно
/kaggle/input/datasets/mihailodin1/all-image-skin/1184.jpg,success,9.995509440000253,134.69242831878995,187.33876224304944,2.3030444518913167,37.94141234492605,27.419241000521293,0.22830530039263416,0.30734349376235676,0.46435120336633784,0.5616927712265395,2.214676705371004,1.7569263407689752,38.51855922198382,13.348378062097408,"[[10, 99, 209], [9, 191, 141], [11, 144, 189]]",0.0,6.462132977772417e-06,0.9761073403368494,0.0,-0.8963511761922547,47.86941629068316,-30.503744503628837,10.768208220259112,-11.981138035655363,4.451634023746095,-5.668039226304359,-21.15870048365369,0.0,0.06228419168409648,464243,3070.4389338493347,4.506379705243229,0.6188056912274741,0.7987616099071208,0.8394529981874657,0.948797864687224,0.6189857147809484,9113.372827290386,1.1011334770704433,0.9813497690199914,0.16955414579445205,0.9163096759513244,0.33274158350251476,5.038336453421655,0.20308536286323756,2.1230223091030433,4.994386106535943,2.2521710007889775,5.0,112.13853147646918,1.0,0.41972649909373283,0.8707978746574856,0.44513843477210924,умеренная,фестончатые,умеренный,монотонная,неоднородная,лобуляции слабые,с примесью красного или синего,умеренно вытянутая,тёмный ободок по краю,цвет умеренно неоднородный,грубая,неправильная,красноватый,хаотичная,размер:средний,периметр:большой,выпуклость:низкая,плотность:средняя,заполнение_bbox:низкое,вариация_радиуса:высокая,граница:сильно_изрезанная,форма:сильно_вытянутая,отношение_периметр_площадь:высокое,красный:норма,зеленый:норма,синий:норма,контраст:умеренный,центр:оттенок_как_периферия,насыщенность_центра:умеренно_выше,яркость_центра:темнее,ободок:слегка_темнее,яркость_асимметрия:слабая,яркость_асимметрия:слабая,насыщенность_асимметрия:слабая,насыщенность_асимметрия:слабая,разнообразие_оттенка:среднее,разнообразие_насыщенности:среднее,разнообразие_яркости:среднее,вариабельность_оттенка:низкая,вариабельность_насыщенности:средняя,вариабельность_яркости:средняя,насыщенность:средняя,яркость:высокая,энергия_текстуры:низкая,энтропия_текстуры:высокая,энтропия_lbp:высокая,среднее_lbp:среднее,разброс_lbp:высокий,медиана_lbp:типичная,темные_пиксели:нет,белые_пиксели:нет,красные_пиксели:преобладают,синие_пиксели:нет,яркие_выбросы:нет,темные_выбросы:много
/kaggle/input/datasets/mihailodin1/all-image-skin/1185.jpg,success,6.476921428913036,96.24983176142254,151.78058253996804,9.369636935597153,57.7833939531862,28.445315016149536,0.2748032665098631,0.3139786018135689,0.4112181289661526,1.046214456913701,2.5365784614359113,1.860382755333669,47.92229596535605,17.661201135152936,"[[165, 27, 175], [9, 66, 168], [9, 163, 122]]",0.0007598523138109221,9.093977159971142e-05,0.6854959147833714,2.0208838133269205e-06,4.745224440408464,92.7180107821882,-41.939678021158684,-11.86498048649878,8.756061947148666,1.8229199948807207,-9.565695423346966,-27.744668991054766,2.0208838133269205e-06,0.054226375363001254,494833,2802.088647723198,3.9833873817379786,0.7919627908354616,1.0060532687651331,0.667854699042553,0.9727594409168648,0.7209042461750043,1975.1327384788979,1.0771570134907955,0.9501448418090467,0.22196364352617085,0.895516907084336,0.29848108399969037,5.273698887312806,0.2413824656152651,2.051982261287219,4.858662675787127,2.102779481611488,5.0,171.41257109563048,2.0,0.33695398390384307,1.4361619351083545,0.4131069495831098,умеренная,умеренно неровные,выраженный,умеренно разнообразная,неоднородная,лобуляции слабые,слабо пигментированная,умеренно вытянутая,тёмный ободок по краю,цвет неоднородный,грубая,овальная,красноватый,средне упорядоченная,размер:средний,периметр:средний,выпуклость:средняя,плотность:высокая,заполнение_bbox:среднее,вариация_радиуса:средняя,граница:сильно_изрезанная,форма:умеренно_вытянутая,отношение_периметр_площадь:среднее,красный:понижен,зеленый:повышен,синий:повышен,контраст:умеренный,центр:оттенок_как_периферия,насыщенность_центра:выше,яркость_центра:темнее,ободок:слегка_темнее,яркость_асимметрия:слабая,яркость_асимметрия:слабая,насыщенность_асимметрия:слабая,насыщенность_асимметрия:слабая,разнообразие_оттенка:высокое,разнообразие_насыщенности:высокое,разнообразие_яркости:среднее,вариабельность_оттенка:средняя,вариабельность_насыщенности:высокая,вариабельность_яркости:средняя,насыщенность:средняя,яркость:средняя,энергия_текстуры:низкая,энтропия_текстуры:высокая,энтропия_lbp:средняя,среднее_lbp:низкое,разброс_lbp:средний,медиана_lbp:типичная,темные_пиксели:нет,белые_пиксели:нет,красные_пиксели:умеренно,синие_пиксели:нет,яркие_выбросы:нет,темные_выбросы:много
/kaggle/input/datasets/mihailodin1/all-image-skin/1186.jpg,success,9.229387174740776,148.93234289156376,127.54336514794313,3.0489924859585273,53.552148628798285,34.24160022552243,0.22254716322770765,0.30281289751987944,0.4746399355310124,0.5568613740572161,2.3154285665239995,2.079394797056655,75.54806785950511,32.065674397042145,"[[11, 147, 138], [8, 67, 174], [9, 192, 98]]",0.0001142417979581875,0.0,0.918893516258685,0.0,-0.9394522372221985,69.48044957563715,-51.06162371185506,-2.121273702854083,1.288456135661363,2.850482755997106,-7.641941325518644,-52.334780917954916,0.0014124440474830454,0.0017967119133424035,192574,1683.047894001007,3.8352850633476305,0.8543081821946797,0.8857142857142857,0.56745131306063,0.9879288143766641,0.7888335893497184,391.8561617331593,1.0550374227537131,0.9429860040408123,0.2598655666058631,0.8797254226082396,0.29068300772435696,5.292544152281506,0.27882853163257826,1.9784915130193177,4.760758008943625,1.9542081923012604,4.0,135.3836794447456,1.0,0.283725656530315,1.1187859149227954,0.3221200823114858,умеренная,умеренно неровные,выраженный,монотонная,неоднородная,лобуляции слабые,с примесью красного или синего,умеренно вытянутая,тёмный ободок по краю,цвет умеренно неоднородный,грубая,округлая,красноватый,упорядоченная,размер:маленький,периметр:средний,выпуклость:средняя,плотность:высокая,заполнение_bbox:среднее,вариация_радиуса:низкая,граница:сильно_изрезанная,форма:умеренно_вытянутая,отношение_периметр_площадь:среднее,красный:норма,зеленый:норма,синий:норма,контраст:выраженный,центр:оттенок_как_периферия,насыщенность_центра:выше,яркость_центра:значительно_темнее,ободок:темнее_центра,яркость_асимметрия:слабая,яркость_асимметрия:слабая,насыщенность_асимметрия:слабая,насыщенность_асимметрия:слабая,разнообразие_оттенка:среднее,разнообразие_насыщенности:высокое,разнообразие_яркости:среднее,вариабельность_оттенка:низкая,вариабельность_насыщенности:высокая,вариабельность_яркости:средняя,насыщенность:средняя,яркость:средняя,энергия_текстуры:низкая,энтропия_текстуры:высокая,энтропия_lbp:низкая,среднее_lbp:низкое,разброс_lbp:низкий,медиана_lbp:ниже_нормы,темные_пиксели:нет,белые_пиксели:нет,красные_пиксели:много,синие_пиксели:нет,яркие_выбросы:единичные,темные_выбросы:нет
/kaggle/input/datasets/mihailodin1/all-image-skin/1187.jpg,success,2.864646044838263,67.89157819946168,171.52695622673636,15.78122091387448,47.948306614992696,15.520066439232806,0.2947716541329326,0.3183852537495983,0.3868430898566805,1.4981032200207651,2.331935902629321,1.3835146737722355,31.81855950955914,10.286871342758813,"[[10, 86, 167], [170, 27, 181], [138, 17, 185]]",0.0,0.007013899779485423,0.5088909941078761,8.001254596720766e-06,10.808562573993129,65.5187504830436,-15.154055155161416,7.606767489205964,-26.858369345150187,7.3255025545273895,7.021295941342586,-12.118724373681772,0.005784907073429114,0.04977900534803857,624902,3027.3922513723373,3.829682212888738,0.85680972781105,1.091324200913242,0.4924301698229031,0.979613015690375,0.7461908446533311,781.1140246381674,1.0497611879302002,0.9372323035306904,0.1883187808144456,0.9121966610220135,0.37227007792860173,4.88328732235437,0.19248140852996745,2.1417375547351782,5.033333601318487,2.304825211706906,5.0,140.29330354242427,3.0,0.29187718536807256,1.5352502326765958,0.40979780958759526,умеренная,умеренно неровные,умеренный,умеренно разнообразная,неоднородная,лобуляции слабые,слабо пигментированная,умеренно вытянутая,без выраженного ободка,цвет неоднородный,грубая,округлая,красноватый,хаотичная,размер:средний,периметр:большой,выпуклость:высокая,плотность:высокая,заполнение_bbox:среднее,вариация_радиуса:средняя,граница:сильно_изрезанная,форма:округлая,отношение_периметр_площадь:среднее,красный:понижен,зеленый:повышен,синий:повышен,контраст:умеренный,центр:синее_периферии,насыщенность_центра:выше,яркость_центра:равная,ободок:слегка_темнее,яркость_асимметрия:слабая,яркость_асимметрия:слабая,насыщенность_асимметрия:сильная_лево_право,насыщенность_асимметрия:слабая,разнообразие_оттенка:высокое,разнообразие_насыщенности:высокое,разнообразие_яркости:низкое,вариабельность_оттенка:средняя,вариабельность_насыщенности:высокая,вариабельность_яркости:низкая,насыщенность:низкая,яркость:высокая,энергия_текстуры:низкая,энтропия_текстуры:высокая,энтропия_lbp:высокая,среднее_lbp:среднее,разброс_lbp:высокий,медиана_lbp:типичная,темные_пиксели:нет,белые_пиксели:присутствуют,красные_пиксели:умеренно,синие_пиксели:нет,яркие_выбросы:единичные,темные_выбросы:много
/kaggle/input/datasets/mihailodin1/all-image-skin/1188.jpg,success,3.6815286459728864,133.13713429646893,164.22926710061537,5.211743670694741,34.87387183379538,23.179191316964804,0.24188472313719217,0.27646523190707356,0.48165004202283407,0.5308270131101447,2.1791189643541014,1.6323123946280254,36.763481042324386,14.042884877397599,"[[4, 121, 172], [7, 163, 148], [174, 82, 186]]",1.835218618003108e-05,0.000440452468320746,0.9841717223719911,0.00011784035336651538,1.7624703398201262,11.330575106555585,-0.08873511659524524,3.425437303124312,-0.7141961525809677,9.49497709299851,-5.594284111789932,-14.443998575682201,0.004125378272363829,0.04875499734859205,1035299,3929.8257977962494,3.862250179537789,0.842420758458423,0.9282735613010842,0.6442575970769494,0.987199670456355,0.7758029864659604,3693.9116942513024,1.0503322836181435,0.9570920421109078,0.23081170753441413,0.9038847043766465,0.37936430037793484,4.91539674993302,0.21886958182535612,2.0786224808003593,4.959010489025739,2.1622804648611145,5.0,32.41067522346468,2.0,0.3221287985384747,0.886962173808296,0.4120690783798912,слабая,умеренно неровные,умеренный,умеренно разнообразная,неоднородная,лобуляции слабые,с примесью красного или синего,умеренно вытянутая,без выраженного ободка,цвет умеренно неоднородный,грубая,овальная,красноватый,средне упорядоченная,размер:крупный,периметр:большой,выпуклость:средняя,плотность:высокая,заполнение_bbox:среднее,вариация_радиуса:высокая,граница:сильно_изрезанная,форма:умеренно_вытянутая,отношение_периметр_площадь:среднее,красный:норма,зеленый:понижен,синий:норма,контраст:умеренный,центр:оттенок_как_периферия,насыщенность_центра:равна,яркость_центра:равная,ободок:слегка_темнее,яркость_асимметрия:слабая,яркость_асимметрия:слабая,насыщенность_асимметрия:слабая,насыщенность_асимметрия:слабая,разнообразие_оттенка:среднее,разнообразие_насыщенности:среднее,разнообразие_яркости:среднее,вариабельность_оттенка:средняя,вариабельность_насыщенности:средняя,вариабельность_яркости:средняя,насыщенность:средняя,яркость:средняя,энергия_текстуры:низкая,энтропия_текстуры:высокая,энтропия_lbp:средняя,среднее_lbp:среднее,разброс_lbp:средний,медиана_lbp:типичная,темные_пиксели:нет,белые_пиксели:единичные,красные_пиксели:преобладают,синие_пиксели:единичные,яркие_выбросы:единичные,темные_выбросы:много
/kaggle/input/datasets/mihailodin1/all-image-skin/1189.jpg,success,9.75479848950585,120.34493121188909,164.79540135947744,3.969755706609119,43.98938115217799,22.856401813347468,0.2438538392637109,0.3117084336057489,0.44443772443345186,0.7233724007356253,2.3426583913346684,1.7629605669423336,46.86084935309775,16.74224364001193,"[[10, 153, 151], [11, 87, 181], [2, 51, 192]]",0.0,0.0048190881730287875,0.8756566686168191,1.5078498664045019e-06,0.813371509014587,56.77494524306164,-22.39857963713621,4.474836702940536,-7.506017662505997,-2.948712494888497,7.937667700120329,-20.856712305478624,0.001213819142455624,0.03826621390961345,663196,3288.4633190631866,4.038053353522221,0.7706652174322565,0.6067323481116584,0.7988522924222169,0.976168222235633,0.7368009403378728,7501.892958402409,1.0572864871195753,0.9617345685871987,0.28634374866085827,0.8803288948726443,0.30324364536436177,5.229312511515532,0.25346352761424334,2.0409519347174867,4.830478133545136,2.094030119690062,5.0,102.85413094966779,1.0,0.39942614621110845,0.9816261200594649,0.423168055378294,умеренная,умеренно неровные,выраженный,монотонная,неоднородная,лобуляции слабые,с примесью красного или синего,умеренно вытянутая,тёмный ободок по краю,цвет умеренно неоднородный,грубая,овальная,красноватый,средне упорядоченная,размер:средний,периметр:большой,выпуклость:средняя,плотность:высокая,заполнение_bbox:среднее,вариация_радиуса:высокая,граница:сильно_изрезанная,форма:умеренно_вытянутая,отношение_периметр_площадь:среднее,красный:понижен,зеленый:повышен,синий:норма,контраст:умеренный,центр:оттенок_как_периферия,насыщенность_центра:умеренно_выше,яркость_центра:темнее,ободок:слегка_темнее,яркость_асимметрия:слабая,яркость_асимметрия:слабая,насыщенность_асимметрия:слабая,насыщенность_асимметрия:слабая,разнообразие_оттенка:высокое,разнообразие_насыщенности:высокое,разнообразие_яркости:среднее,вариабельность_оттенка:низкая,вариабельность_насыщенности:средняя,вариабельность_яркости:средняя,насыщенность:средняя,яркость:средняя,энергия_текстуры:низкая,энтропия_текстуры:высокая,энтропия_lbp:средняя,среднее_lbp:низкое,разброс_lbp:средний,медиана_lbp:типичная,темные_пиксели:нет,белые_пиксели:единичные,красные_пиксели:много,синие_пиксели:нет,яркие_выбросы:единичные,темные_выбросы:умеренно
/kaggle/input/datasets/mihailodin1/all-image-skin/119.jpg,success,10.789847424427325,158.22057069050493,122.28486599479955,2.826448543181391,41.49478079857083,30.187563575626864,0.20339838674489372,0.3075369589117599,0.4890646503438288,0.680689350062614,2.2328344246171934,2.0109600279947877,60.01674832006022,27.900206728170822,"[[12, 162, 127], [9, 197, 91], [12, 103, 158]]",0.001893237708400605,0.0,0.9151679951054537,1.019697149946466e-05,-1.013266826904271,49.61655247724249,-30.121191466665096,-17.69681398272978,8.984007869840127,-7.9779342996732225,5.948231477248157,-36.393661366920384,0.0005268435274723407,0.014041229754762836,294205,2222.8784090280533,4.098176728974171,0.7482185966928945,0.9829192546583851,0.7593012158161585,0.9734119460959962,0.7217062592603495,2890.5088627115306,1.0661806809084762,0.9484587079091208,0.19302220347716229,0.9091285255516874,0.31144746982905264,5.100478202719143,0.23785703035656813,2.01949949983247,4.915322773931562,2.0174398054142917,5.0,121.35799840030315,1.0,0.37965060790807925,0.9812107326970102,0.42500905040052,умеренная,умеренно неровные,выраженный,монотонная,неоднородная,лобуляции слабые,с примесью красного или синего,умеренно вытянутая,тёмный ободок по краю,цвет умеренно неоднородный,грубая,овальная,красноватый,средне упорядоченная,размер:маленький,периметр:средний,выпуклость:средняя,плотность:высокая,заполнение_bbox:среднее,вариация_радиуса:средняя,граница:сильно_изрезанная,форма:умеренно_вытянутая,отношение_периметр_площадь:среднее,красный:норма,зеленый:норма,синий:норма,контраст:выраженный,центр:оттенок_как_периферия,насыщенность_центра:умеренно_выше,яркость_центра:темнее,ободок:слегка_темнее,яркость_асимметрия:сильная_лево_право,яркость_асимметрия:слабая,насыщенность_асимметрия:слабая,насыщенность_асимметрия:слабая,разнообразие_оттенка:среднее,разнообразие_насыщенности:среднее,разнообразие_яркости:среднее,вариабельность_оттенка:низкая,вариабельность_насыщенности:средняя,вариабельность_яркости:средняя,насыщенность:средняя,яркость:средняя,энергия_текстуры:низкая,энтропия_текстуры:высокая,энтропия_lbp:средняя,среднее_lbp:среднее,разброс_lbp:низкий,медиана_lbp:типичная,темные_пиксели:единичные,белые_пиксели:нет,красные_пиксели:много,синие_пиксели:нет,яркие_выбросы:нет,темные_выбросы:умеренно
/kaggle/input/datasets/mihailodin1/all-image-skin/1190.jpg,success,8.985963757251213,143.93791313516363,135.47891236465387,2.501622948427723,43.566800891839804,31.73493743518421,0.22440832641116643,0.30075273770678534,0.4748389323770692,0.38459524923586974,2.3067707512840863,2.006932439082207,51.36822219438638,22.80883031252093,"[[9, 188, 102], [8, 91, 170], [10, 144, 142]]",0.0,2.0276572448193357e-05,0.9917068818686889,6.758857482731119e-06,-0.26393052195403754,62.68550187844711,-49.159022416243516,9.919989872778785,-14.015575844413803,4.806231234003548,3.3848579364629643,-46.21005939465722,0.00016221257958554686,0.008522919285723941,147954,1450.1950817108154,3.7701885695754984,0.8840640268898737,0.9524886877828054,0.3747959983579579,0.9871365474173016,0.7951010844681377,86.39738537593774,1.0427131969742665,1.021313537031491,0.18548437434245946,0.9124064131755336,0.31310755904083526,5.081910539959292,0.2239134583924092,2.065094997181788,4.966244955829425,2.1035030122244835,5.0,144.23510970430377,1.0,0.18739799917897895,0.932553627193465,0.07656809192663264,умеренная,ровные,выраженный,монотонная,неоднородная,лобуляции отсутствуют,с примесью красного или синего,округлая,тёмный ободок по краю,цвет умеренно неоднородный,грубая,округлая,красноватый,средне упорядоченная,размер:маленький,периметр:средний,выпуклость:высокая,плотность:высокая,заполнение_bbox:среднее,вариация_радиуса:низкая,граница:сильно_изрезанная,форма:округлая,отношение_периметр_площадь:среднее,красный:норма,зеленый:норма,синий:норма,контраст:выраженный,центр:оттенок_как_периферия,насыщенность_центра:выше,яркость_центра:темнее,ободок:слегка_темнее,яркость_асимметрия:слабая,яркость_асимметрия:слабая,насыщенность_асимметрия:слабая,насыщенность_асимметрия:слабая,разнообразие_оттенка:низкое,разнообразие_насыщенности:высокое,разнообразие_яркости:среднее,вариабельность_оттенка:низкая,вариабельность_насыщенности:средняя,вариабельность_яркости:средняя,насыщенность:средняя,яркость:средняя,энергия_текстуры:низкая,энтропия_текстуры:высокая,энтропия_lbp:средняя,среднее_lbp:среднее,разброс_lbp:средний,медиана_lbp:типичная,темные_пиксели:нет,белые_пиксели:нет,красные_пиксели:преобладают,синие_пиксели:нет,яркие_выбросы:нет,темные_выбросы:нет
/kaggle/input/datasets/mihailodin1/all-image-skin/1191.jpg,success,4.9872360381386835,135.72178830832652,162.64751289769507,3.739459966601016,38.33305108064446,27.548673533340693,0.2373760552503364,0.28068034395003677,0.48194359783646895,0.34785139593601133,2.2001776870443375,1.8775871214594984,48.56610579176699,19.24661432883797,"[[6, 109, 180], [6, 167, 143], [178, 83, 192]]",0.00265739403329442,0.0002752884722091986,0.9898022826576005,1.8065805988728657e-05,1.4205530165329208,45.530712952605285,-27.406052852238588,1.122908693146428,1.6103173133670623,0.4989275198705343,-6.557277267253227,-24.103877913151365,0.0017042076982700701,0.036253771237000146,1162417,4304.22485435009,3.99221548246354,0.7884640833951703,0.8134751773049645,0.7547611008320133,0.9815000417958891,0.7187525892398919,9633.000515774667,1.0556097692230597,0.9727259034780231,0.21581104760975645,0.9064558931269234,0.3283865632896124,5.1104729823446355,0.21453457155238348,2.08859393463013,4.957616203888339,2.1788468548484556,5.0,84.14674961501404,2.0,0.37738055041600665,0.8704287606772216,0.4202332304178476,умеренная,умеренно неровные,выраженный,умеренно разнообразная,неоднородная,лобуляции слабые,с примесью красного или синего,умеренно вытянутая,тёмный ободок по краю,цвет умеренно неоднородный,грубая,овальная,красноватый,средне упорядоченная,размер:крупный,периметр:большой,выпуклость:средняя,плотность:высокая,заполнение_bbox:среднее,вариация_радиуса:высокая,граница:сильно_изрезанная,форма:умеренно_вытянутая,отношение_периметр_площадь:среднее,красный:норма,зеленый:норма,синий:норма,контраст:умеренный,центр:оттенок_как_периферия,насыщенность_центра:умеренно_выше,яркость_центра:темнее,ободок:слегка_темнее,яркость_асимметрия:слабая,яркость_асимметрия:слабая,насыщенность_асимметрия:слабая,насыщенность_асимметрия:слабая,разнообразие_оттенка:низкое,разнообразие_насыщенности:среднее,разнообразие_яркости:среднее,вариабельность_оттенка:низкая,вариабельность_насыщенности:средняя,вариабельность_яркости:средняя,насыщенность:средняя,яркость:средняя,энергия_текстуры:низкая,энтропия_текстуры:высокая,энтропия_lbp:средняя,среднее_lbp:среднее,разброс_lbp:средний,медиана_lbp:типичная,темные_пиксели:единичные,белые_пиксели:единичные,красные_пиксели:преобладают,синие_пиксели:нет,яркие_выбросы:единичные,темные_выбросы:умеренно
/kaggle/input/datasets/mihailodin1/all-image-skin/1192.jpg,success,5.144117325913476,112.32311138435945,159.59483198994607,5.599642442870277,48.61546456900019,30.045183155292573,0.26218840705829927,0.2987548895307507,0.43905670065982483,0.5746247100842365,2.4380439562614598,1.9211321433567015,39.446597565133075,15.08824559069694,"[[8, 164, 129], [174, 50, 189], [6, 89, 175]]",0.0009628990041002319,0.00040911906042756334,0.8865858675358375,6.7809789021143095e-06,3.2994606772963095,73.44558296567435,-37.284497886579175,0.7318621922647424,3.6995150316697334,-1.1317277342347154,10.222525962160276,-23.802018151318947,3.616522081127632e-05,0.05495757367533577,442414,2680.3039387464523,4.029671221696306,0.7738746782709853,1.0628930817610063,0.3323555125547438,0.9710281071257687,0.6585746715790257,1063.8767064494646,1.082548297440162,0.9465347556124523,0.3293133164935105,0.8704943919195677,0.28130037614474124,5.388748273657079,0.2755142450077609,2.011914658706096,4.783345699186585,2.046643848437406,4.0,129.8151724498793,2.0,0.19762429715787505,1.1169174028596627,0.41496085239517444,умеренная,умеренно неровные,выраженный,умеренно разнообразная,неоднородная,лобуляции слабые,с примесью красного или синего,округлая,тёмный ободок по краю,цвет умеренно неоднородный,грубая,овальная,красноватый,упорядоченная,размер:средний,периметр:средний,выпуклость:низкая,плотность:высокая,заполнение_bbox:низкое,вариация_радиуса:средняя,граница:сильно_изрезанная,форма:округлая,отношение_периметр_площадь:среднее,красный:понижен,зеленый:норма,синий:повышен,контраст:умеренный,центр:оттенок_как_периферия,насыщенность_центра:выше,яркость_центра:темнее,ободок:слегка_темнее,яркость_асимметрия:слабая,яркость_асимметрия:слабая,насыщенность_асимметрия:слабая,насыщенность_асимметрия:слабая,разнообразие_оттенка:среднее,разнообразие_насыщенности:высокое,разнообразие_яркости:среднее,вариабельность_оттенка:средняя,вариабельность_насыщенности:высокая,вариабельность_яркости:средняя,насыщенность:средняя,яркость:средняя,энергия_текстуры:низкая,энтропия_текстуры:высокая,энтропия_lbp:средняя,среднее_lbp:низкое,разброс_lbp:низкий,медиана_lbp:ниже_нормы,темные_пиксели:нет,белые_пиксели:единичные,красные_пиксели:много,синие_пиксели:нет,яркие_выбросы:нет,темные_выбросы:много
/kaggle/input/datasets/mihailodin1/all-image-skin/1193.jpg,success,9.432317797184556,86.13924829417748,178.57690654844166,5.113542771081283,40.01819283296485,14.777571680694665,0.2743270843820126,0.3192738299224545,0.40639908341971365,0.8727814913067451,2.2342081119496626,1.2769824978689113,22.36214237228502,7.477381835027203,"[[11, 140, 160], [2, 49, 189], [11, 71, 185]]",0.0,0.0008131061582743599,0.7315111098744478,9.274975189441368e-06,2.142892139224145,46.8913632142293,-15.90847836468933,7.392991429322052,-14.244762778021055,-1.9901540706170806,15.103963032945344,-12.03232587985815,0.0011408219483012884,0.05713075550856235,323451,2314.133242249489,4.068966477392532,0.7589997629330436,1.5104761904761905,0.7722741422272371,0.9565905320158874,0.7769194739686544,2987.1783995475735,1.0737520758402053,1.013485324291166,0.1873882932195257,0.9077184833840545,0.40909380222506836,4.7331162291372015,0.19758552936817098,2.1309226174262785,4.957527238305199,2.2593993725060977,5.0,103.67460502904831,1.0,0.6413751663517138,0.9366044436659908,0.4205468630523784,умеренная,умеренно неровные,умеренный,монотонная,неоднородная,лобуляции слабые,с примесью красного или синего,вытянутая,без выраженного ободка,цвет умеренно неоднородный,грубая,овальная,красноватый,хаотичная,размер:маленький,периметр:средний,выпуклость:средняя,плотность:средняя,заполнение_bbox:среднее,вариация_радиуса:средняя,граница:сильно_изрезанная,форма:умеренно_вытянутая,отношение_периметр_площадь:среднее,красный:понижен,зеленый:повышен,синий:повышен,контраст:умеренный,центр:оттенок_как_периферия,насыщенность_центра:умеренно_выше,яркость_центра:равная,ободок:слегка_темнее,яркость_асимметрия:слабая,яркость_асимметрия:слабая,насыщенность_асимметрия:слабая,насыщенность_асимметрия:слабая,разнообразие_оттенка:высокое,разнообразие_насыщенности:среднее,разнообразие_яркости:низкое,вариабельность_оттенка:средняя,вариабельность_насыщенности:средняя,вариабельность_яркости:низкая,насыщенность:средняя,яркость:высокая,энергия_текстуры:низкая,энтропия_текстуры:высокая,энтропия_lbp:высокая,среднее_lbp:среднее,разброс_lbp:высокий,медиана_lbp:типичная,темные_пиксели:нет,белые_пиксели:единичные,красные_пиксели:умеренно,синие_пиксели:нет,яркие_выбросы:единичные,темные_выбросы:много
/kaggle/input/datasets/mihailodin1/all-image-skin/1194.jpg,success,6.287248320662945,109.57651597837399,181.2436770022373,4.730257252136694,41.50014283274263,19.072600379447092,0.2585465204912414,0.3024090516944185,0.4390444253919345,0.5240608808471976,2.283251162582423,1.5948633475219123,37.86188668778738,12.849864748065766,"[[7, 88, 191], [178, 59, 201], [9, 151, 164]]",0.0,0.00010153057339391324,0.9379793240239467,3.626091906925473e-06,4.631565703511541,57.71776095768786,-24.048741547498565,0.5905488793951577,14.741667272433887,2.4805190205065912,11.172870308736137,-20.612627946296612,0.004996754647743302,0.03256230532419075,275779,2284.920039176941,4.351013294616616,0.663787459698625,1.25,0.7714238358326745,0.9369721061393673,0.7035178571428572,3123.3438493783665,1.1084776519167945,1.015851875806557,0.21943995677428538,0.8935734151743803,0.3298071120743932,5.0059115417322015,0.22749929602445812,2.0768775626665876,4.852494267627731,2.1416223781050716,5.0,115.38367368976974,2.0,0.5107119179163373,0.8944178940715863,0.43128270152120785,умеренная,фестончатые,умеренный,умеренно разнообразная,неоднородная,лобуляции слабые,с примесью красного или синего,вытянутая,тёмный ободок по краю,цвет умеренно неоднородный,грубая,неправильная,красноватый,средне упорядоченная,размер:маленький,периметр:средний,выпуклость:низкая,плотность:средняя,заполнение_bbox:среднее,вариация_радиуса:высокая,граница:сильно_изрезанная,форма:умеренно_вытянутая,отношение_периметр_площадь:высокое,красный:понижен,зеленый:норма,синий:повышен,контраст:умеренный,центр:оттенок_как_периферия,насыщенность_центра:умеренно_выше,яркость_центра:темнее,ободок:слегка_темнее,яркость_асимметрия:слабая,яркость_асимметрия:слабая,насыщенность_асимметрия:слабая,насыщенность_асимметрия:слабая,разнообразие_оттенка:среднее,разнообразие_насыщенности:среднее,разнообразие_яркости:низкое,вариабельность_оттенка:низкая,вариабельность_насыщенности:средняя,вариабельность_яркости:низкая,насыщенность:средняя,яркость:высокая,энергия_текстуры:низкая,энтропия_текстуры:высокая,энтропия_lbp:средняя,среднее_lbp:низкое,разброс_lbp:средний,медиана_lbp:типичная,темные_пиксели:нет,белые_пиксели:единичные,красные_пиксели:много,синие_пиксели:нет,яркие_выбросы:единичные,темные_выбросы:умеренно
/kaggle/input/datasets/mihailodin1/all-image-skin/1195.jpg,success,6.655580487924983,119.82148831102104,153.83694802043786,4.196511736490911,50.4204873837523,26.774534125397643,0.252549979495693,0.30019169127256407,0.4472583263243892,0.45984990545451204,2.426097956573466,1.7513278177285563,43.07354454475806,16.897118487525262,"[[8, 103, 167], [0, 61, 178], [8, 182, 121]]",0.0,2.854451517140981e-06,0.9353695087488939,0.0,2.831000338252551,79.35903020213765,-41.84872111121244,9.987309460985472,-14.022260618806087,-8.824342336904976,24.51695698116744,-26.227620038558484,0.0,0.04985585019838438,350330,2330.1748723983765,3.9368589048357965,0.8107933232691322,0.7641752577319587,0.6590283254521019,0.969699150513318,0.7613089132664592,1475.6996294381509,1.0617240085927722,1.0169851948972237,0.17653552839870792,0.9124755374319936,0.3322832168493797,5.0192549192203595,0.2148261212006232,2.0863724031420476,4.955508413675744,2.1603023592011334,5.0,181.3896210494666,1.0,0.32951416272605094,1.0267964160048244,0.41424721528485314,выраженная,умеренно неровные,выраженный,монотонная,неоднородная,лобуляции слабые,с примесью красного или синего,умеренно вытянутая,тёмный ободок по краю,цвет умеренно неоднородный,грубая,овальная,красноватый,средне упорядоченная,размер:маленький,периметр:средний,выпуклость:средняя,плотность:средняя,заполнение_bbox:среднее,вариация_радиуса:средняя,граница:сильно_изрезанная,форма:умеренно_вытянутая,отношение_периметр_площадь:среднее,красный:понижен,зеленый:норма,синий:повышен,контраст:умеренный,центр:оттенок_как_периферия,насыщенность_центра:выше,яркость_центра:темнее,ободок:слегка_темнее,яркость_асимметрия:слабая,яркость_асимметрия:слабая,насыщенность_асимметрия:слабая,насыщенность_асимметрия:сильная_низ_верх,разнообразие_оттенка:среднее,разнообразие_насыщенности:высокое,разнообразие_яркости:среднее,вариабельность_оттенка:низкая,вариабельность_насыщенности:высокая,вариабельность_яркости:средняя,насыщенность:средняя,яркость:средняя,энергия_текстуры:низкая,энтропия_текстуры:высокая,энтропия_lbp:средняя,среднее_lbp:среднее,разброс_lbp:средний,медиана_lbp:типичная,темные_пиксели:нет,белые_пиксели:нет,красные_пиксели:много,синие_пиксели:нет,яркие_выбросы:нет,темные_выбросы:много
/kaggle/input/datasets/mihailodin1/all-image-skin/1196.jpg,success,7.2649316790400364,161.71303077322483,166.5222754194565,2.253059063415675,33.8250733172741,29.715040258911554,0.20143509117068717,0.2790514407035414,0.5195134650059878,0.12899172568267553,2.085396429656436,1.99523777318056,53.341094582134666,21.398863446840245,"[[8, 165, 171], [7, 196, 133], [7, 118, 201]]",0.0,0.0,0.9998852871745023,0.0,-0.4857226786056543,45.88291942186373,-46.6537252810426,-2.211645905248133,2.7770566694532874,7.224906778706725,-2.386406411983131,-45.98335858357038,0.00022338813386382983,0.017563137335402188,165631,1545.9351961612701,3.7985729640570605,0.8709012587992512,0.9913606911447084,0.31935149938435514,0.9824368890576065,0.7793776497880169,94.48126399050491,1.0468004132056667,0.9452233847017836,0.19669898335215139,0.9035302934431823,0.31010633821306327,5.113415773330554,0.23371395511707926,2.0478775020406683,4.885088760999969,2.0718243203320466,5.0,107.62238314690326,1.0,0.15967574969217757,0.7427510359630478,0.08393785953498344,умеренная,умеренно неровные,выраженный,монотонная,неоднородная,лобуляции отсутствуют,с примесью красного или синего,округлая,тёмный ободок по краю,цвет однородный,грубая,округлая,красноватый,средне упорядоченная,размер:маленький,периметр:средний,выпуклость:высокая,плотность:высокая,заполнение_bbox:среднее,вариация_радиуса:низкая,граница:сильно_изрезанная,форма:округлая,отношение_периметр_площадь:среднее,красный:норма,зеленый:понижен,синий:норма,контраст:выраженный,центр:оттенок_как_периферия,насыщенность_центра:умеренно_выше,яркость_центра:темнее,ободок:слегка_темнее,яркость_асимметрия:слабая,яркость_асимметрия:слабая,насыщенность_асимметрия:слабая,насыщенность_асимметрия:слабая,разнообразие_оттенка:низкое,разнообразие_насыщенности:среднее,разнообразие_яркости:среднее,вариабельность_оттенка:низкая,вариабельность_насыщенности:средняя,вариабельность_яркости:средняя,насыщенность:высокая,яркость:средняя,энергия_текстуры:низкая,энтропия_текстуры:высокая,энтропия_lbp:средняя,среднее_lbp:низкое,разброс_lbp:средний,медиана_lbp:типичная,темные_пиксели:нет,белые_пиксели:нет,красные_пиксели:преобладают,синие_пиксели:нет,яркие_выбросы:нет,темные_выбросы:умеренно
/kaggle/input/datasets/mihailodin1/all-image-skin/1197.jpg,success,9.710801545408433,132.9952325201581,187.59418433521367,2.8005344488220323,45.31329935666296,27.723243751164727,0.23159259291396075,0.30796827106810787,0.46043913356348903,0.5996227841204049,2.341760187596426,1.9053033655916158,59.114331500032684,19.32105710371524,"[[11, 124, 198], [10, 178, 159], [7, 72, 219]]",0.0,0.00040004257333808,0.9604398266237508,0.0,0.5868010737632687,59.10539436376149,-35.387127674145006,-4.7791610786218826,2.7945912194338973,-4.656655961225823,8.835642493040723,-33.11373320777858,0.0,0.021910588649801263,272471,2097.128189921379,4.017582792892772,0.7785386781776036,1.1087314662273475,0.7382870714506664,0.9668297737200118,0.666985711523068,1972.651649186525,1.0684501964861033,0.9545755004286085,0.27308509326208635,0.8725904431325748,0.27211690928661736,5.353708767307783,0.2581904084836636,2.0245871509701354,4.742579756509375,2.0437319688420503,4.0,116.14537386399209,1.0,0.42350926883900697,0.973622275402446,0.4182836505211269,умеренная,умеренно неровные,выраженный,монотонная,неоднородная,лобуляции слабые,с примесью красного или синего,умеренно вытянутая,тёмный ободок по краю,цвет умеренно неоднородный,грубая,овальная,красноватый,средне упорядоченная,размер:маленький,периметр:средний,выпуклость:средняя,плотность:средняя,заполнение_bbox:низкое,вариация_радиуса:средняя,граница:сильно_изрезанная,форма:умеренно_вытянутая,отношение_периметр_площадь:среднее,красный:норма,зеленый:норма,синий:норма,контраст:выраженный,центр:оттенок_как_периферия,насыщенность_центра:умеренно_выше,яркость_центра:темнее,ободок:слегка_темнее,яркость_асимметрия:слабая,яркость_асимметрия:слабая,насыщенность_асимметрия:слабая,насыщенность_асимметрия:слабая,разнообразие_оттенка:среднее,разнообразие_насыщенности:высокое,разнообразие_яркости:среднее,вариабельность_оттенка:низкая,вариабельность_насыщенности:высокая,вариабельность_яркости:средняя,насыщенность:средняя,яркость:высокая,энергия_текстуры:низкая,энтропия_текстуры:высокая,энтропия_lbp:средняя,среднее_lbp:низкое,разброс_lbp:низкий,медиана_lbp:ниже_нормы,темные_пиксели:нет,белые_пиксели:единичные,красные_пиксели:много,синие_пиксели:нет,яркие_выбросы:нет,темные_выбросы:умеренно
/kaggle/input/datasets/mihailodin1/all-image-skin/1199.jpg,success,9.52903463753748,134.5308426559992,170.70047245470033,3.0428537283554844,47.87272479024395,24.223168020270144,0.23006057293996487,0.3043580107843063,0.4655814135482483,0.5738860252841407,2.4341569339858675,1.8048297902322306,54.101776825655335,18.912102311468992,"[[10, 142, 175], [8, 187, 142], [10, 73, 194]]",0.0,0.0008360373700385627,0.9095519869145594,0.0,-1.7613337402535478,64.30229851059836,-35.95827099501585,-4.274921871575344,-4.2565325959032805,7.966864669519481,9.483036265930508,-29.359792867567535,0.0015930463319640275,0.047283944391036725,1923359,5312.766046285629,3.8308091376449678,0.8563056995300347,1.1553264604810995,0.5018146282498612,0.9839190216462707,0.7863749077520948,2300.511014604849,1.054562577236476,0.9723055264188023,0.18402052212373535,0.9104040874457572,0.297769682736122,5.192705709844386,0.21742541534387397,2.073037772413557,4.9304521214206405,2.1473738303840872,5.0,128.00325864879636,1.0,0.3285705443654804,0.9658588920380256,0.40844191215242986,умеренная,умеренно неровные,выраженный,монотонная,неоднородная,лобуляции слабые,с примесью красного или синего,умеренно вытянутая,тёмный ободок по краю,цвет умеренно неоднородный,грубая,округлая,красноватый,средне упорядоченная,размер:крупный,периметр:большой,выпуклость:средняя,плотность:высокая,заполнение_bbox:среднее,вариация_радиуса:средняя,граница:сильно_изрезанная,форма:умеренно_вытянутая,отношение_периметр_площадь:среднее,красный:норма,зеленый:норма,синий:норма,контраст:выраженный,центр:оттенок_как_периферия,насыщенность_центра:выше,яркость_центра:темнее,ободок:слегка_темнее,яркость_асимметрия:слабая,яркость_асимметрия:слабая,насыщенность_асимметрия:слабая,насыщенность_асимметрия:слабая,разнообразие_оттенка:среднее,разнообразие_насыщенности:высокое,разнообразие_яркости:среднее,вариабельность_оттенка:низкая,вариабельность_насыщенности:высокая,вариабельность_яркости:средняя,насыщенность:средняя,яркость:высокая,энергия_текстуры:низкая,энтропия_текстуры:высокая,энтропия_lbp:средняя,среднее_lbp:среднее,разброс_lbp:средний,медиана_lbp:типичная,темные_пиксели:нет,белые_пиксели:единичные,красные_пиксели:много,синие_пиксели:нет,яркие_выбросы:единичные,темные_выбросы:много
/kaggle/input/datasets/mihailodin1/all-image-skin/120.jpg,success,9.86247069462387,139.82365389261471,132.4664313010417,3.106691035080539,55.252201076867465,31.140371477283892,0.23070931484151466,0.30749318714077767,0.4617974945315253,0.6349115483848579,2.4408437057525663,1.955992764427818,60.20307673275031,25.555021104688528,"[[9, 194, 101], [11, 135, 142], [10, 71, 166]]",0.0005572592719301804,0.0,0.9053011933460421,7.053914834559245e-06,-0.8595100647470559,50.891536362187466,-24.200745116663555,3.267849222693144,-3.162947702174364,6.878010633773556,-1.142337214447764,-31.28034443318208,3.5269574172796224e-06,0.013278994676057778,567061,3269.2745012044907,4.341466932367238,0.6667098463141874,0.5933884297520661,0.8975898520720293,0.9715871318817635,0.6527095467206888,15054.366492924566,1.0742371419220893,0.9294175404582242,0.14939802234962954,0.9262456404055682,0.31567850283333826,5.066641522727943,0.2197986130463105,2.092179089529282,5.055350350465838,2.1802186272461874,5.0,90.4029363166869,1.0,0.4487949260360147,1.126209980473746,0.4408388773509161,умеренная,фестончатые,выраженный,монотонная,неоднородная,лобуляции слабые,с примесью красного или синего,умеренно вытянутая,тёмный ободок по краю,цвет умеренно неоднородный,грубая,неправильная,красноватый,средне упорядоченная,размер:средний,периметр:большой,выпуклость:средняя,плотность:высокая,заполнение_bbox:низкое,вариация_радиуса:высокая,граница:сильно_изрезанная,форма:сильно_вытянутая,отношение_периметр_площадь:высокое,красный:норма,зеленый:норма,синий:норма,контраст:выраженный,центр:оттенок_как_периферия,насыщенность_центра:умеренно_выше,яркость_центра:темнее,ободок:слегка_темнее,яркость_асимметрия:слабая,яркость_асимметрия:слабая,насыщенность_асимметрия:слабая,насыщенность_асимметрия:слабая,разнообразие_оттенка:среднее,разнообразие_насыщенности:высокое,разнообразие_яркости:среднее,вариабельность_оттенка:низкая,вариабельность_насыщенности:высокая,вариабельность_яркости:средняя,насыщенность:средняя,яркость:средняя,энергия_текстуры:низкая,энтропия_текстуры:высокая,энтропия_lbp:средняя,среднее_lbp:среднее,разброс_lbp:средний,медиана_lbp:типичная,темные_пиксели:нет,белые_пиксели:нет,красные_пиксели:много,синие_пиксели:нет,яркие_выбросы:нет,темные_выбросы:умеренно
/kaggle/input/datasets/mihailodin1/all-image-skin/1200.jpg,success,9.214486973607402,156.78834477359734,131.15560588847413,3.0175755816149805,49.91809006733349,42.96506100997294,0.21471757603770422,0.3000657988936055,0.48521662136914084,0.5680886305326729,2.291954857508941,2.2988931295705513,74.78715863403794,31.888394479947774,"[[7, 200, 88], [10, 87, 182], [11, 161, 144]]",0.0046564579415162245,0.00014320219194821808,0.9546669594355924,0.0,-2.762771469409202,63.889756192816634,-62.882078866747364,-26.229713488778557,14.108316310504591,-2.635924472588073,5.395578454506477,-59.128649819429484,2.625373519050665e-05,0.0014009947778934003,418988,2519.3190957307816,3.892085625433225,0.8295548213271351,0.7761020881670534,0.7075033984935565,0.9851147021412163,0.7265545070212492,2238.9247242475317,1.0552012328923248,1.0244532914126543,0.19042201523014848,0.9076921181914864,0.2774534575184338,5.357476906934548,0.23009570205528812,2.037332012188955,4.915299837613983,2.0553249082323757,5.0,177.9041392553509,1.0,0.35375169924677824,1.1714395211267319,0.41284605203979446,умеренная,умеренно неровные,выраженный,монотонная,неоднородная,лобуляции слабые,с примесью красного или синего,умеренно вытянутая,тёмный ободок по краю,цвет умеренно неоднородный,грубая,овальная,красноватый,средне упорядоченная,размер:средний,периметр:средний,выпуклость:средняя,плотность:высокая,заполнение_bbox:среднее,вариация_радиуса:средняя,граница:сильно_изрезанная,форма:умеренно_вытянутая,отношение_периметр_площадь:среднее,красный:норма,зеленый:норма,синий:норма,контраст:выраженный,центр:оттенок_как_периферия,насыщенность_центра:выше,яркость_центра:значительно_темнее,ободок:темнее_центра,яркость_асимметрия:сильная_лево_право,яркость_асимметрия:слабая,насыщенность_асимметрия:слабая,насыщенность_асимметрия:слабая,разнообразие_оттенка:среднее,разнообразие_насыщенности:среднее,разнообразие_яркости:высокое,вариабельность_оттенка:низкая,вариабельность_насыщенности:высокая,вариабельность_яркости:высокая,насыщенность:средняя,яркость:средняя,энергия_текстуры:низкая,энтропия_текстуры:высокая,энтропия_lbp:средняя,среднее_lbp:среднее,разброс_lbp:средний,медиана_lbp:типичная,темные_пиксели:единичные,белые_пиксели:единичные,красные_пиксели:много,синие_пиксели:нет,яркие_выбросы:нет,темные_выбросы:нет
/kaggle/input/datasets/mihailodin1/all-image-skin/1201.jpg,success,9.386389802896156,140.08572537894077,150.0200282163355,3.0014964331291965,47.869430713037076,26.80101479842436,0.2259171085966129,0.30486562627648545,0.46921726199920366,0.5632207251712251,2.3032366722681585,1.8883902721601928,58.86484977580051,22.960918656650016,"[[11, 121, 166], [6, 63, 185], [10, 179, 128]]",0.0,0.00021527449420104331,0.9451934202888522,0.0,0.1485908296536138,60.848740545783414,-34.64052872999835,5.9401097069053606,-14.601495456824125,13.004999100869895,-11.74001549718892,-33.075256397427495,0.0008303444776325956,0.009379817247331173,260133,1960.5453678369522,3.8439627613337892,0.8504553558324608,1.3039014373716633,0.6673597745382902,0.9876343065416303,0.8411874080421672,1038.3416969382806,1.0501697158329544,0.8706039740141719,0.25307715730121666,0.8803190620030389,0.2924540051751226,5.221812859132122,0.2730918874973384,2.001309614448268,4.756291980410754,2.0002819495603434,4.0,140.92447986722368,1.0,0.48563060595497676,0.9875595175117272,0.4107462923501479,умеренная,умеренно неровные,выраженный,монотонная,неоднородная,лобуляции слабые,с примесью красного или синего,умеренно вытянутая,тёмный ободок по краю,цвет умеренно неоднородный,грубая,округлая,красноватый,упорядоченная,размер:маленький,периметр:средний,выпуклость:средняя,плотность:высокая,заполнение_bbox:высокое,вариация_радиуса:средняя,граница:сильно_изрезанная,форма:умеренно_вытянутая,отношение_периметр_площадь:среднее,красный:норма,зеленый:норма,синий:норма,контраст:выраженный,центр:оттенок_как_периферия,насыщенность_центра:выше,яркость_центра:темнее,ободок:слегка_темнее,яркость_асимметрия:слабая,яркость_асимметрия:слабая,насыщенность_асимметрия:слабая,насыщенность_асимметрия:слабая,разнообразие_оттенка:среднее,разнообразие_насыщенности:высокое,разнообразие_яркости:среднее,вариабельность_оттенка:низкая,вариабельность_насыщенности:высокая,вариабельность_яркости:средняя,насыщенность:средняя,яркость:средняя,энергия_текстуры:низкая,энтропия_текстуры:высокая,энтропия_lbp:средняя,среднее_lbp:низкое,разброс_lbp:низкий,медиана_lbp:ниже_нормы,темные_пиксели:нет,белые_пиксели:единичные,красные_пиксели:много,синие_пиксели:нет,яркие_выбросы:нет,темные_выбросы:нет
/kaggle/input/datasets/mihailodin1/all-image-skin/1202.jpg,success,6.098902985446152,95.38266690913665,189.18407040240385,7.889518888291317,50.08277902899297,22.521702832901617,0.27187840411236913,0.3115241620977633,0.4165974315873027,0.8640967972092792,2.4232623012136374,1.7091228134787788,47.96902299685313,15.020592415979012,"[[168, 32, 212], [10, 139, 172], [6, 58, 205]]",0.0,0.08276667306832725,0.7256134971931835,0.0,6.076481643829467,70.82143241167728,-29.456605013546977,1.0236641998127993,2.693362681638334,4.028205442683998,12.99528324564838,-24.570549263581455,0.0002974222835573065,0.040736655511914736,588389,2998.899829864502,3.9095762439893638,0.8221489184918417,0.9223300970873787,0.7547397005613544,0.9889572222623744,0.7423670647312276,4221.353727972792,1.0473071062040302,0.9593302669172146,0.21994140125447567,0.8969689224222576,0.30112235355558703,5.214593144927564,0.22031420515386627,2.0976656933546214,4.894767403136586,2.194525571438409,5.0,127.09503463883723,2.0,0.3773698502806772,1.2050529808643096,0.41652608643799327,умеренная,умеренно неровные,выраженный,умеренно разнообразная,неоднородная,лобуляции слабые,с примесью красного или синего,умеренно вытянутая,тёмный ободок по краю,цвет умеренно неоднородный,грубая,овальная,красноватый,средне упорядоченная,размер:средний,периметр:средний,выпуклость:высокая,плотность:высокая,заполнение_bbox:среднее,вариация_радиуса:высокая,граница:сильно_изрезанная,форма:умеренно_вытянутая,отношение_периметр_площадь:среднее,красный:понижен,зеленый:повышен,синий:повышен,контраст:умеренный,центр:синее_периферии,насыщенность_центра:выше,яркость_центра:темнее,ободок:слегка_темнее,яркость_асимметрия:слабая,яркость_асимметрия:слабая,насыщенность_асимметрия:слабая,насыщенность_асимметрия:слабая,разнообразие_оттенка:высокое,разнообразие_насыщенности:высокое,разнообразие_яркости:среднее,вариабельность_оттенка:средняя,вариабельность_насыщенности:высокая,вариабельность_яркости:средняя,насыщенность:средняя,яркость:высокая,энергия_текстуры:низкая,энтропия_текстуры:высокая,энтропия_lbp:средняя,среднее_lbp:низкое,разброс_lbp:средний,медиана_lbp:типичная,темные_пиксели:нет,белые_пиксели:присутствуют,красные_пиксели:умеренно,синие_пиксели:нет,яркие_выбросы:нет,темные_выбросы:много
/kaggle/input/datasets/mihailodin1/all-image-skin/1203.jpg,success,6.792078137252558,155.13297273080647,122.82975695565379,2.6160923518400128,44.61618217590658,34.95149068557909,0.21768080261411535,0.28380219714342136,0.49851699618385525,0.17912863251630012,2.202395233858227,2.0810483810538125,63.69300439072743,30.065502957679854,"[[8, 144, 141], [5, 82, 172], [7, 190, 94]]",9.882529664059875e-06,0.0,0.9894125165532371,3.294176554686625e-06,-0.6029980132110069,54.344205806657186,-50.23229611251844,-8.695892661689882,-0.05138815605729974,1.3528958540351113,-2.6459150962045612,-55.12973179475924,0.00369936027091308,0.00013835541529683826,303566,2098.2581326961517,3.808310507772853,0.8664533036432669,0.9586523736600306,0.15197092943086465,0.9870460087790603,0.7426182426647226,229.5576710924468,1.048085119165867,0.9431527969284147,0.19758860930681676,0.9108856645968854,0.3238829369501567,5.095061145983292,0.2300349266474067,2.0369441827708017,4.986968015416815,2.05652326963276,5.0,117.92559170037349,1.0,0.07598546471543233,0.9276619651385989,0.19234388920716133,умеренная,умеренно неровные,выраженный,монотонная,неоднородная,лобуляции отсутствуют,с примесью красного или синего,округлая,тёмный ободок по краю,цвет умеренно неоднородный,грубая,округлая,красноватый,средне упорядоченная,размер:маленький,периметр:средний,выпуклость:высокая,плотность:высокая,заполнение_bbox:среднее,вариация_радиуса:низкая,граница:сильно_изрезанная,форма:округлая,отношение_периметр_площадь:среднее,красный:норма,зеленый:норма,синий:норма,контраст:выраженный,центр:оттенок_как_периферия,насыщенность_центра:умеренно_выше,яркость_центра:значительно_темнее,ободок:темнее_центра,яркость_асимметрия:слабая,яркость_асимметрия:слабая,насыщенность_асимметрия:слабая,насыщенность_асимметрия:слабая,разнообразие_оттенка:низкое,разнообразие_насыщенности:среднее,разнообразие_яркости:среднее,вариабельность_оттенка:низкая,вариабельность_насыщенности:средняя,вариабельность_яркости:средняя,насыщенность:средняя,яркость:средняя,энергия_текстуры:низкая,энтропия_текстуры:высокая,энтропия_lbp:средняя,среднее_lbp:среднее,разброс_lbp:средний,медиана_lbp:типичная,темные_пиксели:нет,белые_пиксели:нет,красные_пиксели:преобладают,синие_пиксели:нет,яркие_выбросы:единичные,темные_выбросы:нет
/kaggle/input/datasets/mihailodin1/all-image-skin/1204.jpg,success,6.5297813634815425,152.97026551088663,137.48066343594294,3.019297337304232,46.89342363732311,35.2608297171824,0.22050854895233463,0.2834691007199618,0.4960223467197609,0.23645764281106854,2.2489636803553736,2.111139719552117,62.54439857319344,27.24323069354936,"[[7, 192, 107], [3, 81, 183], [8, 143, 155]]",0.0,8.190567196778377e-06,0.9930489386390008,0.0,0.7409496305280925,61.20314501117349,-51.206115008274594,-1.1571295450476953,-0.6717896518046871,-1.6150568351294794,2.6706025667784843,-44.073499936713574,0.0009528359838918845,0.004199030782881715,366275,2343.4469505548477,3.8721438965046278,0.8381213187627459,1.337837837837838,0.6978709048068062,0.9881430922383792,0.7811966796341796,1911.317550439477,1.0491624319746529,0.9203168318252045,0.21226215262234857,0.9042440398255506,0.31097445886425296,5.198709215216027,0.2402524432428571,2.030454444378929,4.912265807238648,2.0528928954431773,5.0,119.26478824873652,1.0,0.517854371322322,0.9813001888246301,0.41316206264545124,умеренная,умеренно неровные,выраженный,монотонная,неоднородная,лобуляции слабые,с примесью красного или синего,вытянутая,тёмный ободок по краю,цвет умеренно неоднородный,грубая,овальная,красноватый,средне упорядоченная,размер:маленький,периметр:средний,выпуклость:высокая,плотность:высокая,заполнение_bbox:среднее,вариация_радиуса:средняя,граница:сильно_изрезанная,форма:умеренно_вытянутая,отношение_периметр_площадь:среднее,красный:норма,зеленый:норма,синий:норма,контраст:выраженный,центр:оттенок_как_периферия,насыщенность_центра:выше,яркость_центра:значительно_темнее,ободок:слегка_темнее,яркость_асимметрия:слабая,яркость_асимметрия:слабая,насыщенность_асимметрия:слабая,насыщенность_асимметрия:слабая,разнообразие_оттенка:низкое,разнообразие_насыщенности:среднее,разнообразие_яркости:высокое,вариабельность_оттенка:низкая,вариабельность_насыщенности:высокая,вариабельность_яркости:высокая,насыщенность:средняя,яркость:средняя,энергия_текстуры:низкая,энтропия_текстуры:высокая,энтропия_lbp:средняя,среднее_lbp:среднее,разброс_lbp:средний,медиана_lbp:типичная,темные_пиксели:нет,белые_пиксели:нет,красные_пиксели:преобладают,синие_пиксели:нет,яркие_выбросы:нет,темные_выбросы:нет
/kaggle/input/datasets/mihailodin1/all-image-skin/1205.jpg,success,2.1785175292122694,117.5656787844143,178.56994677563884,4.259335238474195,28.182331369650125,17.8460978167437,0.25859340596010477,0.2768075854103338,0.46459900602764626,0.5479979839802549,1.9771819681085272,1.478089996430103,23.988390770103845,9.02779710249865,"[[2, 103, 184], [5, 143, 168], [176, 89, 192]]",7.724870994654389e-06,0.0010602385440163149,0.9970877236350153,0.00020084664586101413,2.292517612512711,30.862924454158644,-12.506469412652535,1.8658576836724876,4.13808490484692,-0.48390701221518384,5.120072552037215,-9.56152117814986,0.0036384142384822175,0.032019590272842444,517808,2929.561736345291,4.071160991622195,0.7581817226431913,0.9314285714285714,0.5631136788889629,0.9445190287181882,0.7261111305872042,2289.002751228648,1.060516104157621,0.9589075794395991,0.1791170613840053,0.9184271775221154,0.40373779884223376,4.695526094753883,0.2013561269263387,2.129732582470201,5.062587935748926,2.268576758523398,5.0,57.2698336320957,2.0,0.28155683944448145,0.7392616291414751,0.42468224312437836,слабая,умеренно неровные,умеренный,умеренно разнообразная,неоднородная,лобуляции слабые,с примесью красного или синего,умеренно вытянутая,без выраженного ободка,цвет однородный,грубая,овальная,красноватый,хаотичная,размер:средний,периметр:средний,выпуклость:средняя,плотность:средняя,заполнение_bbox:среднее,вариация_радиуса:средняя,граница:сильно_изрезанная,форма:умеренно_вытянутая,отношение_периметр_площадь:среднее,красный:норма,зеленый:понижен,синий:повышен,контраст:умеренный,центр:оттенок_как_периферия,насыщенность_центра:умеренно_выше,яркость_центра:равная,ободок:одинаковый,яркость_асимметрия:слабая,яркость_асимметрия:слабая,насыщенность_асимметрия:слабая,насыщенность_асимметрия:слабая,разнообразие_оттенка:среднее,разнообразие_насыщенности:низкое,разнообразие_яркости:низкое,вариабельность_оттенка:низкая,вариабельность_насыщенности:низкая,вариабельность_яркости:низкая,насыщенность:средняя,яркость:высокая,энергия_текстуры:низкая,энтропия_текстуры:высокая,энтропия_lbp:высокая,среднее_lbp:среднее,разброс_lbp:высокий,медиана_lbp:типичная,темные_пиксели:нет,белые_пиксели:единичные,красные_пиксели:преобладают,синие_пиксели:единичные,яркие_выбросы:единичные,темные_выбросы:умеренно
/kaggle/input/datasets/mihailodin1/all-image-skin/1206.jpg,success,8.060431129122362,143.09934249974154,161.52828491677866,2.8714018600378135,43.35795734810848,22.35405198521948,0.22232063422348664,0.29513948386152294,0.4825398789276506,0.29092703226094063,2.325994680145837,1.7192811044557408,45.9447050754594,17.66533862793324,"[[9, 187, 139], [5, 85, 185], [9, 134, 170]]",0.0,0.0,0.9977194252041766,0.0,0.6213413183873513,48.193475969393546,-20.309804953229815,-15.305203965534304,23.898422517994874,7.461441196314496,-11.627941592788346,-19.974989936758277,0.0008683965677659465,0.03104931251938385,483650,2779.9221271276474,3.9973026760237103,0.7864584724242643,1.2010796221322537,0.7203291266137223,0.9733346749849064,0.7333697250906003,3093.215938353565,1.067446012938506,0.9487416081275909,0.1830490121822125,0.9093321467013054,0.32769129921153467,4.997949874569403,0.21868551554283433,2.079393146904546,4.9227476203155165,2.1463410779677132,5.0,127.41763151364273,1.0,0.460704374372988,0.8255652467331085,0.41706389682022654,умеренная,умеренно неровные,выраженный,монотонная,неоднородная,лобуляции слабые,с примесью красного или синего,умеренно вытянутая,без выраженного ободка,цвет однородный,грубая,овальная,красноватый,средне упорядоченная,размер:средний,периметр:средний,выпуклость:средняя,плотность:высокая,заполнение_bbox:среднее,вариация_радиуса:высокая,граница:сильно_изрезанная,форма:умеренно_вытянутая,отношение_периметр_площадь:среднее,красный:норма,зеленый:норма,синий:норма,контраст:умеренный,центр:оттенок_как_периферия,насыщенность_центра:умеренно_выше,яркость_центра:темнее,ободок:слегка_темнее,яркость_асимметрия:сильная_лево_право,яркость_асимметрия:слабая,насыщенность_асимметрия:сильная_право_лево,насыщенность_асимметрия:слабая,разнообразие_оттенка:низкое,разнообразие_насыщенности:высокое,разнообразие_яркости:среднее,вариабельность_оттенка:низкая,вариабельность_насыщенности:средняя,вариабельность_яркости:средняя,насыщенность:средняя,яркость:средняя,энергия_текстуры:низкая,энтропия_текстуры:высокая,энтропия_lbp:средняя,среднее_lbp:среднее,разброс_lbp:средний,медиана_lbp:типичная,темные_пиксели:нет,белые_пиксели:нет,красные_пиксели:преобладают,синие_пиксели:нет,яркие_выбросы:нет,темные_выбросы:умеренно
/kaggle/input/datasets/mihailodin1/all-image-skin/1207.jpg,success,4.506367143491383,108.69633301831716,170.4826391688734,6.919919286432307,53.340512582069685,27.028765519124235,0.26594998630151273,0.3015068755771132,0.43254313558416946,0.7493640316185566,2.423436251465,1.7713000406751207,43.37365003827468,15.192508026225008,"[[9, 169, 142], [6, 83, 185], [172, 49, 194]]",0.0,0.0008934417505007466,0.8435928614971762,9.676264445856462e-06,6.942729338417038,93.64244875540608,-43.99610671963825,-5.786784060611808,1.4590330196924697,2.065873132506681,-0.544022472516815,-24.8288266669812,2.9028793337569385e-05,0.0452204091769692,310037,2345.027684688568,4.211542729193843,0.7084797497315808,1.0320512820512822,0.3808509322904845,0.9478007532588226,0.7715126811594203,408.79782334521315,1.1307284423615713,0.9019767347836136,0.16160778867334366,0.9197591240060693,0.33365727808519074,5.073499070496538,0.2057867053919801,2.1221164982127814,5.0279459015168495,2.243195125949981,5.0,154.43699749878914,2.0,0.20645110717088333,1.2216977651309886,0.34118543065723733,умеренная,фестончатые,выраженный,умеренно разнообразная,неоднородная,лобуляции слабые,с примесью красного или синего,умеренно вытянутая,тёмный ободок по краю,цвет умеренно неоднородный,грубая,овальная,красноватый,хаотичная,размер:маленький,периметр:средний,выпуклость:низкая,плотность:средняя,заполнение_bbox:среднее,вариация_радиуса:низкая,граница:сильно_изрезанная,форма:округлая,отношение_периметр_площадь:высокое,красный:понижен,зеленый:норма,синий:повышен,контраст:умеренный,центр:синее_периферии,насыщенность_центра:выше,яркость_центра:темнее,ободок:слегка_темнее,яркость_асимметрия:слабая,яркость_асимметрия:слабая,насыщенность_асимметрия:слабая,насыщенность_асимметрия:слабая,разнообразие_оттенка:высокое,разнообразие_насыщенности:высокое,разнообразие_яркости:среднее,вариабельность_оттенка:средняя,вариабельность_насыщенности:высокая,вариабельность_яркости:средняя,насыщенность:средняя,яркость:высокая,энергия_текстуры:низкая,энтропия_текстуры:высокая,энтропия_lbp:высокая,среднее_lbp:среднее,разброс_lbp:средний,медиана_lbp:типичная,темные_пиксели:нет,белые_пиксели:единичные,красные_пиксели:умеренно,синие_пиксели:нет,яркие_выбросы:нет,темные_выбросы:много
/kaggle/input/datasets/mihailodin1/all-image-skin/1208.jpg,success,8.039615623591754,154.24439451500172,135.20383754719822,2.8593467228672926,52.32983395305188,34.58559150224104,0.2172987415429594,0.29167605571243366,0.49102519911286435,0.36040062991772914,2.4341518321818825,2.0972824519806244,66.04234360356199,28.329015020276525,"[[10, 152, 147], [8, 84, 173], [7, 205, 99]]",0.0024138689547839923,0.0,0.9654938301211814,1.6539013050935198e-06,-2.5989691452117256,73.76286006559187,-55.96057005426837,6.640774200750457,-6.671706955403209,7.871484447088022,0.8243224900888322,-47.895692006154476,4.1347532627338e-06,0.023145521814131265,1209262,4253.80558848381,3.8682758337432244,0.8397983070984779,0.9852369852369852,0.4776919759550273,0.9833157150059361,0.7410075028371559,1538.6657641985569,1.0652334197820712,0.9806391311767001,0.14091151092691037,0.9301518561741614,0.301082931716355,5.146671780052273,0.22360640822686298,2.099968920694659,5.0897355971374,2.201248588635017,5.0,154.33068735840249,1.0,0.23884598797751366,1.0545659694612712,0.40805066159612047,умеренная,умеренно неровные,выраженный,монотонная,неоднородная,лобуляции слабые,с примесью красного или синего,умеренно вытянутая,тёмный ободок по краю,цвет умеренно неоднородный,грубая,овальная,красноватый,средне упорядоченная,размер:крупный,периметр:большой,выпуклость:средняя,плотность:высокая,заполнение_bbox:среднее,вариация_радиуса:средняя,граница:сильно_изрезанная,форма:округлая,отношение_периметр_площадь:среднее,красный:норма,зеленый:норма,синий:норма,контраст:выраженный,центр:оттенок_как_периферия,насыщенность_центра:выше,яркость_центра:значительно_темнее,ободок:слегка_темнее,яркость_асимметрия:слабая,яркость_асимметрия:слабая,насыщенность_асимметрия:слабая,насыщенность_асимметрия:слабая,разнообразие_оттенка:низкое,разнообразие_насыщенности:высокое,разнообразие_яркости:среднее,вариабельность_оттенка:низкая,вариабельность_насыщенности:высокая,вариабельность_яркости:средняя,насыщенность:средняя,яркость:средняя,энергия_текстуры:низкая,энтропия_текстуры:высокая,энтропия_lbp:средняя,среднее_lbp:среднее,разброс_lbp:средний,медиана_lbp:типичная,темные_пиксели:единичные,белые_пиксели:нет,красные_пиксели:много,синие_пиксели:нет,яркие_выбросы:нет,темные_выбросы:умеренно
/kaggle/input/datasets/mihailodin1/all-image-skin/1209.jpg,success,6.433194660391785,132.66893687766904,150.1411859563249,4.478556510404412,55.0520910802108,31.00371540450718,0.2426258825774956,0.29535023382248154,0.46202388052276017,0.5107845730725238,2.469267548377289,1.9269316686957825,54.92373299818167,21.696134463218232,"[[179, 62, 182], [8, 189, 119], [8, 109, 167]]",1.427057728052744e-05,0.0,0.946292682404735,0.0,2.157382948965193,88.63727957703294,-50.89867169906002,5.565936254331319,-5.631241343967929,-12.706456071290319,21.389711987330642,-37.0648928444119,0.0,0.030774499905457425,280297,2030.1332422494888,3.8345580589743564,0.8546321541631333,0.8491704374057315,0.5479178217196307,0.9843548069899422,0.7509249361720368,584.3192823268317,1.0507925838993597,0.9908779610171248,0.18606762724356207,0.9084990927318998,0.3000589769309344,5.191149927354134,0.22710808305124944,2.059911473848658,4.928681284721473,2.1073470627560282,5.0,186.98667988197838,2.0,0.27395891085981533,1.1375394251287911,0.40985407925326883,выраженная,умеренно неровные,выраженный,умеренно разнообразная,неоднородная,лобуляции слабые,с примесью красного или синего,умеренно вытянутая,тёмный ободок по краю,цвет умеренно неоднородный,грубая,округлая,красноватый,средне упорядоченная,размер:маленький,периметр:средний,выпуклость:средняя,плотность:высокая,заполнение_bbox:среднее,вариация_радиуса:средняя,граница:сильно_изрезанная,форма:умеренно_вытянутая,отношение_периметр_площадь:среднее,красный:норма,зеленый:норма,синий:норма,контраст:выраженный,центр:оттенок_как_периферия,насыщенность_центра:выше,яркость_центра:значительно_темнее,ободок:слегка_темнее,яркость_асимметрия:слабая,яркость_асимметрия:слабая,насыщенность_асимметрия:слабая,насыщенность_асимметрия:сильная_низ_верх,разнообразие_оттенка:среднее,разнообразие_насыщенности:высокое,разнообразие_яркости:среднее,вариабельность_оттенка:низкая,вариабельность_насыщенности:высокая,вариабельность_яркости:средняя,насыщенность:средняя,яркость:средняя,энергия_текстуры:низкая,энтропия_текстуры:высокая,энтропия_lbp:средняя,среднее_lbp:среднее,разброс_lbp:средний,медиана_lbp:типичная,темные_пиксели:нет,белые_пиксели:нет,красные_пиксели:много,синие_пиксели:нет,яркие_выбросы:нет,темные_выбросы:умеренно
/kaggle/input/datasets/mihailodin1/all-image-skin/121.jpg,success,5.519204946529186,141.5018026534404,137.5166433406176,3.8965326363857598,55.24693547846951,38.853283940048875,0.2398722483195812,0.2866049145226259,0.4735228337144039,0.35479010332718774,2.3974511430116143,2.113059015678661,70.89479501703389,29.544013154786523,"[[6, 192, 102], [0, 64, 184], [8, 113, 164]]",0.000670112374264411,1.0230723271212382e-06,0.9561061048771904,0.0,0.79230162920868,82.64399222526627,-61.06390502560036,-1.8216458964459434,4.462127465557501,-0.4036139410198132,6.133270890215925,-55.080089114563094,0.0,0.004175158166981773,977448,3988.300974369049,4.034048297178269,0.7721962302403346,1.4732984293193718,0.7748264548224606,0.9728987255592848,0.727438350506257,8829.127134007507,1.069764960462208,0.946740841478443,0.13194078504674323,0.9344497858472258,0.31113538565170945,5.120830828955917,0.2203560144871696,2.110442462183773,5.138528165215381,2.2289915616664167,5.0,157.3208570733145,1.0,0.6240624420709162,1.1595841412298395,0.41912413414970784,умеренная,умеренно неровные,выраженный,монотонная,неоднородная,лобуляции слабые,с примесью красного или синего,вытянутая,тёмный ободок по краю,цвет умеренно неоднородный,грубая,овальная,красноватый,средне упорядоченная,размер:крупный,периметр:большой,выпуклость:средняя,плотность:высокая,заполнение_bbox:среднее,вариация_радиуса:высокая,граница:сильно_изрезанная,форма:умеренно_вытянутая,отношение_периметр_площадь:среднее,красный:норма,зеленый:норма,синий:норма,контраст:выраженный,центр:оттенок_как_периферия,насыщенность_центра:выше,яркость_центра:значительно_темнее,ободок:темнее_центра,яркость_асимметрия:слабая,яркость_асимметрия:слабая,насыщенность_асимметрия:слабая,насыщенность_асимметрия:слабая,разнообразие_оттенка:низкое,разнообразие_насыщенности:высокое,разнообразие_яркости:высокое,вариабельность_оттенка:низкая,вариабельность_насыщенности:высокая,вариабельность_яркости:высокая,насыщенность:средняя,яркость:средняя,энергия_текстуры:низкая,энтропия_текстуры:высокая,энтропия_lbp:высокая,среднее_lbp:высокое,разброс_lbp:средний,медиана_lbp:типичная,темные_пиксели:нет,белые_пиксели:нет,красные_пиксели:много,синие_пиксели:нет,яркие_выбросы:нет,темные_выбросы:нет
/kaggle/input/datasets/mihailodin1/all-image-skin/1210.jpg,success,6.448461769606497,142.82062148316456,104.95557320763618,5.741741023411335,59.859698106493546,43.04531236698985,0.24333790507752526,0.29876594804021495,0.45789614251941024,0.6712457633264179,2.287065677315881,2.215182098400726,84.31038699609537,39.33892435332662,"[[8, 184, 76], [174, 39, 168], [9, 91, 147]]",0.08348470888515687,0.0,0.8472360269109105,2.0161005792256963e-06,1.334928129943421,72.64043802736016,-61.88089096810117,16.320618453465244,-13.394876148896117,-0.6521101328722807,3.2818152956763242,-61.27395560376195,1.2096603475354179e-05,0.0,496007,2776.1475228071213,3.94183678270256,0.8087468246713251,1.679092382495948,0.792237365633694,0.9872239892043804,0.7759663460635908,5147.163770882714,1.0464184473362046,0.9590490899117333,0.14675046727047025,0.9272331723853782,0.32097826029782334,5.117230794632368,0.2287599318955732,2.061267005306983,5.07549659477866,2.1215587165807754,5.0,169.50567715631473,2.0,0.7356648740648211,1.3882529130134829,0.4192122245018306,умеренная,умеренно неровные,выраженный,умеренно разнообразная,неоднородная,лобуляции слабые,с примесью красного или синего,вытянутая,тёмный ободок по краю,цвет неоднородный,грубая,овальная,красноватый,средне упорядоченная,размер:средний,периметр:средний,выпуклость:высокая,плотность:высокая,заполнение_bbox:среднее,вариация_радиуса:высокая,граница:сильно_изрезанная,форма:умеренно_вытянутая,отношение_периметр_площадь:среднее,красный:норма,зеленый:норма,синий:норма,контраст:сильный,центр:оттенок_как_периферия,насыщенность_центра:выше,яркость_центра:значительно_темнее,ободок:темнее_центра,яркость_асимметрия:сильная_право_лево,яркость_асимметрия:слабая,насыщенность_асимметрия:слабая,насыщенность_асимметрия:слабая,разнообразие_оттенка:среднее,разнообразие_насыщенности:среднее,разнообразие_яркости:высокое,вариабельность_оттенка:средняя,вариабельность_насыщенности:высокая,вариабельность_яркости:высокая,насыщенность:средняя,яркость:средняя,энергия_текстуры:низкая,энтропия_текстуры:высокая,энтропия_lbp:средняя,среднее_lbp:среднее,разброс_lbp:средний,медиана_lbp:типичная,темные_пиксели:много,белые_пиксели:нет,красные_пиксели:умеренно,синие_пиксели:нет,яркие_выбросы:нет,темные_выбросы:нет
/kaggle/input/datasets/mihailodin1/all-image-skin/1211.jpg,success,1.38325586787105,118.58266339066338,143.5975844935845,11.097232117292526,64.01916942614676,27.366830736811767,0.2659998527721655,0.29455665426012717,0.4394434899054483,1.045588009584267,2.5255301428422703,1.7709257393538163,50.83693766585763,20.05006832946141,"[[8, 172, 124], [161, 43, 169], [1, 68, 163]]",0.000580944580944581,4.368004368004368e-05,0.7649533169533169,0.00014196014196014197,11.678373885736505,103.29571542394842,-42.19075452603445,3.8262700968803927,-8.676931920550928,-3.1961198575584717,17.055826140255306,-28.663050896644933,0.00026644826644826647,0.051601419601419604,457875,2702.064262509346,3.9932105301971044,0.7880711856788725,0.729903536977492,0.7636883673057269,0.9765791628986299,0.7206396872388345,3764.087433980423,1.058333814567032,0.9259321863979086,0.15439684179562208,0.9234667372842026,0.3185504602370777,5.099642037322795,0.2182228803170572,2.0964354128489155,5.032380169864627,2.190192684129003,5.0,189.9199918509645,2.0,0.38184418365286343,1.5451647412687362,0.41949064539467323,выраженная,умеренно неровные,выраженный,умеренно разнообразная,неоднородная,лобуляции слабые,с примесью красного или синего,умеренно вытянутая,тёмный ободок по краю,цвет неоднородный,грубая,овальная,красноватый,средне упорядоченная,размер:средний,периметр:средний,выпуклость:средняя,плотность:высокая,заполнение_bbox:среднее,вариация_радиуса:высокая,граница:сильно_изрезанная,форма:умеренно_вытянутая,отношение_периметр_площадь:среднее,красный:понижен,зеленый:норма,синий:повышен,контраст:выраженный,центр:синее_периферии,насыщенность_центра:значительно_выше,яркость_центра:темнее,ободок:слегка_темнее,яркость_асимметрия:слабая,яркость_асимметрия:слабая,насыщенность_асимметрия:слабая,насыщенность_асимметрия:слабая,разнообразие_оттенка:высокое,разнообразие_насыщенности:высокое,разнообразие_яркости:среднее,вариабельность_оттенка:средняя,вариабельность_насыщенности:высокая,вариабельность_яркости:средняя,насыщенность:средняя,яркость:средняя,энергия_текстуры:низкая,энтропия_текстуры:высокая,энтропия_lbp:средняя,среднее_lbp:среднее,разброс_lbp:средний,медиана_lbp:типичная,темные_пиксели:нет,белые_пиксели:нет,красные_пиксели:умеренно,синие_пиксели:единичные,яркие_выбросы:нет,темные_выбросы:много
/kaggle/input/datasets/mihailodin1/all-image-skin/1212.jpg,success,9.979379171260314,142.97535800066888,160.23498069380682,2.265266641950616,45.54832093753485,29.345655763253152,0.2218221562999648,0.3059320313268725,0.4722458094259546,0.5613249942595211,2.3315995478648333,1.9407815167514517,58.9489489469082,22.099522354306018,"[[10, 85, 192], [9, 188, 130], [11, 140, 169]]",0.0,1.5201726916177678e-05,0.9748031376364354,0.0,-1.020901644332028,64.84618251310019,-41.04013306777085,-2.4540375163811063,-0.6919493644561783,4.372766328010215,-8.416320433865138,-33.52485846587555,0.0,0.02474841141953726,131564,1366.3960921764374,3.767108047659365,0.8855104903764348,0.9498806682577565,0.6004669177624224,0.9941738769033136,0.7889327304781665,291.7514474360509,1.038029955777494,0.9808178738283141,0.21576353528764178,0.8943766370989567,0.2881567340271254,5.2307713532663875,0.2576901823540247,1.9998336442779896,4.801950942469454,1.980379646240403,5.0,122.84229086791571,1.0,0.3002334588812112,0.9647799036377809,0.24202527479004496,умеренная,ровные,выраженный,монотонная,неоднородная,лобуляции слабые,с примесью красного или синего,умеренно вытянутая,тёмный ободок по краю,цвет умеренно неоднородный,грубая,округлая,красноватый,средне упорядоченная,размер:маленький,периметр:средний,выпуклость:высокая,плотность:высокая,заполнение_bbox:среднее,вариация_радиуса:низкая,граница:сильно_изрезанная,форма:умеренно_вытянутая,отношение_периметр_площадь:среднее,красный:норма,зеленый:норма,синий:норма,контраст:выраженный,центр:оттенок_как_периферия,насыщенность_центра:выше,яркость_центра:темнее,ободок:слегка_темнее,яркость_асимметрия:слабая,яркость_асимметрия:слабая,насыщенность_асимметрия:слабая,насыщенность_асимметрия:слабая,разнообразие_оттенка:среднее,разнообразие_насыщенности:высокое,разнообразие_яркости:среднее,вариабельность_оттенка:низкая,вариабельность_насыщенности:высокая,вариабельность_яркости:средняя,насыщенность:средняя,яркость:средняя,энергия_текстуры:низкая,энтропия_текстуры:высокая,энтропия_lbp:низкая,среднее_lbp:низкое,разброс_lbp:низкий,медиана_lbp:типичная,темные_пиксели:нет,белые_пиксели:нет,красные_пиксели:преобладают,синие_пиксели:нет,яркие_выбросы:нет,темные_выбросы:умеренно
/kaggle/input/datasets/mihailodin1/all-image-skin/1213.jpg,success,8.594922383244118,130.85041063483743,165.04383241259728,2.446419050685319,38.9414796567334,22.493689067340988,0.23462105814459405,0.3019207433083387,0.46345819573897573,0.3008520804592104,2.2072304564698033,1.6469028951594327,35.143632408030605,13.575924035102288,"[[10, 122, 173], [9, 178, 138], [6, 89, 185]]",0.0,0.0,0.9986424183770851,0.0,1.4324139988302846,59.79806087390726,-33.148941806798035,-7.403762445075898,4.862860150889787,4.747634945522691,-2.6163545977171623,-23.56480131425579,0.0,0.04153393281987177,74397,1046.2295715808868,3.8357410423274305,0.8541050801525387,1.0416666666666667,0.35316884975756324,0.9820349006045566,0.733698224852071,138.00578366757568,1.0382672884658832,0.957090007694478,0.1833657298554396,0.909050443487852,0.35998770758422216,4.88972898985468,0.22268655903732543,2.0659734082461867,4.926792082981677,2.111767326228885,5.0,114.01002881874112,1.0,0.197417758212115,0.7711120090450571,0.12410501856885287,умеренная,умеренно неровные,умеренный,монотонная,неоднородная,лобуляции отсутствуют,с примесью красного или синего,округлая,тёмный ободок по краю,цвет однородный,грубая,округлая,красноватый,средне упорядоченная,размер:очень_маленький,периметр:средний,выпуклость:высокая,плотность:высокая,заполнение_bbox:среднее,вариация_радиуса:низкая,граница:сильно_изрезанная,форма:округлая,отношение_периметр_площадь:среднее,красный:норма,зеленый:норма,синий:норма,контраст:умеренный,центр:оттенок_как_периферия,насыщенность_центра:умеренно_выше,яркость_центра:темнее,ободок:слегка_темнее,яркость_асимметрия:слабая,яркость_асимметрия:слабая,насыщенность_асимметрия:слабая,насыщенность_асимметрия:слабая,разнообразие_оттенка:низкое,разнообразие_насыщенности:среднее,разнообразие_яркости:среднее,вариабельность_оттенка:низкая,вариабельность_насыщенности:средняя,вариабельность_яркости:средняя,насыщенность:средняя,яркость:средняя,энергия_текстуры:низкая,энтропия_текстуры:высокая,энтропия_lbp:средняя,среднее_lbp:среднее,разброс_lbp:средний,медиана_lbp:типичная,темные_пиксели:нет,белые_пиксели:нет,красные_пиксели:преобладают,синие_пиксели:нет,яркие_выбросы:нет,темные_выбросы:много
/kaggle/input/datasets/mihailodin1/all-image-skin/1214.jpg,success,6.2022909239518,127.86071974799704,156.9248852920621,3.347891542266927,39.252210285394625,20.576080453942616,0.24195232145197426,0.2917946898676624,0.46625298570917384,0.262323121901521,2.2408291706880163,1.6303904290084184,40.43290611477074,16.11580240759878,"[[8, 169, 136], [1, 77, 179], [7, 116, 166]]",0.0,3.0386208712738912e-05,0.9984705608281255,0.0,2.6827927544802748,57.98950893555107,-27.880395660803543,-3.3773034279012393,0.9752508749620148,5.496680528117423,-8.494080464371947,-23.361947773850233,0.00015193104356369457,0.031176250139270122,98729,1231.2661494016647,3.918587697773624,0.8183719260088544,1.1448863636363635,0.6594568563406721,0.9715413152793222,0.6959804308594632,436.2298303251822,1.0516622975500474,0.9695472987423679,0.20117817299741322,0.9018013485923763,0.3409359367683797,4.923476480899661,0.23968477112043754,2.032046499738822,4.902332406390773,2.049790175410452,5.0,106.89601264618751,1.0,0.4021716099885178,0.7754600726109836,0.3648792523281534,умеренная,умеренно неровные,выраженный,монотонная,неоднородная,лобуляции слабые,с примесью красного или синего,умеренно вытянутая,тёмный ободок по краю,цвет однородный,грубая,овальная,красноватый,средне упорядоченная,размер:очень_маленький,периметр:средний,выпуклость:средняя,плотность:высокая,заполнение_bbox:низкое,вариация_радиуса:низкая,граница:сильно_изрезанная,форма:умеренно_вытянутая,отношение_периметр_площадь:среднее,красный:норма,зеленый:норма,синий:норма,контраст:умеренный,центр:оттенок_как_периферия,насыщенность_центра:умеренно_выше,яркость_центра:темнее,ободок:слегка_темнее,яркость_асимметрия:слабая,яркость_асимметрия:слабая,насыщенность_асимметрия:слабая,насыщенность_асимметрия:слабая,разнообразие_оттенка:низкое,разнообразие_насыщенности:среднее,разнообразие_яркости:среднее,вариабельность_оттенка:низкая,вариабельность_насыщенности:средняя,вариабельность_яркости:средняя,насыщенность:средняя,яркость:средняя,энергия_текстуры:низкая,энтропия_текстуры:высокая,энтропия_lbp:средняя,среднее_lbp:среднее,разброс_lbp:низкий,медиана_lbp:типичная,темные_пиксели:нет,белые_пиксели:нет,красные_пиксели:преобладают,синие_пиксели:нет,яркие_выбросы:нет,темные_выбросы:умеренно
/kaggle/input/datasets/mihailodin1/all-image-skin/1215.jpg,success,6.942734690916403,126.35672243247272,181.1827215765101,3.146088823492324,42.55216033074895,27.044595988621996,0.24314753093618385,0.29659381930806406,0.46025864721545107,0.24111991736634023,2.3244105083321993,1.8119591706472242,44.23013580095564,15.645741914163548,"[[4, 82, 204], [8, 191, 136], [9, 134, 182]]",0.0,7.213168360158305e-06,0.9963813938726539,0.0,2.0472435510174307,65.71226303293248,-42.027194878844085,11.664946776720427,-16.980028125084672,3.6485212927194084,3.8310977463703324,-30.587474110127403,2.885267344063322e-05,0.06242035459935658,415906,2532.473423719406,3.926877048720842,0.8149205258290275,1.0497981157469718,0.4071896278981488,0.9687913459925833,0.7176484798288297,646.6244649573596,1.0612445524616836,0.9335615859706229,0.16988058471759251,0.91565591133491,0.32564838250750744,5.0703329363351735,0.20318973862536302,2.115867165521486,4.997863020329138,2.2259487426827023,5.0,145.91129540368883,1.0,0.22849387182256028,0.8611171699850385,0.41364241291555814,умеренная,умеренно неровные,выраженный,монотонная,неоднородная,лобуляции слабые,с примесью красного или синего,умеренно вытянутая,тёмный ободок по краю,цвет умеренно неоднородный,грубая,овальная,красноватый,хаотичная,размер:средний,периметр:средний,выпуклость:средняя,плотность:средняя,заполнение_bbox:среднее,вариация_радиуса:средняя,граница:сильно_изрезанная,форма:округлая,отношение_периметр_площадь:среднее,красный:норма,зеленый:норма,синий:норма,контраст:умеренный,центр:оттенок_как_периферия,насыщенность_центра:выше,яркость_центра:темнее,ободок:слегка_темнее,яркость_асимметрия:слабая,яркость_асимметрия:слабая,насыщенность_асимметрия:слабая,насыщенность_асимметрия:слабая,разнообразие_оттенка:низкое,разнообразие_насыщенности:высокое,разнообразие_яркости:среднее,вариабельность_оттенка:низкая,вариабельность_насыщенности:средняя,вариабельность_яркости:средняя,насыщенность:средняя,яркость:высокая,энергия_текстуры:низкая,энтропия_текстуры:высокая,энтропия_lbp:высокая,среднее_lbp:среднее,разброс_lbp:средний,медиана_lbp:типичная,темные_пиксели:нет,белые_пиксели:нет,красные_пиксели:преобладают,синие_пиксели:нет,яркие_выбросы:нет,темные_выбросы:много
/kaggle/input/datasets/mihailodin1/all-image-skin/1216.jpg,success,5.180303789174635,77.91520305776179,166.80994347741972,12.067906882480996,49.308957461309916,17.603146236866294,0.28648424372403986,0.3181772896889508,0.3953384642153246,1.3271419136999187,2.389499434023581,1.416325629275403,35.01165450688761,11.73194793431559,"[[156, 24, 182], [11, 102, 159], [0, 39, 178]]",0.0,8.104532786756671e-05,0.5666218738725549,0.0,9.709388513541114,78.14492583830312,-23.845311118350395,-8.308285380957756,13.738465398578242,-2.599988229724687,13.49534112423467,-16.267572195095738,0.0001882343098859614,0.059667661868434675,382502,2421.863252043724,3.915910546251756,0.8194912848596723,1.0846262341325812,0.4739036674860094,0.9754842329418666,0.7015540487251959,644.3506937220549,1.0643164904783577,0.920155100082532,0.1656289957758744,0.9177734442556676,0.375331782429716,4.865397591435277,0.19493695538320233,2.1305089672999604,5.0094928796822895,2.2694959028407893,5.0,149.84170560369,2.0,0.27926495080929525,1.4031700781561083,0.4118983438253744,умеренная,умеренно неровные,умеренный,умеренно разнообразная,неоднородная,лобуляции слабые,слабо пигментированная,умеренно вытянутая,без выраженного ободка,цвет неоднородный,грубая,овальная,красноватый,хаотичная,размер:маленький,периметр:средний,выпуклость:средняя,плотность:высокая,заполнение_bbox:среднее,вариация_радиуса:средняя,граница:сильно_изрезанная,форма:округлая,отношение_периметр_площадь:среднее,красный:понижен,зеленый:повышен,синий:повышен,контраст:умеренный,центр:синее_периферии,насыщенность_центра:выше,яркость_центра:темнее,ободок:слегка_темнее,яркость_асимметрия:слабая,яркость_асимметрия:слабая,насыщенность_асимметрия:слабая,насыщенность_асимметрия:слабая,разнообразие_оттенка:высокое,разнообразие_насыщенности:высокое,разнообразие_яркости:низкое,вариабельность_оттенка:средняя,вариабельность_насыщенности:высокая,вариабельность_яркости:низкая,насыщенность:низкая,яркость:средняя,энергия_текстуры:низкая,энтропия_текстуры:высокая,энтропия_lbp:высокая,среднее_lbp:среднее,разброс_lbp:высокий,медиана_lbp:типичная,темные_пиксели:нет,белые_пиксели:нет,красные_пиксели:умеренно,синие_пиксели:нет,яркие_выбросы:нет,темные_выбросы:много
/kaggle/input/datasets/mihailodin1/all-image-skin/1217.jpg,success,11.886657472733216,85.95027999845519,211.9867802108678,3.2605337084294628,24.106975563619915,9.188219204062545,0.2696417271249719,0.3251561588864916,0.4052021120770867,0.6920198609480332,1.7950320596949794,0.9920944789764388,20.88662066819771,5.904286441311651,"[[6, 57, 220], [13, 107, 207], [12, 70, 216]]",0.0,0.0009539257714440197,0.7464333989881435,0.0,2.279606217477081,35.612786987956625,-8.664803189296435,-3.325517562315383,-2.442860252223838,7.977440337398576,0.30647312585733744,-6.7734526649625195,0.027304676939713435,0.011725176688680339,258930,2002.2581326961517,3.9348563364173113,0.8116188081822324,0.7403708987161198,0.6927607506305652,0.9794746478233897,0.7117000486505652,1415.8824097484508,1.0576985742942226,0.9289404524139033,0.1545668809099761,0.9231564231056639,0.48073483514072607,4.285112888804407,0.18529569871530185,2.176898416351768,5.087404660439244,2.385300359882451,5.0,60.609487672525276,1.0,0.3463803753152826,0.6146413698614817,0.4153046529430316,слабая,умеренно неровные,умеренный,монотонная,неоднородная,лобуляции слабые,с примесью красного или синего,умеренно вытянутая,без выраженного ободка,цвет однородный,грубая,овальная,красноватый,хаотичная,размер:маленький,периметр:средний,выпуклость:средняя,плотность:высокая,заполнение_bbox:среднее,вариация_радиуса:средняя,граница:сильно_изрезанная,форма:умеренно_вытянутая,отношение_периметр_площадь:среднее,красный:понижен,зеленый:повышен,синий:повышен,контраст:умеренный,центр:оттенок_как_периферия,насыщенность_центра:умеренно_выше,яркость_центра:равная,ободок:одинаковый,яркость_асимметрия:слабая,яркость_асимметрия:слабая,насыщенность_асимметрия:слабая,насыщенность_асимметрия:слабая,разнообразие_оттенка:среднее,разнообразие_насыщенности:низкое,разнообразие_яркости:низкое,вариабельность_оттенка:низкая,вариабельность_насыщенности:низкая,вариабельность_яркости:низкая,насыщенность:средняя,яркость:высокая,энергия_текстуры:низкая,энтропия_текстуры:высокая,энтропия_lbp:высокая,среднее_lbp:среднее,разброс_lbp:высокий,медиана_lbp:типичная,темные_пиксели:нет,белые_пиксели:единичные,красные_пиксели:умеренно,синие_пиксели:нет,яркие_выбросы:много,темные_выбросы:умеренно
/kaggle/input/datasets/mihailodin1/all-image-skin/1218.jpg,success,7.914358705153039,118.42855541177515,177.8181219372048,3.7939641290725983,46.90610786862151,23.175357019083236,0.24914412369083003,0.3054461935393234,0.44540968026498556,0.5087407383029288,2.369621828457213,1.6782643176909606,44.98023723183979,15.467631333797558,"[[2, 60, 201], [10, 170, 153], [9, 98, 190]]",0.0,0.0003737252465418736,0.9424299615530153,0.0,2.262727561579041,66.78258010329846,-31.3443912586292,8.618037552462681,-20.50577282408308,-3.0258903920062608,7.085169973225902,-26.32956207271215,0.0,0.035543606728923066,428122,2574.5352631807327,3.934731226188505,0.8116704220909289,0.8160493827160494,0.595633833936768,0.9730156024500278,0.7996152481276031,1259.886345555199,1.0688103479554218,0.9172872047108356,0.18039664119539855,0.9107670316331565,0.31946479997462546,5.055311472362287,0.20492080570969454,2.1106977539866056,4.962061447815403,2.2185601903048062,5.0,139.62456966528464,1.0,0.297816916968384,0.9544653044218663,0.41196173757751137,умеренная,умеренно неровные,выраженный,монотонная,неоднородная,лобуляции слабые,с примесью красного или синего,умеренно вытянутая,тёмный ободок по краю,цвет умеренно неоднородный,грубая,овальная,красноватый,хаотичная,размер:средний,периметр:средний,выпуклость:средняя,плотность:высокая,заполнение_bbox:среднее,вариация_радиуса:средняя,граница:сильно_изрезанная,форма:умеренно_вытянутая,отношение_периметр_площадь:среднее,красный:понижен,зеленый:норма,синий:норма,контраст:умеренный,центр:оттенок_как_периферия,насыщенность_центра:выше,яркость_центра:темнее,ободок:слегка_темнее,яркость_асимметрия:слабая,яркость_асимметрия:слабая,насыщенность_асимметрия:сильная_лево_право,насыщенность_асимметрия:слабая,разнообразие_оттенка:среднее,разнообразие_насыщенности:высокое,разнообразие_яркости:среднее,вариабельность_оттенка:низкая,вариабельность_насыщенности:высокая,вариабельность_яркости:средняя,насыщенность:средняя,яркость:высокая,энергия_текстуры:низкая,энтропия_текстуры:высокая,энтропия_lbp:высокая,среднее_lbp:среднее,разброс_lbp:средний,медиана_lbp:типичная,темные_пиксели:нет,белые_пиксели:единичные,красные_пиксели:много,синие_пиксели:нет,яркие_выбросы:нет,темные_выбросы:умеренно
/kaggle/input/datasets/mihailodin1/all-image-skin/1219.jpg,success,5.750450306839698,123.17899032383241,182.07297390897978,3.6597936853103428,40.55525931793888,24.852646696876697,0.2480045532297594,0.29264556250596696,0.4593498817413847,0.29282020548452065,2.2566039020558866,1.7103585077260042,40.423727820897014,14.287170809321532,"[[1, 77, 204], [8, 177, 147], [7, 118, 190]]",0.0,0.0,0.9989902403812051,0.0,3.3177683936939815,58.31257814225563,-32.259300215539895,-18.867776181952735,25.925905159969446,-9.789977658937715,11.830074117446117,-27.566841076723563,0.0,0.0670822536833277,239661,1955.5890859365463,3.9946517256466696,0.7875026456391215,1.1392857142857142,0.5507636349211932,0.96844074659253,0.6707932154052844,1240.235393189464,1.0473794034920858,0.9176146309346013,0.17319061209641898,0.9138105749356283,0.34201890439248034,4.9727937008373395,0.2085565995676276,2.105155892697648,4.977531776007537,2.196587904388012,5.0,160.30337986979552,1.0,0.3450246746034537,0.849277234362964,0.4228850583758745,умеренная,умеренно неровные,умеренный,монотонная,неоднородная,лобуляции слабые,с примесью красного или синего,умеренно вытянутая,тёмный ободок по краю,цвет однородный,грубая,овальная,красноватый,хаотичная,размер:маленький,периметр:средний,выпуклость:высокая,плотность:средняя,заполнение_bbox:низкое,вариация_радиуса:средняя,граница:сильно_изрезанная,форма:умеренно_вытянутая,отношение_периметр_площадь:среднее,красный:норма,зеленый:норма,синий:норма,контраст:умеренный,центр:оттенок_как_периферия,насыщенность_центра:умеренно_выше,яркость_центра:темнее,ободок:слегка_темнее,яркость_асимметрия:сильная_лево_право,яркость_асимметрия:слабая,насыщенность_асимметрия:сильная_право_лево,насыщенность_асимметрия:слабая,разнообразие_оттенка:низкое,разнообразие_насыщенности:среднее,разнообразие_яркости:среднее,вариабельность_оттенка:низкая,вариабельность_насыщенности:средняя,вариабельность_яркости:средняя,насыщенность:средняя,яркость:высокая,энергия_текстуры:низкая,энтропия_текстуры:высокая,энтропия_lbp:высокая,среднее_lbp:среднее,разброс_lbp:средний,медиана_lbp:типичная,темные_пиксели:нет,белые_пиксели:нет,красные_пиксели:преобладают,синие_пиксели:нет,яркие_выбросы:нет,темные_выбросы:много
/kaggle/input/datasets/mihailodin1/all-image-skin/122.jpg,success,5.035694109865519,111.29371191179658,111.8384003086697,5.199715408118621,47.811593626254385,15.367569163329286,0.261776743466837,0.29741200275086227,0.440811249840791,0.6279424282531659,2.3770603372671557,1.309591004806991,26.688337161187096,13.861969026790296,"[[7, 86, 120], [8, 166, 95], [178, 68, 124]]",0.0,0.0,0.932060951696362,5.285440197886881e-06,2.4098005956090702,61.67310625127399,-18.835368890352285,0.0531262378048325,-4.797437335507254,-4.9509070835078575,23.988206768244652,-13.08909652046475,0.0,0.04749760833831045,378398,2493.9667216539383,4.05430332916183,0.764499820907497,0.7619647355163728,0.763584844530805,0.965636036992426,0.7877219643191706,3181.312966889935,1.0627099439314014,1.0283146299326367,0.10529348002288054,0.9473601896674895,0.4433655738157168,4.4550689588169305,0.21171159201547587,2.1266135235403656,5.289043068812313,2.291242815148563,5.0,116.70795316229994,2.0,0.3817924222654025,0.9621010818964155,0.42275976650771685,умеренная,умеренно неровные,умеренный,умеренно разнообразная,неоднородная,лобуляции слабые,с примесью красного или синего,умеренно вытянутая,без выраженного ободка,цвет умеренно неоднородный,средняя,овальная,красноватый,средне упорядоченная,размер:маленький,периметр:средний,выпуклость:средняя,плотность:средняя,заполнение_bbox:среднее,вариация_радиуса:высокая,граница:сильно_изрезанная,форма:умеренно_вытянутая,отношение_периметр_площадь:среднее,красный:понижен,зеленый:норма,синий:повышен,контраст:умеренный,центр:оттенок_как_периферия,насыщенность_центра:выше,яркость_центра:равная,ободок:слегка_темнее,яркость_асимметрия:слабая,яркость_асимметрия:слабая,насыщенность_асимметрия:слабая,насыщенность_асимметрия:сильная_низ_верх,разнообразие_оттенка:среднее,разнообразие_насыщенности:высокое,разнообразие_яркости:низкое,вариабельность_оттенка:средняя,вариабельность_насыщенности:высокая,вариабельность_яркости:низкая,насыщенность:средняя,яркость:средняя,энергия_текстуры:низкая,энтропия_текстуры:высокая,энтропия_lbp:высокая,среднее_lbp:высокое,разброс_lbp:высокий,медиана_lbp:типичная,темные_пиксели:нет,белые_пиксели:нет,красные_пиксели:много,синие_пиксели:нет,яркие_выбросы:нет,темные_выбросы:много
/kaggle/input/datasets/mihailodin1/all-image-skin/1220.jpg,success,175.76016851601455,91.29276185441621,187.2524783283264,4.285753612258329,15.730212818611541,18.68739857097281,0.29626916052626684,0.2758029897265711,0.4279278474618515,0.6818190268647488,1.4059798677712443,1.5507411623966938,19.372490696481485,7.512194296020152,"[[175, 94, 192], [0, 93, 191], [170, 83, 168]]",0.0,4.770561765881458e-05,0.9811025584823597,6.446705089028997e-06,2.5441458445457954,13.818283860754775,22.715269549303144,-7.234846781770727,4.688536392360746,6.860775647060763,4.266141650104558,32.83842950301005,0.0030656231600029223,0.03804523008290463,4653540,10294.534051656723,4.772159699571531,0.5517977513602549,1.3224446786090622,0.6613221818318471,0.9849668699658064,0.9768177028451,32580.794582017472,1.1972507884178734,1.0657890419022025,0.13433796208566454,0.9342941513805543,0.5026209378708251,4.24477303318208,0.1863399339777684,2.1690229394059997,5.195663302980215,2.397326646529072,5.0,62.12799972590051,2.0,0.49188343022045466,0.657489324353975,0.4362367409425028,слабая,фестончатые,умеренный,умеренно разнообразная,неоднородная,лобуляции слабые,с примесью красного или синего,умеренно вытянутая,светлый ободок по краю,цвет однородный,грубая,неправильная,красноватый,хаотичная,размер:гигантский,периметр:очень_большой,выпуклость:низкая,плотность:высокая,заполнение_bbox:высокое,вариация_радиуса:высокая,граница:сильно_изрезанная,форма:умеренно_вытянутая,отношение_периметр_площадь:высокое,красный:понижен,зеленый:понижен,синий:повышен,контраст:очень_слабый,центр:оттенок_как_периферия,насыщенность_центра:равна,яркость_центра:светлее,ободок:светлее,яркость_асимметрия:слабая,яркость_асимметрия:слабая,насыщенность_асимметрия:слабая,насыщенность_асимметрия:слабая,разнообразие_оттенка:среднее,разнообразие_насыщенности:низкое,разнообразие_яркости:низкое,вариабельность_оттенка:низкая,вариабельность_насыщенности:низкая,вариабельность_яркости:низкая,насыщенность:средняя,яркость:высокая,энергия_текстуры:низкая,энтропия_текстуры:высокая,энтропия_lbp:высокая,среднее_lbp:высокое,разброс_lbp:высокий,медиана_lbp:типичная,темные_пиксели:нет,белые_пиксели:нет,красные_пиксели:преобладают,синие_пиксели:нет,яркие_выбросы:единичные,темные_выбросы:умеренно
/kaggle/input/datasets/mihailodin1/all-image-skin/1221.jpg,success,9.457214130875466,111.04438811601038,178.42704550813488,3.1307502877256637,35.56593815817031,14.62411272270122,0.25112221446767613,0.3121132498153586,0.4367645332691046,0.6355681210713127,2.172585867579911,1.3476802872264086,27.20666842213501,9.492931011116756,"[[10, 94, 186], [11, 148, 164], [5, 71, 192]]",0.0,0.0,0.9711624616835652,0.0,2.2805620583440316,46.19480077508659,-15.837154867118443,4.44681754965913,-12.360412740460376,-1.1695844255155805,9.89888163355242,-12.254890376130163,0.0007899080405564725,0.0416175430323037,84820,1178.6559777259827,4.0470440274265815,0.767244892223791,1.1068249258160237,0.6758382711873026,0.9595891030862521,0.6747758569939778,406.9381552662284,1.0797133328151725,0.9631752637417161,0.23103592157386346,0.890365979439979,0.366913947407521,4.824708196317147,0.24362670622435428,2.0424032144821007,4.838511322989317,2.0780118153246585,5.0,92.18821404973657,1.0,0.3913315985016631,0.7651508820007323,0.3426648264254246,умеренная,умеренно неровные,умеренный,монотонная,неоднородная,лобуляции слабые,с примесью красного или синего,умеренно вытянутая,без выраженного ободка,цвет однородный,грубая,овальная,красноватый,средне упорядоченная,размер:очень_маленький,периметр:средний,выпуклость:средняя,плотность:средняя,заполнение_bbox:низкое,вариация_радиуса:низкая,граница:сильно_изрезанная,форма:умеренно_вытянутая,отношение_периметр_площадь:среднее,красный:понижен,зеленый:повышен,синий:повышен,контраст:умеренный,центр:оттенок_как_периферия,насыщенность_центра:умеренно_выше,яркость_центра:равная,ободок:слегка_темнее,яркость_асимметрия:слабая,яркость_асимметрия:слабая,насыщенность_асимметрия:слабая,насыщенность_асимметрия:слабая,разнообразие_оттенка:среднее,разнообразие_насыщенности:среднее,разнообразие_яркости:низкое,вариабельность_оттенка:низкая,вариабельность_насыщенности:средняя,вариабельность_яркости:низкая,насыщенность:средняя,яркость:высокая,энергия_текстуры:низкая,энтропия_текстуры:высокая,энтропия_lbp:средняя,среднее_lbp:низкое,разброс_lbp:средний,медиана_lbp:типичная,темные_пиксели:нет,белые_пиксели:нет,красные_пиксели:преобладают,синие_пиксели:нет,яркие_выбросы:нет,темные_выбросы:много
/kaggle/input/datasets/mihailodin1/all-image-skin/1222.jpg,success,9.021442799316723,164.65403739026655,162.89622513491602,1.8833251226724883,29.89088550778199,18.15693075518696,0.19007635909441745,0.2901586469217908,0.5197649907930181,0.26401014809807405,2.001381159769657,1.5572286126076555,34.923433045774885,14.482229672509655,"[[10, 164, 167], [9, 194, 145], [8, 123, 183]]",0.0,0.0,0.9994572043938609,0.0,0.1881324543869738,39.17242592247089,-21.37422195486039,-6.8525788252705695,8.220071134044986,4.666032817379175,-5.456098942902656,-19.60747829640053,0.006638807798163541,0.03375771135103914,287401,2069.8489714860916,3.8609530491152646,0.8429868949215364,0.8877086494688923,0.44479713209454047,0.9827086282474748,0.7454988781240678,598.7580690559846,1.0456088163978277,1.0000272845166363,0.1980867644399882,0.9029268604236028,0.37590015140839433,4.7983690079936165,0.22662174136898403,2.0549380320104813,4.889307242102756,2.0957711998398136,5.0,85.92956205131564,1.0,0.22239856604727024,0.609258203743291,0.4133888337642966,умеренная,умеренно неровные,умеренный,монотонная,неоднородная,лобуляции слабые,с примесью красного или синего,умеренно вытянутая,без выраженного ободка,цвет однородный,грубая,овальная,красноватый,средне упорядоченная,размер:маленький,периметр:средний,выпуклость:высокая,плотность:высокая,заполнение_bbox:среднее,вариация_радиуса:средняя,граница:сильно_изрезанная,форма:округлая,отношение_периметр_площадь:среднее,красный:норма,зеленый:норма,синий:понижен,контраст:умеренный,центр:оттенок_как_периферия,насыщенность_центра:умеренно_выше,яркость_центра:темнее,ободок:слегка_темнее,яркость_асимметрия:слабая,яркость_асимметрия:слабая,насыщенность_асимметрия:слабая,насыщенность_асимметрия:слабая,разнообразие_оттенка:низкое,разнообразие_насыщенности:среднее,разнообразие_яркости:низкое,вариабельность_оттенка:низкая,вариабельность_насыщенности:низкая,вариабельность_яркости:низкая,насыщенность:высокая,яркость:средняя,энергия_текстуры:низкая,энтропия_текстуры:высокая,энтропия_lbp:средняя,среднее_lbp:низкое,разброс_lbp:средний,медиана_lbp:типичная,темные_пиксели:нет,белые_пиксели:нет,красные_пиксели:преобладают,синие_пиксели:нет,яркие_выбросы:единичные,темные_выбросы:умеренно
/kaggle/input/datasets/mihailodin1/all-image-skin/1223.jpg,success,9.474849237558496,179.8835175396444,103.95647577460669,2.330800936774823,29.785341615671882,33.1184944810062,0.17405678646869652,0.2915365712002996,0.5344066371903272,0.49315804113153333,1.9106045812203436,2.0770792565612792,64.31504520640885,34.84499364955593,"[[8, 202, 70], [12, 136, 148], [10, 187, 108]]",0.030624908593276642,0.0,0.983118484006435,0.0,-2.1686881852077704,25.59558495141411,-43.748081914783,10.503703173410571,-9.949491158918903,0.039089384112358516,-1.6768852869797684,-43.6482462701986,0.0029751582642124396,0.0005014311681256921,239315,1913.6164355278015,3.9117395593224713,0.8212398213842316,0.6822289156626506,0.7328328916867607,0.9808192790835878,0.7956162397936115,1591.2207944566185,1.048176672973082,1.0559227406936542,0.16408467750175762,0.9190348536015458,0.3478879988038785,4.931749352530162,0.23481092375026855,2.026038244776465,5.004616855735896,2.034786153085423,5.0,93.68152405482648,1.0,0.36641644584338035,0.8300212358088249,0.4164274650572608,умеренная,умеренно неровные,выраженный,монотонная,неоднородная,лобуляции слабые,с примесью красного или синего,умеренно вытянутая,тёмный ободок по краю,цвет однородный,грубая,овальная,красноватый,средне упорядоченная,размер:маленький,периметр:средний,выпуклость:высокая,плотность:высокая,заполнение_bbox:среднее,вариация_радиуса:средняя,граница:сильно_изрезанная,форма:умеренно_вытянутая,отношение_периметр_площадь:среднее,красный:повышен,зеленый:норма,синий:понижен,контраст:выраженный,центр:оттенок_как_периферия,насыщенность_центра:умеренно_выше,яркость_центра:темнее,ободок:слегка_темнее,яркость_асимметрия:слабая,яркость_асимметрия:слабая,насыщенность_асимметрия:слабая,насыщенность_асимметрия:слабая,разнообразие_оттенка:среднее,разнообразие_насыщенности:низкое,разнообразие_яркости:среднее,вариабельность_оттенка:низкая,вариабельность_насыщенности:низкая,вариабельность_яркости:средняя,насыщенность:высокая,яркость:средняя,энергия_текстуры:низкая,энтропия_текстуры:высокая,энтропия_lbp:средняя,среднее_lbp:среднее,разброс_lbp:низкий,медиана_lbp:типичная,темные_пиксели:единичные,белые_пиксели:нет,красные_пиксели:преобладают,синие_пиксели:нет,яркие_выбросы:единичные,темные_выбросы:нет
/kaggle/input/datasets/mihailodin1/all-image-skin/1224.jpg,success,10.673357977435057,189.0610575482066,104.62288939954041,3.1330167280343177,32.92998952825907,37.55747099233096,0.16088083471866457,0.30188366550091594,0.5372354946454486,0.6792815032578181,1.9241952240150182,2.1589652240407657,75.50411121516437,38.72963901925756,"[[11, 198, 111], [14, 143, 154], [8, 214, 67]]",0.036567089619342595,0.0,0.8814941552602658,0.0,-4.503531196183246,36.39434764115589,-59.33983679346629,0.4703300501981431,-6.730320357573987,1.6018751516673433,-1.404390524996188,-62.63244105986851,0.0023478869017883905,0.0,80072,1070.614347577095,3.7834911379309966,0.8778583045219065,0.8818443804034583,0.4618070509163686,0.9915914354001808,0.7541014484564239,76.9925544493026,1.0451222925329018,0.955269782114862,0.21715890068135701,0.8944690462972509,0.3119801252817794,5.142711007777252,0.26997810098862013,1.9550206026868537,4.8324156001974705,1.9003795809164352,5.0,110.44463171524109,1.0,0.2309035254581843,0.9791288719548321,0.06931919114439629,умеренная,умеренно неровные,выраженный,монотонная,неоднородная,лобуляции отсутствуют,с примесью красного или синего,умеренно вытянутая,тёмный ободок по краю,цвет умеренно неоднородный,грубая,округлая,красноватый,упорядоченная,размер:очень_маленький,периметр:средний,выпуклость:высокая,плотность:высокая,заполнение_bbox:среднее,вариация_радиуса:низкая,граница:сильно_изрезанная,форма:округлая,отношение_периметр_площадь:среднее,красный:повышен,зеленый:норма,синий:понижен,контраст:выраженный,центр:оттенок_как_периферия,насыщенность_центра:умеренно_выше,яркость_центра:значительно_темнее,ободок:темнее_центра,яркость_асимметрия:слабая,яркость_асимметрия:слабая,насыщенность_асимметрия:слабая,насыщенность_асимметрия:слабая,разнообразие_оттенка:среднее,разнообразие_насыщенности:низкое,разнообразие_яркости:высокое,вариабельность_оттенка:низкая,вариабельность_насыщенности:средняя,вариабельность_яркости:высокая,насыщенность:высокая,яркость:средняя,энергия_текстуры:низкая,энтропия_текстуры:высокая,энтропия_lbp:низкая,среднее_lbp:низкое,разброс_lbp:низкий,медиана_lbp:типичная,темные_пиксели:единичные,белые_пиксели:нет,красные_пиксели:много,синие_пиксели:нет,яркие_выбросы:единичные,темные_выбросы:нет
/kaggle/input/datasets/mihailodin1/all-image-skin/1225.jpg,success,11.097575648307156,138.88711691276373,204.07207645666577,2.8599310337399797,30.41458743689207,18.061561807935256,0.21851464622953112,0.3111208917464329,0.4703644597191408,0.6968317846892936,2.0509556788138306,1.565502570302331,21.498233696904943,7.0543524634732915,"[[8, 124, 208], [11, 165, 190], [14, 111, 221]]",0.0,2.0278745846478306e-05,0.8966247476020383,0.0,0.7916299039803647,6.464995256101162,-0.17699290684637958,19.16665293452391,-25.421388485891768,-4.968239607907719,14.622163528685519,-1.4827050097759695,0.017749696543053226,0.01730066717073835,345189,2397.4124606847763,4.080508476699848,0.7547120693153089,0.6904176904176904,0.7630046516778902,0.9572310405643739,0.7545642536745739,3375.415238173395,1.0679306916485964,1.0208835797407785,0.21709023805137395,0.896885266795273,0.334746472556106,5.033050213571954,0.2147126168565053,2.094874685768293,4.889979144486415,2.180541871846182,5.0,71.61206262393682,1.0,0.3815023258389451,0.754300473078596,0.42315892825790963,слабая,умеренно неровные,умеренный,монотонная,неоднородная,лобуляции слабые,с примесью красного или синего,умеренно вытянутая,без выраженного ободка,цвет однородный,грубая,овальная,красноватый,средне упорядоченная,размер:маленький,периметр:средний,выпуклость:средняя,плотность:средняя,заполнение_bbox:среднее,вариация_радиуса:высокая,граница:сильно_изрезанная,форма:умеренно_вытянутая,отношение_периметр_площадь:среднее,красный:норма,зеленый:повышен,синий:норма,контраст:умеренный,центр:оттенок_как_периферия,насыщенность_центра:равна,яркость_центра:равная,ободок:одинаковый,яркость_асимметрия:сильная_право_лево,яркость_асимметрия:слабая,насыщенность_асимметрия:сильная_лево_право,насыщенность_асимметрия:слабая,разнообразие_оттенка:среднее,разнообразие_насыщенности:среднее,разнообразие_яркости:низкое,вариабельность_оттенка:низкая,вариабельность_насыщенности:средняя,вариабельность_яркости:низкая,насыщенность:средняя,яркость:высокая,энергия_текстуры:низкая,энтропия_текстуры:высокая,энтропия_lbp:средняя,среднее_lbp:низкое,разброс_lbp:средний,медиана_lbp:типичная,темные_пиксели:нет,белые_пиксели:нет,красные_пиксели:много,синие_пиксели:нет,яркие_выбросы:много,темные_выбросы:умеренно
/kaggle/input/datasets/mihailodin1/all-image-skin/1226.jpg,success,7.575476323792933,157.3398234454085,171.9136158558729,2.488241420682825,38.507970662942924,31.26890026085102,0.207508942929392,0.28404955014724315,0.5084415039658243,0.20045878716588775,2.1657407583508057,2.049613168729257,54.60447329094892,20.88760864414511,"[[6, 195, 138], [8, 107, 207], [9, 159, 179]]",0.0,0.0,0.998814049733457,0.0,-1.332517507930092,46.76451319839211,-39.46077714040382,8.61961565388063,-3.1410304436745093,14.116597571542599,-7.841856733018517,-35.91856248667875,0.0024265106758278214,0.015092423115745287,1098697,5304.422900438309,5.060566916991584,0.49069487267614714,1.663233779608651,0.8485933188304422,0.8523532679190948,0.7006258907704228,20890.415887225576,1.173672112485993,0.9735221418861453,0.15010931985592382,0.9254506629409324,0.30322216115088657,5.1457653497608336,0.21539725807011867,2.109141878169837,5.046897823897094,2.2230780991755292,5.0,121.27690824884228,1.0,0.7559135492195466,0.8308247867188389,0.4649408850285709,умеренная,фестончатые,выраженный,монотонная,неоднородная,лобуляции слабые,с примесью красного или синего,вытянутая,тёмный ободок по краю,цвет однородный,грубая,неправильная,красноватый,средне упорядоченная,размер:крупный,периметр:большой,выпуклость:низкая,плотность:низкая,заполнение_bbox:среднее,вариация_радиуса:высокая,граница:сильно_изрезанная,форма:сильно_вытянутая,отношение_периметр_площадь:высокое,красный:норма,зеленый:норма,синий:норма,контраст:выраженный,центр:оттенок_как_периферия,насыщенность_центра:умеренно_выше,яркость_центра:темнее,ободок:слегка_темнее,яркость_асимметрия:слабая,яркость_асимметрия:слабая,насыщенность_асимметрия:слабая,насыщенность_асимметрия:слабая,разнообразие_оттенка:низкое,разнообразие_насыщенности:среднее,разнообразие_яркости:среднее,вариабельность_оттенка:низкая,вариабельность_насыщенности:средняя,вариабельность_яркости:средняя,насыщенность:средняя,яркость:высокая,энергия_текстуры:низкая,энтропия_текстуры:высокая,энтропия_lbp:высокая,среднее_lbp:среднее,разброс_lbp:средний,медиана_lbp:типичная,темные_пиксели:нет,белые_пиксели:нет,красные_пиксели:преобладают,синие_пиксели:нет,яркие_выбросы:единичные,темные_выбросы:умеренно
/kaggle/input/datasets/mihailodin1/all-image-skin/1227.jpg,success,12.594335059782962,150.4537378153038,177.78198868343586,2.1454382137748698,35.88481303232778,28.435200710377327,0.20512056254955185,0.31853870390023353,0.47634073087086154,0.6216915672281135,2.1269717983104495,1.9473673915168261,48.39869066184977,17.241733813934076,"[[14, 108, 207], [11, 189, 146], [13, 153, 182]]",0.0,0.0,0.821147168214909,0.0,-1.5809387283458562,48.642029798315804,-31.717040641726612,-3.712817849999823,2.248560500488793,18.96657509038255,-18.717219257477126,-32.000833416193444,7.932171123371702e-05,0.031252754226084506,113462,1279.9108109474182,3.799745331640583,0.8703639286343323,0.833729216152019,0.5950149294792654,0.9900698080279232,0.7678231858754424,286.1007861430822,1.0368020819299553,0.9935857659785526,0.2698478020838278,0.8804058050641679,0.2846321458297831,5.291086240050809,0.2688961900437179,1.99815723946985,4.791543125784652,1.9976471269641445,5.0,125.58518186673656,1.0,0.2975074647396327,0.8701376363599085,0.24032090420852295,умеренная,умеренно неровные,выраженный,монотонная,неоднородная,лобуляции слабые,с примесью красного или синего,умеренно вытянутая,тёмный ободок по краю,цвет умеренно неоднородный,грубая,округлая,красноватый,упорядоченная,размер:маленький,периметр:средний,выпуклость:высокая,плотность:высокая,заполнение_bbox:среднее,вариация_радиуса:низкая,граница:сильно_изрезанная,форма:умеренно_вытянутая,отношение_периметр_площадь:среднее,красный:норма,зеленый:повышен,синий:норма,контраст:умеренный,центр:оттенок_как_периферия,насыщенность_центра:умеренно_выше,яркость_центра:темнее,ободок:слегка_темнее,яркость_асимметрия:слабая,яркость_асимметрия:сильная_низ_верх,насыщенность_асимметрия:слабая,насыщенность_асимметрия:слабая,разнообразие_оттенка:среднее,разнообразие_насыщенности:среднее,разнообразие_яркости:среднее,вариабельность_оттенка:низкая,вариабельность_насыщенности:средняя,вариабельность_яркости:средняя,насыщенность:средняя,яркость:высокая,энергия_текстуры:низкая,энтропия_текстуры:высокая,энтропия_lbp:низкая,среднее_lbp:низкое,разброс_lbp:низкий,медиана_lbp:типичная,темные_пиксели:нет,белые_пиксели:нет,красные_пиксели:умеренно,синие_пиксели:нет,яркие_выбросы:нет,темные_выбросы:умеренно
/kaggle/input/datasets/mihailodin1/all-image-skin/1228.jpg,success,10.501421181916935,110.05034852494865,140.39874835193558,8.02390115759836,40.022845578823116,47.337648723020884,0.2490241862551794,0.3185076057269143,0.43246820493404303,1.0184526531919238,2.3082338762069883,2.4524931051159964,27.99937130100601,12.022387121288673,"[[8, 105, 100], [13, 117, 171], [147, 31, 172]]",0.02187363934687931,0.006323317967578389,0.7419157204940292,0.0007449772461944858,0.12288288875069497,20.223675673762315,21.19565227210535,32.65483981313267,24.40714680522892,-43.08548097055886,-15.651681669938768,6.800580594943426,0.0041063634791444125,0.0140517378068402,2781293,9007.782414793968,5.401252940629699,0.4307455827441233,1.0628601361969618,0.8022093339195032,0.8096430231755913,0.7180567470989665,41997.96943983968,1.2432677830873973,1.0266731826917506,0.4427218552581442,0.8470694442265433,0.24107569331064563,5.701116401954909,0.30647749792815193,1.9687179565921054,4.735947465138904,1.9944728423225242,4.0,157.3413600934776,2.0,0.43253473505823253,1.3956814782363662,0.4696136356210082,умеренная,фестончатые,умеренный,умеренно разнообразная,неоднородная,лобуляции слабые,с примесью красного или синего,умеренно вытянутая,без выраженного ободка,цвет неоднородный,грубая,неправильная,красноватый,упорядоченная,размер:гигантский,периметр:очень_большой,выпуклость:низкая,плотность:низкая,заполнение_bbox:среднее,вариация_радиуса:высокая,граница:сильно_изрезанная,форма:сильно_вытянутая,отношение_периметр_площадь:высокое,красный:понижен,зеленый:повышен,синий:норма,контраст:умеренный,центр:оттенок_как_периферия,насыщенность_центра:умеренно_выше,яркость_центра:светлее,ободок:одинаковый,яркость_асимметрия:сильная_право_лево,яркость_асимметрия:сильная_верх_низ,насыщенность_асимметрия:сильная_право_лево,насыщенность_асимметрия:слабая,разнообразие_оттенка:высокое,разнообразие_насыщенности:высокое,разнообразие_яркости:высокое,вариабельность_оттенка:средняя,вариабельность_насыщенности:средняя,вариабельность_яркости:высокая,насыщенность:средняя,яркость:средняя,энергия_текстуры:низкая,энтропия_текстуры:высокая,энтропия_lbp:низкая,среднее_lbp:низкое,разброс_lbp:низкий,медиана_lbp:ниже_нормы,темные_пиксели:единичные,белые_пиксели:присутствуют,красные_пиксели:умеренно,синие_пиксели:единичные,яркие_выбросы:единичные,темные_выбросы:умеренно
/kaggle/input/datasets/mihailodin1/all-image-skin/1229.jpg,success,13.023914067937527,156.51904504913935,171.40971176788048,2.0798802339037743,28.431191849931473,16.07480160474622,0.19277209202757015,0.31983268684778254,0.48739521828119564,0.545612161968548,1.9262699869126236,1.453888102494494,35.0464024245758,13.166466948780732,"[[13, 156, 174], [14, 120, 189], [12, 185, 155]]",0.0,0.0,0.7772094955405329,0.0,-1.7539764937766193,43.19469825339979,-24.125375924534836,-1.0314086038346204,-4.889144783465781,4.7602408658488,-4.768211621952986,-22.69597726485088,0.0029291882065557006,0.02581058626370505,563296,2880.5810692310333,3.8380600782979273,0.8530732557554166,1.3566621803499328,0.6703182483544956,0.992392717586247,0.7521203187421223,2219.1867879487068,1.0501195580218285,0.9409284927590295,0.1238196889979275,0.9382173643832016,0.39558243230604617,4.626836689364357,0.1992329985509419,2.1541247782307944,5.202959147982383,2.3528543368245076,5.0,84.52305654681344,1.0,0.5134902143522142,0.6507923161690399,0.410318638465796,умеренная,умеренно неровные,умеренный,монотонная,неоднородная,лобуляции слабые,с примесью красного или синего,вытянутая,тёмный ободок по краю,цвет однородный,средняя,округлая,красноватый,хаотичная,размер:средний,периметр:средний,выпуклость:средняя,плотность:высокая,заполнение_bbox:среднее,вариация_радиуса:средняя,граница:сильно_изрезанная,форма:умеренно_вытянутая,отношение_периметр_площадь:среднее,красный:норма,зеленый:повышен,синий:понижен,контраст:умеренный,центр:оттенок_как_периферия,насыщенность_центра:умеренно_выше,яркость_центра:темнее,ободок:слегка_темнее,яркость_асимметрия:слабая,яркость_асимметрия:слабая,насыщенность_асимметрия:слабая,насыщенность_асимметрия:слабая,разнообразие_оттенка:среднее,разнообразие_насыщенности:низкое,разнообразие_яркости:низкое,вариабельность_оттенка:низкая,вариабельность_насыщенности:низкая,вариабельность_яркости:низкая,насыщенность:средняя,яркость:высокая,энергия_текстуры:низкая,энтропия_текстуры:высокая,энтропия_lbp:высокая,среднее_lbp:высокое,разброс_lbp:высокий,медиана_lbp:типичная,темные_пиксели:нет,белые_пиксели:нет,красные_пиксели:умеренно,синие_пиксели:нет,яркие_выбросы:единичные,темные_выбросы:умеренно
/kaggle/input/datasets/mihailodin1/all-image-skin/123.jpg,success,6.957659437038984,148.2564881289994,142.97406597429756,4.070359147855269,51.812001054419675,29.73855538986363,0.22395482468983957,0.28792714291909627,0.4881180289770283,0.4913143244155671,2.2950415685442263,1.9929893821170688,72.08647793328647,28.877512878656276,"[[9, 101, 170], [179, 62, 184], [7, 183, 125]]",0.0,0.0002385248072733425,0.9328839267100172,0.0,-0.6806667555047881,60.835123825126175,-40.936364925484014,-0.26889468141729367,-1.4350904880222686,5.950392057344487,0.7954839837030363,-46.15773292543642,0.0020367060093921456,0.006142476044667006,2163297,6145.990565538406,4.178629012225557,0.7196846395890905,0.94679005205321,0.3463718015552876,0.9681927669862502,0.7643151627011705,1354.3237536782435,1.142133670735348,0.9740535268312567,0.12762139310550807,0.9363419878841602,0.3230486361437562,5.054362960847036,0.2177253186249054,2.115822327941921,5.151226742978382,2.2505314665369562,5.0,110.90201671660206,2.0,0.1731859007776438,1.0740127838085671,0.4082570746963124,умеренная,фестончатые,выраженный,умеренно разнообразная,неоднородная,лобуляции слабые,с примесью красного или синего,округлая,тёмный ободок по краю,цвет умеренно неоднородный,средняя,овальная,красноватый,средне упорядоченная,размер:гигантский,периметр:большой,выпуклость:низкая,плотность:средняя,заполнение_bbox:среднее,вариация_радиуса:средняя,граница:сильно_изрезанная,форма:округлая,отношение_периметр_площадь:среднее,красный:норма,зеленый:норма,синий:норма,контраст:выраженный,центр:оттенок_как_периферия,насыщенность_центра:выше,яркость_центра:темнее,ободок:слегка_темнее,яркость_асимметрия:слабая,яркость_асимметрия:слабая,насыщенность_асимметрия:слабая,насыщенность_асимметрия:слабая,разнообразие_оттенка:среднее,разнообразие_насыщенности:среднее,разнообразие_яркости:среднее,вариабельность_оттенка:низкая,вариабельность_насыщенности:высокая,вариабельность_яркости:средняя,насыщенность:средняя,яркость:средняя,энергия_текстуры:низкая,энтропия_текстуры:высокая,энтропия_lbp:высокая,среднее_lbp:высокое,разброс_lbp:высокий,медиана_lbp:типичная,темные_пиксели:нет,белые_пиксели:единичные,красные_пиксели:много,синие_пиксели:нет,яркие_выбросы:единичные,темные_выбросы:нет
/kaggle/input/datasets/mihailodin1/all-image-skin/1230.jpg,success,14.196183248805042,141.92805914911557,168.97316828810284,1.9003850059241567,28.42979735119968,13.816293889088913,0.20888652165757463,0.32835209782112285,0.46276137778261334,0.22911574967272638,1.9675807728418655,1.285406458684642,26.618434015063688,10.01414023635945,"[[14, 143, 170], [13, 176, 153], [15, 111, 182]]",0.0,0.0,0.5846203539968357,5.474742276507334e-06,-1.215544478079238,39.96832518611045,-17.468230434925232,-0.9275869219907236,3.2847874380739484,1.7465127769688422,-6.906316330638674,-16.989398771897328,0.0020667152093815184,0.031334687419589724,365314,2436.920039176941,4.031884858974484,0.773025146288625,1.6911487758945387,0.8307685309384978,0.9857393031281789,0.7661176332423171,5177.867683241954,1.0495062795147938,0.9319779406549223,0.14276559218242268,0.9311737860299766,0.4187945633973364,4.543047992846576,0.19216786837568234,2.161951572330474,5.1819638991555905,2.3616969605235467,5.0,71.5173035667871,1.0,0.7609586534165182,0.5430860166852061,0.4250394805686482,слабая,умеренно неровные,умеренный,монотонная,неоднородная,лобуляции слабые,слабо пигментированная,вытянутая,без выраженного ободка,цвет однородный,грубая,овальная,красноватый,хаотичная,размер:маленький,периметр:средний,выпуклость:высокая,плотность:высокая,заполнение_bbox:среднее,вариация_радиуса:высокая,граница:сильно_изрезанная,форма:сильно_вытянутая,отношение_периметр_площадь:среднее,красный:норма,зеленый:повышен,синий:норма,контраст:умеренный,центр:оттенок_как_периферия,насыщенность_центра:умеренно_выше,яркость_центра:равная,ободок:слегка_темнее,яркость_асимметрия:слабая,яркость_асимметрия:слабая,насыщенность_асимметрия:слабая,насыщенность_асимметрия:слабая,разнообразие_оттенка:низкое,разнообразие_насыщенности:низкое,разнообразие_яркости:низкое,вариабельность_оттенка:низкая,вариабельность_насыщенности:низкая,вариабельность_яркости:низкая,насыщенность:средняя,яркость:средняя,энергия_текстуры:низкая,энтропия_текстуры:высокая,энтропия_lbp:высокая,среднее_lbp:высокое,разброс_lbp:высокий,медиана_lbp:типичная,темные_пиксели:нет,белые_пиксели:нет,красные_пиксели:умеренно,синие_пиксели:нет,яркие_выбросы:единичные,темные_выбросы:умеренно
/kaggle/input/datasets/mihailodin1/all-image-skin/1231.jpg,success,7.292533669812324,178.60002873203916,133.8200815670667,1.9379202278118086,20.444998379737346,25.623557838779178,0.1741523209873991,0.2682993680078279,0.5575483068383706,0.10491604318409005,1.6207634132873026,1.892244049105254,52.10392711627516,25.821870964868047,"[[8, 177, 140], [6, 195, 109], [9, 147, 171]]",0.00010907533381042708,0.0,0.9994014158510404,0.0,-1.7568179125794359,25.402861924220076,-34.871678778653205,-2.3510778752598753,0.3499012994932116,1.5211787291860333,-1.8626175185388263,-41.58006245962787,0.014722509690412278,0.016012791078169768,375887,2401.3708305358887,3.9167926212458593,0.8191222219831283,1.5299295774647887,0.7662447542809713,0.9913494581543225,0.7615338174038477,3198.1331238534335,1.049812970430494,0.9319025560280099,0.14684087465978005,0.9280132752329492,0.38428080153886596,4.746277090965317,0.23248914190234943,2.06976506033088,5.092616493597605,2.1360791008873425,5.0,68.11613403793066,1.0,0.64808716587288,0.5515119139082479,0.4163155554642913,слабая,умеренно неровные,выраженный,монотонная,неоднородная,лобуляции слабые,с примесью красного или синего,вытянутая,тёмный ободок по краю,цвет однородный,грубая,овальная,красноватый,средне упорядоченная,размер:маленький,периметр:средний,выпуклость:высокая,плотность:высокая,заполнение_bbox:среднее,вариация_радиуса:высокая,граница:сильно_изрезанная,форма:умеренно_вытянутая,отношение_периметр_площадь:среднее,красный:повышен,зеленый:понижен,синий:понижен,контраст:выраженный,центр:оттенок_как_периферия,насыщенность_центра:умеренно_выше,яркость_центра:темнее,ободок:слегка_темнее,яркость_асимметрия:слабая,яркость_асимметрия:слабая,насыщенность_асимметрия:слабая,насыщенность_асимметрия:слабая,разнообразие_оттенка:низкое,разнообразие_насыщенности:низкое,разнообразие_яркости:среднее,вариабельность_оттенка:низкая,вариабельность_насыщенности:низкая,вариабельность_яркости:средняя,насыщенность:высокая,яркость:средняя,энергия_текстуры:низкая,энтропия_текстуры:высокая,энтропия_lbp:средняя,среднее_lbp:среднее,разброс_lbp:средний,медиана_lbp:типичная,темные_пиксели:нет,белые_пиксели:нет,красные_пиксели:преобладают,синие_пиксели:нет,яркие_выбросы:много,темные_выбросы:умеренно
/kaggle/input/datasets/mihailodin1/all-image-skin/1232.jpg,success,8.937521508513989,169.48001830589692,116.22890447283055,2.100998048125955,36.02002222504223,38.62628833440096,0.1941372439040971,0.29158058931223857,0.5142821623589288,0.3451111507441177,2.011490465681704,2.1430328517740356,75.17806790413839,35.908599162596175,"[[9, 112, 172], [8, 196, 84], [10, 166, 134]]",0.0036914648755602816,0.0,0.9956691747540145,0.0,-1.5510352602155848,36.30183800739303,-47.02348221892602,2.156206526097691,2.4938988955530306,1.8053598483743514,2.6432504974808637,-53.04346381081518,0.0022983322789495646,1.6825272905926535e-05,297172,2179.5718410015106,3.9982251330666907,0.7860956161851682,1.2135593220338983,0.6625726795746407,0.9612488355242729,0.7034655809108986,1805.628033724398,1.0617926315118094,1.014470462516427,0.18286453165752806,0.9093725706042209,0.33403086744308536,5.047240277890548,0.24946078298380314,1.9789364628791504,4.873599392278684,1.9412010383381695,5.0,93.97507125404057,1.0,0.4380660008042695,0.9027741615513265,0.418829095526459,умеренная,умеренно неровные,выраженный,монотонная,неоднородная,лобуляции слабые,с примесью красного или синего,умеренно вытянутая,тёмный ободок по краю,цвет умеренно неоднородный,грубая,овальная,красноватый,средне упорядоченная,размер:маленький,периметр:средний,выпуклость:средняя,плотность:средняя,заполнение_bbox:среднее,вариация_радиуса:средняя,граница:сильно_изрезанная,форма:умеренно_вытянутая,отношение_периметр_площадь:среднее,красный:норма,зеленый:норма,синий:понижен,контраст:выраженный,центр:оттенок_как_периферия,насыщенность_центра:умеренно_выше,яркость_центра:темнее,ободок:темнее_центра,яркость_асимметрия:слабая,яркость_асимметрия:слабая,насыщенность_асимметрия:слабая,насыщенность_асимметрия:слабая,разнообразие_оттенка:низкое,разнообразие_насыщенности:среднее,разнообразие_яркости:высокое,вариабельность_оттенка:низкая,вариабельность_насыщенности:средняя,вариабельность_яркости:высокая,насыщенность:высокая,яркость:средняя,энергия_текстуры:низкая,энтропия_текстуры:высокая,энтропия_lbp:низкая,среднее_lbp:низкое,разброс_lbp:низкий,медиана_lbp:типичная,темные_пиксели:единичные,белые_пиксели:нет,красные_пиксели:преобладают,синие_пиксели:нет,яркие_выбросы:единичные,темные_выбросы:нет
/kaggle/input/datasets/mihailodin1/all-image-skin/1233.jpg,success,7.833212322493221,166.84784707573803,125.54518884656152,2.1114201157108874,35.719560932973465,36.60689494328849,0.1983690840170283,0.2834154275538251,0.5182154843014258,0.17900218216316813,2.0407920008303324,2.125533253078407,66.1286751404283,31.285266506359367,"[[7, 196, 92], [9, 166, 137], [8, 115, 174]]",0.0,0.0,0.999128965567904,0.0,-1.0862883394324854,39.59881576904871,-49.84827486740453,12.865181486418862,-13.020997779379513,16.441007684448508,-15.796835267734878,-49.14047881686085,0.0019624510699031367,7.346073523701582e-05,190578,1678.9301438331604,3.8458845599853935,0.8496056186276018,0.7635726795096323,0.6581161967840534,0.9885315033534071,0.7655087646009736,718.6998232881671,1.0520539797188986,1.026513370377864,0.16396408213970967,0.9186580920290526,0.32407282660953673,5.0458094975947425,0.23692737785119766,2.036334597586115,5.0111294660821315,2.0450438952879955,5.0,148.65740119386749,1.0,0.3290580983920267,0.8383957748271078,0.41032514808323495,умеренная,умеренно неровные,выраженный,монотонная,неоднородная,лобуляции слабые,с примесью красного или синего,умеренно вытянутая,тёмный ободок по краю,цвет однородный,грубая,овальная,красноватый,средне упорядоченная,размер:маленький,периметр:средний,выпуклость:средняя,плотность:высокая,заполнение_bbox:среднее,вариация_радиуса:средняя,граница:сильно_изрезанная,форма:умеренно_вытянутая,отношение_периметр_площадь:среднее,красный:норма,зеленый:норма,синий:понижен,контраст:выраженный,центр:оттенок_как_периферия,насыщенность_центра:умеренно_выше,яркость_центра:темнее,ободок:слегка_темнее,яркость_асимметрия:слабая,яркость_асимметрия:сильная_низ_верх,насыщенность_асимметрия:слабая,насыщенность_асимметрия:слабая,разнообразие_оттенка:низкое,разнообразие_насыщенности:среднее,разнообразие_яркости:высокое,вариабельность_оттенка:низкая,вариабельность_насыщенности:средняя,вариабельность_яркости:высокая,насыщенность:высокая,яркость:средняя,энергия_текстуры:низкая,энтропия_текстуры:высокая,энтропия_lbp:средняя,среднее_lbp:среднее,разброс_lbp:низкий,медиана_lbp:типичная,темные_пиксели:нет,белые_пиксели:нет,красные_пиксели:преобладают,синие_пиксели:нет,яркие_выбросы:единичные,темные_выбросы:нет
/kaggle/input/datasets/mihailodin1/all-image-skin/1234.jpg,success,3.933637494776577,134.72507881037808,159.11717858846464,4.510508222735365,44.7218066741886,28.918584780737646,0.24330493033405814,0.27945692233107644,0.47723814433557793,0.4605315401226917,2.296505072403943,1.9423078823860143,57.54831648922921,22.38788069117451,"[[175, 69, 195], [6, 173, 135], [4, 106, 179]]",0.0,0.0,0.9859100524711202,0.0,3.7498448273098006,65.87563823218699,-42.89798660065031,-4.309935659485802,-1.0036269839952467,-1.7275351117754099,-5.352793070499644,-36.92887539379123,4.147914635916793e-05,0.017690855922185122,385736,2478.975949883461,3.991418143274648,0.7887791273635593,1.3139356814701377,0.696325710752757,0.9659434661538153,0.6884774235463362,2252.5508660993287,1.058941914506874,0.9435288472836613,0.16839508903593073,0.9162470614013601,0.30545300409808507,5.115668072258165,0.21696786231553125,2.0716650722646364,4.954281762549094,2.128454893658889,5.0,124.9173604859032,2.0,0.5051306961114473,1.001887073671114,0.4191737863935365,умеренная,умеренно неровные,выраженный,умеренно разнообразная,неоднородная,лобуляции слабые,с примесью красного или синего,вытянутая,тёмный ободок по краю,цвет умеренно неоднородный,грубая,овальная,красноватый,средне упорядоченная,размер:маленький,периметр:средний,выпуклость:средняя,плотность:средняя,заполнение_bbox:низкое,вариация_радиуса:средняя,граница:сильно_изрезанная,форма:умеренно_вытянутая,отношение_периметр_площадь:среднее,красный:норма,зеленый:понижен,синий:норма,контраст:выраженный,центр:оттенок_как_периферия,насыщенность_центра:выше,яркость_центра:темнее,ободок:слегка_темнее,яркость_асимметрия:слабая,яркость_асимметрия:слабая,насыщенность_асимметрия:слабая,насыщенность_асимметрия:слабая,разнообразие_оттенка:среднее,разнообразие_насыщенности:среднее,разнообразие_яркости:среднее,вариабельность_оттенка:низкая,вариабельность_насыщенности:средняя,вариабельность_яркости:средняя,насыщенность:средняя,яркость:средняя,энергия_текстуры:низкая,энтропия_текстуры:высокая,энтропия_lbp:средняя,среднее_lbp:среднее,разброс_lbp:средний,медиана_lbp:типичная,темные_пиксели:нет,белые_пиксели:нет,красные_пиксели:преобладают,синие_пиксели:нет,яркие_выбросы:нет,темные_выбросы:умеренно
/kaggle/input/datasets/mihailodin1/all-image-skin/1235.jpg,success,6.105930319981254,121.27707310763128,151.93979561771025,5.021556448067666,51.524645656290296,27.110246192121078,0.2525557131587183,0.2987003388495575,0.44874394503828907,0.558203819852942,2.458297674671522,1.872776845378868,51.1488059118853,19.89852457277508,"[[7, 92, 168], [8, 173, 126], [177, 55, 182]]",0.0,0.0,0.9093969860080057,0.0,3.406570657375312,48.29734584557869,-21.43629151939342,-4.514126221587674,7.085719607455005,-19.61378115874757,36.44488230920024,-28.301245362403876,0.0,0.0335247321255327,278302,2172.317007780075,4.117798003984187,0.7411050736848458,1.5720164609053497,0.7970739645668896,0.9501766844773725,0.7495259948721263,3338.1754796824853,1.0673679219928751,0.9150962220850535,0.20560332514179616,0.9006765354701581,0.29415828318261555,5.205886189019669,0.24007595689011618,2.0493778455351257,4.868322063012329,2.0870238818228612,5.0,140.79871731933792,2.0,0.6845452127361197,1.0932850883829381,0.4261244737009515,умеренная,умеренно неровные,выраженный,умеренно разнообразная,неоднородная,лобуляции слабые,с примесью красного или синего,вытянутая,тёмный ободок по краю,цвет умеренно неоднородный,грубая,овальная,красноватый,средне упорядоченная,размер:маленький,периметр:средний,выпуклость:средняя,плотность:средняя,заполнение_bbox:среднее,вариация_радиуса:высокая,граница:сильно_изрезанная,форма:умеренно_вытянутая,отношение_периметр_площадь:среднее,красный:понижен,зеленый:норма,синий:повышен,контраст:выраженный,центр:оттенок_как_периферия,насыщенность_центра:умеренно_выше,яркость_центра:темнее,ободок:слегка_темнее,яркость_асимметрия:слабая,яркость_асимметрия:сильная_верх_низ,насыщенность_асимметрия:слабая,насыщенность_асимметрия:сильная_низ_верх,разнообразие_оттенка:среднее,разнообразие_насыщенности:высокое,разнообразие_яркости:среднее,вариабельность_оттенка:средняя,вариабельность_насыщенности:высокая,вариабельность_яркости:средняя,насыщенность:средняя,яркость:средняя,энергия_текстуры:низкая,энтропия_текстуры:высокая,энтропия_lbp:средняя,среднее_lbp:низкое,разброс_lbp:средний,медиана_lbp:типичная,темные_пиксели:нет,белые_пиксели:нет,красные_пиксели:много,синие_пиксели:нет,яркие_выбросы:нет,темные_выбросы:умеренно
/kaggle/input/datasets/mihailodin1/all-image-skin/1236.jpg,success,6.083085260212722,96.84051392698518,160.9440653942823,9.98916745124061,58.149359551688285,21.516776108965413,0.2722613182668631,0.31301867323946586,0.41472000591569186,1.086051073061409,2.5319993194971313,1.6426999880426618,47.284534259833336,16.470616942006338,"[[8, 57, 175], [161, 25, 183], [10, 154, 141]]",0.0,0.00036725465667427953,0.6775245888469351,0.0,5.386387588538952,92.72511446565912,-33.41634905511333,8.507208600596897,-20.3147515691401,0.19622329776254333,-6.158379337691272,-24.926209785005796,0.00015206638127919386,0.03567247770649467,348532,2259.530210852623,3.8273380514645856,0.8578596039213726,1.2654424040066778,0.666454499080445,0.9907190794691256,0.7676206165949405,1395.6795690326176,1.0478195128780206,0.9226148533355463,0.1594327506161847,0.9207259026287177,0.31848962067916115,5.07780801703089,0.20758323396170847,2.117429164540508,5.035395547188769,2.2357129125063646,5.0,166.7044139145022,2.0,0.4659484515435614,1.401146373246576,0.4102044999964378,умеренная,умеренно неровные,выраженный,умеренно разнообразная,неоднородная,лобуляции слабые,слабо пигментированная,умеренно вытянутая,тёмный ободок по краю,цвет неоднородный,грубая,округлая,красноватый,хаотичная,размер:маленький,периметр:средний,выпуклость:высокая,плотность:высокая,заполнение_bbox:среднее,вариация_радиуса:средняя,граница:сильно_изрезанная,форма:умеренно_вытянутая,отношение_периметр_площадь:среднее,красный:понижен,зеленый:повышен,синий:повышен,контраст:умеренный,центр:синее_периферии,насыщенность_центра:выше,яркость_центра:темнее,ободок:слегка_темнее,яркость_асимметрия:слабая,яркость_асимметрия:слабая,насыщенность_асимметрия:сильная_лево_право,насыщенность_асимметрия:слабая,разнообразие_оттенка:высокое,разнообразие_насыщенности:высокое,разнообразие_яркости:среднее,вариабельность_оттенка:средняя,вариабельность_насыщенности:высокая,вариабельность_яркости:средняя,насыщенность:средняя,яркость:средняя,энергия_текстуры:низкая,энтропия_текстуры:высокая,энтропия_lbp:высокая,среднее_lbp:среднее,разброс_lbp:средний,медиана_lbp:типичная,темные_пиксели:нет,белые_пиксели:единичные,красные_пиксели:умеренно,синие_пиксели:нет,яркие_выбросы:нет,темные_выбросы:умеренно
/kaggle/input/datasets/mihailodin1/all-image-skin/1237.jpg,success,5.94470911009954,107.0665626983908,175.09760596943516,6.344190951958077,53.37039207369984,27.277496420185095,0.2646296040196834,0.3059539974465042,0.42941639608134297,0.7361621592062888,2.489110816599485,1.8386853140007469,55.32729391359428,18.55276092089795,"[[173, 41, 202], [9, 165, 147], [7, 82, 189]]",0.0,0.02417032395778704,0.8046960538058829,0.0,4.6155823490959875,78.8127688721269,-38.34679285766276,-0.14201064558096732,0.37788300777192774,-13.931795038945552,25.016376074256186,-25.15574474085986,0.0,0.04685012927028991,217374,1832.6530133485794,3.930759264934504,0.8133116074744046,1.3524416135881103,0.7116218794486744,0.9797226341195189,0.7245147936685699,1355.6719470797382,1.0547325216176924,0.8727313579310433,0.20508484700798105,0.8995655414031015,0.28781298851147596,5.2804629203374365,0.22791489914694935,2.0723265421416373,4.89450575971633,2.134695465120878,5.0,161.24320884544028,2.0,0.5320317465183924,1.2019924564723574,0.4158871883847801,умеренная,умеренно неровные,выраженный,умеренно разнообразная,неоднородная,лобуляции слабые,с примесью красного или синего,вытянутая,тёмный ободок по краю,цвет умеренно неоднородный,грубая,овальная,красноватый,средне упорядоченная,размер:маленький,периметр:средний,выпуклость:средняя,плотность:высокая,заполнение_bbox:среднее,вариация_радиуса:средняя,граница:сильно_изрезанная,форма:умеренно_вытянутая,отношение_периметр_площадь:среднее,красный:понижен,зеленый:норма,синий:повышен,контраст:выраженный,центр:оттенок_как_периферия,насыщенность_центра:выше,яркость_центра:темнее,ободок:слегка_темнее,яркость_асимметрия:слабая,яркость_асимметрия:слабая,насыщенность_асимметрия:слабая,насыщенность_асимметрия:сильная_низ_верх,разнообразие_оттенка:высокое,разнообразие_насыщенности:высокое,разнообразие_яркости:среднее,вариабельность_оттенка:средняя,вариабельность_насыщенности:высокая,вариабельность_яркости:средняя,насыщенность:средняя,яркость:высокая,энергия_текстуры:низкая,энтропия_текстуры:высокая,энтропия_lbp:средняя,среднее_lbp:низкое,разброс_lbp:средний,медиана_lbp:типичная,темные_пиксели:нет,белые_пиксели:присутствуют,красные_пиксели:умеренно,синие_пиксели:нет,яркие_выбросы:нет,темные_выбросы:много
/kaggle/input/datasets/mihailodin1/all-image-skin/1238.jpg,success,10.431958093163312,138.39387447540398,142.1546113765535,3.9017781980884987,57.715982733777096,30.403433138136702,0.2304840338069583,0.3117348123333826,0.4577811506393136,0.777090585731371,2.3977694532862563,1.9796269250128224,73.47458390728481,28.09732123350596,"[[10, 180, 120], [12, 88, 170], [2, 37, 189]]",0.00015205682194484055,0.0006487757736313197,0.8170519899169432,0.0,-1.3818153147658165,79.3710455877244,-46.9256272189166,-5.406952780048215,5.5031808406388905,-2.6426209219822567,0.5665616792091157,-44.67842991559698,0.0006352596116806672,0.004636043549073805,295942,2085.9738619327545,3.8344719045131757,0.8546705590343966,1.1547619047619047,0.5863859914130072,0.9886946005358705,0.7412411208960756,663.1177360493732,1.0516233504741819,0.8874702731742787,0.17204165105038313,0.9150695179226424,0.30202595720757114,5.18166781836865,0.22099073377730438,2.0713804320228824,4.978078220122982,2.1228223361434924,5.0,141.7978043432853,1.0,0.3705739480874559,1.2055260784215973,0.40959838769623363,умеренная,умеренно неровные,выраженный,монотонная,неоднородная,лобуляции слабые,с примесью красного или синего,умеренно вытянутая,тёмный ободок по краю,цвет умеренно неоднородный,грубая,округлая,красноватый,средне упорядоченная,размер:маленький,периметр:средний,выпуклость:средняя,плотность:высокая,заполнение_bbox:среднее,вариация_радиуса:средняя,граница:сильно_изрезанная,форма:умеренно_вытянутая,отношение_периметр_площадь:среднее,красный:норма,зеленый:повышен,синий:норма,контраст:выраженный,центр:оттенок_как_периферия,насыщенность_центра:выше,яркость_центра:темнее,ободок:слегка_темнее,яркость_асимметрия:слабая,яркость_асимметрия:слабая,насыщенность_асимметрия:слабая,насыщенность_асимметрия:слабая,разнообразие_оттенка:высокое,разнообразие_насыщенности:высокое,разнообразие_яркости:среднее,вариабельность_оттенка:низкая,вариабельность_насыщенности:высокая,вариабельность_яркости:средняя,насыщенность:средняя,яркость:средняя,энергия_текстуры:низкая,энтропия_текстуры:высокая,энтропия_lbp:средняя,среднее_lbp:среднее,разброс_lbp:средний,медиана_lbp:типичная,темные_пиксели:нет,белые_пиксели:единичные,красные_пиксели:умеренно,синие_пиксели:нет,яркие_выбросы:нет,темные_выбросы:нет
/kaggle/input/datasets/mihailodin1/all-image-skin/1239.jpg,success,6.859946000469631,71.22991248027219,181.58330771280413,11.180395360818505,44.51176131450067,14.793801085953449,0.28816718446797845,0.3226223323142681,0.389210481073375,1.295596306336472,2.3059492564471444,1.332244936096575,30.75206609696453,9.641767590464793,"[[178, 29, 194], [12, 91, 176], [154, 18, 194]]",0.0,0.02161962737502306,0.5062739551948185,0.0,8.287288286416114,64.6938071483481,-18.831912616116313,6.231006441941787,-19.80342140162383,-1.9867251778964885,13.883922036538678,-12.086187089316837,0.0006025948471991637,0.05083932853717026,243945,2143.197169661522,4.339264931306915,0.6673866744458226,0.848531684698609,0.5027990198821793,0.9121007724692844,0.6867762941191375,765.9928942183979,1.140470902461939,0.9991591105300538,0.17348162886532284,0.9142334066419346,0.38092230611410716,4.790695625075362,0.19712788875427448,2.1430622135049107,5.026529608051504,2.290811409615107,5.0,133.7180831088813,3.0,0.25139950994108967,1.289634545949276,0.42080359910943693,умеренная,фестончатые,умеренный,умеренно разнообразная,неоднородная,лобуляции слабые,слабо пигментированная,умеренно вытянутая,без выраженного ободка,цвет умеренно неоднородный,грубая,неправильная,красноватый,хаотичная,размер:маленький,периметр:средний,выпуклость:низкая,плотность:средняя,заполнение_bbox:низкое,вариация_радиуса:средняя,граница:сильно_изрезанная,форма:умеренно_вытянутая,отношение_периметр_площадь:высокое,красный:понижен,зеленый:повышен,синий:повышен,контраст:умеренный,центр:синее_периферии,насыщенность_центра:выше,яркость_центра:равная,ободок:слегка_темнее,яркость_асимметрия:слабая,яркость_асимметрия:слабая,насыщенность_асимметрия:слабая,насыщенность_асимметрия:слабая,разнообразие_оттенка:высокое,разнообразие_насыщенности:высокое,разнообразие_яркости:низкое,вариабельность_оттенка:средняя,вариабельность_насыщенности:средняя,вариабельность_яркости:низкая,насыщенность:низкая,яркость:высокая,энергия_текстуры:низкая,энтропия_текстуры:высокая,энтропия_lbp:высокая,среднее_lbp:среднее,разброс_lbp:высокий,медиана_lbp:типичная,темные_пиксели:нет,белые_пиксели:присутствуют,красные_пиксели:умеренно,синие_пиксели:нет,яркие_выбросы:нет,темные_выбросы:много
/kaggle/input/datasets/mihailodin1/all-image-skin/124.jpg,success,9.237781980096768,150.1919029063236,122.96631851576785,3.256570080329498,52.93392406275781,38.398243333485716,0.22366324386950587,0.30229494279760055,0.47404180947779306,0.5753272338863232,2.328997270844864,2.1620850562477942,71.01160564337765,31.54839183597498,"[[8, 197, 88], [9, 79, 170], [11, 146, 136]]",0.005177608663974843,4.700507184725232e-06,0.9328109503015375,1.175126796181308e-05,-1.6650006786235991,67.2626730312079,-52.70181361818054,0.9152425291368758,-2.2645460926625276,6.636586874797331,2.47920086287246,-49.4018124972382,5.6406086216702785e-05,0.0025664769228599766,425486,2594.64290869236,3.9777268650427766,0.7942184048921318,0.7154105736782902,0.7316325431814475,0.973117738541762,0.7525344709269832,2975.4306123175475,1.0579437150930437,1.0485287003705275,0.1498144752583413,0.9262236934736189,0.30578635746149024,5.160640747193186,0.22684908322913244,2.0816696428237633,5.074164245817979,2.1515954998467004,5.0,133.9250636874812,1.0,0.3658162715907238,1.1657058184449993,0.4184464003502951,умеренная,умеренно неровные,выраженный,монотонная,неоднородная,лобуляции слабые,с примесью красного или синего,умеренно вытянутая,тёмный ободок по краю,цвет умеренно неоднородный,грубая,овальная,красноватый,средне упорядоченная,размер:средний,периметр:средний,выпуклость:средняя,плотность:высокая,заполнение_bbox:среднее,вариация_радиуса:средняя,граница:сильно_изрезанная,форма:умеренно_вытянутая,отношение_периметр_площадь:среднее,красный:норма,зеленый:норма,синий:норма,контраст:выраженный,центр:оттенок_как_периферия,насыщенность_центра:выше,яркость_центра:значительно_темнее,ободок:слегка_темнее,яркость_асимметрия:слабая,яркость_асимметрия:слабая,насыщенность_асимметрия:слабая,насыщенность_асимметрия:слабая,разнообразие_оттенка:среднее,разнообразие_насыщенности:высокое,разнообразие_яркости:высокое,вариабельность_оттенка:низкая,вариабельность_насыщенности:высокая,вариабельность_яркости:высокая,насыщенность:средняя,яркость:средняя,энергия_текстуры:низкая,энтропия_текстуры:высокая,энтропия_lbp:средняя,среднее_lbp:среднее,разброс_lbp:средний,медиана_lbp:типичная,темные_пиксели:единичные,белые_пиксели:нет,красные_пиксели:много,синие_пиксели:нет,яркие_выбросы:нет,темные_выбросы:нет
/kaggle/input/datasets/mihailodin1/all-image-skin/1240.jpg,success,10.07434074796608,183.79271241343554,173.18278002227962,2.010207481292783,36.99258918301972,25.902276257178297,0.16316767979649505,0.2911159108616754,0.5457164061907287,0.5677222510535582,2.0718081740900978,1.79847676989344,46.8459487306573,18.28791576481912,"[[12, 140, 200], [8, 221, 145], [11, 188, 180]]",0.0,0.0,0.9932442491414138,0.0,-2.1598172582974513,47.28572840083052,-32.64478166801143,7.43189957433097,-8.165332739877897,16.85342182017874,-17.102030915792284,-29.807713134310404,0.00015914002782383712,0.007536050349851384,194797,1717.8763210773468,3.8922503054433197,0.8294846263521766,1.5136476426799008,0.7541701806280552,0.9869485694598552,0.7924053207501118,1494.499649619966,1.0404653609060297,0.9099081934839178,0.17040308588499167,0.9155767214380531,0.3274252098905981,5.004754200485878,0.22058055407592816,2.067679283246839,4.963571860762178,2.112185339366404,5.0,131.64301237731928,1.0,0.633908911653978,0.8378861332084625,0.41727916463644005,умеренная,умеренно неровные,выраженный,монотонная,неоднородная,лобуляции слабые,с примесью красного или синего,вытянутая,тёмный ободок по краю,цвет однородный,грубая,овальная,красноватый,средне упорядоченная,размер:маленький,периметр:средний,выпуклость:высокая,плотность:высокая,заполнение_bbox:среднее,вариация_радиуса:средняя,граница:сильно_изрезанная,форма:умеренно_вытянутая,отношение_периметр_площадь:среднее,красный:повышен,зеленый:норма,синий:понижен,контраст:умеренный,центр:оттенок_как_периферия,насыщенность_центра:умеренно_выше,яркость_центра:темнее,ободок:слегка_темнее,яркость_асимметрия:слабая,яркость_асимметрия:сильная_низ_верх,насыщенность_асимметрия:слабая,насыщенность_асимметрия:слабая,разнообразие_оттенка:среднее,разнообразие_насыщенности:среднее,разнообразие_яркости:среднее,вариабельность_оттенка:низкая,вариабельность_насыщенности:средняя,вариабельность_яркости:средняя,насыщенность:высокая,яркость:высокая,энергия_текстуры:низкая,энтропия_текстуры:высокая,энтропия_lbp:средняя,среднее_lbp:среднее,разброс_lbp:средний,медиана_lbp:типичная,темные_пиксели:нет,белые_пиксели:нет,красные_пиксели:преобладают,синие_пиксели:нет,яркие_выбросы:нет,темные_выбросы:нет
/kaggle/input/datasets/mihailodin1/all-image-skin/1241.jpg,success,8.397010046749019,161.2180044693102,161.31596391929145,2.26300287317659,44.79589740662061,33.406614869058366,0.20371792908678654,0.2892347155867558,0.5070473521832638,0.29392835618485913,2.265892556828394,2.047290334850161,57.20473098986325,22.61928451371535,"[[9, 165, 168], [8, 208, 124], [8, 107, 196]]",0.0,0.0,0.9966170257882461,0.0,-1.0167115953141064,69.34982619167525,-51.88105904001236,-6.365380856824203,3.416969065958483,6.352213704263107,-7.324666994336724,-36.89473917723916,3.588497235225994e-05,0.02032068116202065,306535,2249.3464453220367,4.062714613061582,0.7613375173751344,1.0290964777947933,0.5495388253693057,0.9571830493337955,0.6985501896011085,1164.2388418695537,1.0736301080044839,0.9514861952089212,0.22921287366724674,0.8892488632151291,0.28086342067571496,5.29988095645719,0.25361235347663347,2.0078789623038755,4.791825910359083,2.010748686626675,5.0,145.70682744838422,1.0,0.2893176515820495,0.9309406409088908,0.4201145635782735,умеренная,умеренно неровные,выраженный,монотонная,неоднородная,лобуляции слабые,с примесью красного или синего,умеренно вытянутая,тёмный ободок по краю,цвет умеренно неоднородный,грубая,овальная,красноватый,средне упорядоченная,размер:маленький,периметр:средний,выпуклость:средняя,плотность:средняя,заполнение_bbox:низкое,вариация_радиуса:средняя,граница:сильно_изрезанная,форма:умеренно_вытянутая,отношение_периметр_площадь:среднее,красный:норма,зеленый:норма,синий:норма,контраст:выраженный,центр:оттенок_как_периферия,насыщенность_центра:выше,яркость_центра:значительно_темнее,ободок:слегка_темнее,яркость_асимметрия:слабая,яркость_асимметрия:слабая,насыщенность_асимметрия:слабая,насыщенность_асимметрия:слабая,разнообразие_оттенка:низкое,разнообразие_насыщенности:среднее,разнообразие_яркости:среднее,вариабельность_оттенка:низкая,вариабельность_насыщенности:средняя,вариабельность_яркости:средняя,насыщенность:высокая,яркость:средняя,энергия_текстуры:низкая,энтропия_текстуры:высокая,энтропия_lbp:средняя,среднее_lbp:низкое,разброс_lbp:низкий,медиана_lbp:типичная,темные_пиксели:нет,белые_пиксели:нет,красные_пиксели:преобладают,синие_пиксели:нет,яркие_выбросы:нет,темные_выбросы:умеренно
/kaggle/input/datasets/mihailodin1/all-image-skin/1242.jpg,success,8.627018213833981,144.89758630112033,128.95308619485684,3.7304168630599372,47.08661617466186,59.49508235157896,0.2325538044509878,0.3057720992896381,0.4616740926792031,0.5991862516278864,2.317435324731961,2.43745568754306,77.16675651744393,32.77927128469439,"[[10, 174, 126], [11, 98, 183], [4, 189, 47]]",0.16710690105352644,0.0,0.9740170628776148,0.0,-4.375094333050242,56.884232083637315,-89.25675723716085,-39.92531737085737,30.13521105809494,0.4284260591195732,3.591805285842611,-69.16164875854078,0.0,0.0,164685,1698.2022219896317,4.184681246517802,0.7176044093345254,1.09915611814346,0.7037946504855478,0.9337895918621926,0.6668650841857188,1145.5659885470711,1.0831992736529554,0.9647583673716238,0.2594038074975138,0.8803870832505652,0.24378296814526956,5.593889757476545,0.26732721862633824,1.9856273270343425,4.841074879597533,1.9659002956402714,5.0,224.5968434277629,1.0,0.40147538431450386,1.3399607769380442,0.42639131139294856,выраженная,фестончатые,выраженный,монотонная,неоднородная,лобуляции слабые,с примесью красного или синего,умеренно вытянутая,тёмный ободок по краю,цвет неоднородный,грубая,овальная,красноватый,упорядоченная,размер:маленький,периметр:средний,выпуклость:низкая,плотность:средняя,заполнение_bbox:низкое,вариация_радиуса:средняя,граница:сильно_изрезанная,форма:умеренно_вытянутая,отношение_периметр_площадь:среднее,красный:норма,зеленый:норма,синий:норма,контраст:выраженный,центр:оттенок_как_периферия,насыщенность_центра:умеренно_выше,яркость_центра:значительно_темнее,ободок:темнее_центра,яркость_асимметрия:сильная_лево_право,яркость_асимметрия:слабая,насыщенность_асимметрия:сильная_право_лево,насыщенность_асимметрия:слабая,разнообразие_оттенка:среднее,разнообразие_насыщенности:высокое,разнообразие_яркости:высокое,вариабельность_оттенка:низкая,вариабельность_насыщенности:высокая,вариабельность_яркости:высокая,насыщенность:средняя,яркость:средняя,энергия_текстуры:низкая,энтропия_текстуры:высокая,энтропия_lbp:низкая,среднее_lbp:низкое,разброс_lbp:низкий,медиана_lbp:типичная,темные_пиксели:много,белые_пиксели:нет,красные_пиксели:преобладают,синие_пиксели:нет,яркие_выбросы:нет,темные_выбросы:нет
/kaggle/input/datasets/mihailodin1/all-image-skin/1243.jpg,success,8.911267624140358,153.26300296189513,145.23156083999103,2.029647185147419,41.89063590213358,32.458224563921725,0.21251651072483455,0.29634604653100083,0.49113743936241044,0.30110357038944685,2.2586060393047034,2.088606846378242,52.03737589245699,22.278834510489922,"[[9, 101, 181], [8, 197, 109], [10, 159, 149]]",0.00042399316765295554,0.0,0.9970683900979425,0.0,-0.7540206527064299,62.020851083873,-47.4344509906951,1.095837144998228,-4.072434237368412,9.052714321639485,-11.110410938314061,-38.216040720504964,1.2114090504370159e-05,0.024906570076985046,165097,1599.6681703329086,3.9369537473978515,0.8107542591628389,1.030701754385965,0.7098179735139296,0.9737306179261697,0.770329413960433,947.818858028481,1.0477549186180746,1.002500331556977,0.2701463877507723,0.8728728153994753,0.27355391735219786,5.347807366726091,0.28289598173683217,1.9577879663807718,4.709168818326649,1.9189397806161559,4.0,135.5407193695947,1.0,0.37025986394994725,0.8864194034294953,0.4184450554694165,умеренная,умеренно неровные,выраженный,монотонная,неоднородная,лобуляции слабые,с примесью красного или синего,умеренно вытянутая,тёмный ободок по краю,цвет умеренно неоднородный,грубая,овальная,красноватый,упорядоченная,размер:маленький,периметр:средний,выпуклость:высокая,плотность:высокая,заполнение_bbox:среднее,вариация_радиуса:средняя,граница:сильно_изрезанная,форма:умеренно_вытянутая,отношение_периметр_площадь:среднее,красный:норма,зеленый:норма,синий:норма,контраст:выраженный,центр:оттенок_как_периферия,насыщенность_центра:выше,яркость_центра:темнее,ободок:слегка_темнее,яркость_асимметрия:слабая,яркость_асимметрия:слабая,насыщенность_асимметрия:слабая,насыщенность_асимметрия:слабая,разнообразие_оттенка:низкое,разнообразие_насыщенности:среднее,разнообразие_яркости:среднее,вариабельность_оттенка:низкая,вариабельность_насыщенности:средняя,вариабельность_яркости:средняя,насыщенность:средняя,яркость:средняя,энергия_текстуры:низкая,энтропия_текстуры:высокая,энтропия_lbp:низкая,среднее_lbp:низкое,разброс_lbp:низкий,медиана_lbp:ниже_нормы,темные_пиксели:нет,белые_пиксели:нет,красные_пиксели:преобладают,синие_пиксели:нет,яркие_выбросы:нет,темные_выбросы:умеренно
/kaggle/input/datasets/mihailodin1/all-image-skin/1244.jpg,success,6.695978408370907,172.30742388667645,107.0341682989791,2.451130187776875,36.75668568224403,46.16241539120485,0.1996626462858139,0.27670019412280095,0.5236371546991422,0.11033833673421402,2.1014772814220164,2.3117447591656335,67.8251489826269,36.12624433155927,"[[8, 131, 157], [5, 207, 55], [8, 184, 105]]",0.12080841624615704,0.0,0.9999091958645202,0.0,-2.6670318694711455,50.81636373689287,-71.73242768136069,-2.9462117622436494,0.3058027108687611,18.840798030994506,-9.760536371043202,-64.49247124512766,0.0,0.0,77089,1041.7371500730515,3.751992366114984,0.8926597889818682,1.1342756183745584,0.5636111623262622,0.9937863376777404,0.8485959292405579,145.04232573835506,1.0319097390109975,0.9333637713968009,0.19487422909651983,0.9051285827161354,0.3092326676287053,5.170379116268156,0.2491941190345153,1.9820084783826528,4.9021149461435645,1.9450438879829663,5.0,157.06917216287482,1.0,0.3489433903504103,0.9384799345106049,0.12536036634600864,умеренная,ровные,выраженный,монотонная,неоднородная,лобуляции отсутствуют,с примесью красного или синего,умеренно вытянутая,тёмный ободок по краю,цвет умеренно неоднородный,грубая,округлая,красноватый,средне упорядоченная,размер:очень_маленький,периметр:средний,выпуклость:высокая,плотность:высокая,заполнение_bbox:высокое,вариация_радиуса:низкая,граница:сильно_изрезанная,форма:умеренно_вытянутая,отношение_периметр_площадь:среднее,красный:повышен,зеленый:понижен,синий:понижен,контраст:выраженный,центр:оттенок_как_периферия,насыщенность_центра:умеренно_выше,яркость_центра:значительно_темнее,ободок:темнее_центра,яркость_асимметрия:слабая,яркость_асимметрия:сильная_низ_верх,насыщенность_асимметрия:слабая,насыщенность_асимметрия:слабая,разнообразие_оттенка:низкое,разнообразие_насыщенности:среднее,разнообразие_яркости:высокое,вариабельность_оттенка:низкая,вариабельность_насыщенности:средняя,вариабельность_яркости:высокая,насыщенность:высокая,яркость:средняя,энергия_текстуры:низкая,энтропия_текстуры:высокая,энтропия_lbp:низкая,среднее_lbp:среднее,разброс_lbp:низкий,медиана_lbp:типичная,темные_пиксели:много,белые_пиксели:нет,красные_пиксели:преобладают,синие_пиксели:нет,яркие_выбросы:нет,темные_выбросы:нет
/kaggle/input/datasets/mihailodin1/all-image-skin/1245.jpg,success,4.50409906651649,181.90600085857966,139.81298908377283,1.8060416711652607,33.32134083048816,42.05733321177863,0.18395735840929672,0.24444163392967527,0.5716010035727025,0.03964962187441546,1.9868173220139274,2.240538161484186,48.745611053599866,24.518127073678528,"[[5, 191, 146], [5, 143, 183], [4, 216, 90]]",0.007690420704035325,0.0,0.9999969336440574,0.0,-1.1812005642479022,47.42084379497609,-70.13723405267672,9.977588674331628,-7.411959536644844,13.985889786077877,-7.295886161242066,-53.396799075967095,0.0,0.016125965902121918,326120,2143.6652059555054,3.7537750389282407,0.8918121396364903,0.8887240356083086,0.488545058601166,0.9908787622826793,0.8077755705602314,294.9193708833258,1.0375422776244785,0.9042052095606686,0.17478307268003945,0.9139805092078511,0.30970495241766527,5.099232922795386,0.2415913267634471,2.0075141899452422,4.941956411806061,2.006372197879825,5.0,157.4106025701971,1.0,0.244272529300583,0.8239005349301137,0.2437059413389352,умеренная,ровные,выраженный,монотонная,неоднородная,лобуляции слабые,с примесью красного или синего,умеренно вытянутая,тёмный ободок по краю,цвет однородный,грубая,округлая,красноватый,средне упорядоченная,размер:маленький,периметр:средний,выпуклость:высокая,плотность:высокая,заполнение_bbox:высокое,вариация_радиуса:низкая,граница:сильно_изрезанная,форма:округлая,отношение_периметр_площадь:среднее,красный:повышен,зеленый:понижен,синий:понижен,контраст:умеренный,центр:оттенок_как_периферия,насыщенность_центра:умеренно_выше,яркость_центра:значительно_темнее,ободок:темнее_центра,яркость_асимметрия:слабая,яркость_асимметрия:слабая,насыщенность_асимметрия:слабая,насыщенность_асимметрия:слабая,разнообразие_оттенка:низкое,разнообразие_насыщенности:низкое,разнообразие_яркости:высокое,вариабельность_оттенка:низкая,вариабельность_насыщенности:средняя,вариабельность_яркости:высокая,насыщенность:высокая,яркость:средняя,энергия_текстуры:низкая,энтропия_текстуры:высокая,энтропия_lbp:средняя,среднее_lbp:среднее,разброс_lbp:низкий,медиана_lbp:типичная,темные_пиксели:единичные,белые_пиксели:нет,красные_пиксели:преобладают,синие_пиксели:нет,яркие_выбросы:нет,темные_выбросы:умеренно
/kaggle/input/datasets/mihailodin1/all-image-skin/1246.jpg,success,8.888372130290726,169.87301904499313,147.78705982642217,3.134505138541277,44.490602972716694,39.441131757170574,0.194314980027325,0.29068417540637,0.5150008410815557,0.5356701794784833,2.237178830397934,2.189622627853352,64.34880137049991,26.94714980719082,"[[6, 217, 101], [11, 119, 188], [10, 181, 151]]",0.0008448701960655356,0.0,0.9740999223427694,0.0,-4.85606118845952,66.04288443814391,-67.71987504410447,3.5607539557730945,-7.1876270863601235,6.012393431652157,-7.114596051922575,-58.01527016940207,0.0,0.014684046371737827,395327,2367.1870650053024,3.7649077616653677,0.8865458122422414,1.0434153400868307,0.36391035634290403,0.9909931815902938,0.7934931183775549,213.47027688302998,1.0444639273088983,0.903587194257738,0.1997388186951533,0.903105765345204,0.2771487502519004,5.322338685143353,0.25136377161371376,2.0018362115144255,4.875830025101028,1.9997624550099031,5.0,162.49419119641584,1.0,0.20366284821486735,1.077718396786536,0.1773051254386571,умеренная,ровные,выраженный,монотонная,неоднородная,лобуляции отсутствуют,с примесью красного или синего,умеренно вытянутая,тёмный ободок по краю,цвет умеренно неоднородный,грубая,округлая,красноватый,средне упорядоченная,размер:маленький,периметр:средний,выпуклость:высокая,плотность:высокая,заполнение_bbox:среднее,вариация_радиуса:низкая,граница:сильно_изрезанная,форма:округлая,отношение_периметр_площадь:среднее,красный:норма,зеленый:норма,синий:понижен,контраст:выраженный,центр:оттенок_как_периферия,насыщенность_центра:выше,яркость_центра:значительно_темнее,ободок:темнее_центра,яркость_асимметрия:слабая,яркость_асимметрия:слабая,насыщенность_асимметрия:слабая,насыщенность_асимметрия:слабая,разнообразие_оттенка:среднее,разнообразие_насыщенности:среднее,разнообразие_яркости:высокое,вариабельность_оттенка:низкая,вариабельность_насыщенности:средняя,вариабельность_яркости:высокая,насыщенность:высокая,яркость:средняя,энергия_текстуры:низкая,энтропия_текстуры:высокая,энтропия_lbp:средняя,среднее_lbp:низкое,разброс_lbp:низкий,медиана_lbp:типичная,темные_пиксели:нет,белые_пиксели:нет,красные_пиксели:преобладают,синие_пиксели:нет,яркие_выбросы:нет,темные_выбросы:умеренно
/kaggle/input/datasets/mihailodin1/all-image-skin/1247.jpg,success,10.33808899666793,153.6446005398222,145.23585442959612,2.53767213482113,44.17727419586598,35.22434225912116,0.21046363253019915,0.30566153559349146,0.4838748285446607,0.6378385983991778,2.2980451202539616,2.049410340278497,49.365081070067035,20.94264243381471,"[[11, 108, 175], [8, 209, 90], [11, 171, 144]]",0.00914561167468696,0.0,0.959744451139487,0.0,-2.091275436367482,67.07010764663798,-51.33968044731722,-23.47848058566234,19.748947025875395,-14.524220244151849,10.9905493077799,-40.36109371067752,0.0,0.05407301631847859,121151,1343.2590091228485,3.859190885407943,0.843756911281125,1.1153846153846154,0.6190599168743105,0.9814804313131394,0.8197842797596492,451.72181164423444,1.034444408305836,0.9654452127039013,0.22290933167888025,0.8922786189821957,0.2854225270764218,5.2956453443666,0.2536589424637018,2.012758389931181,4.831359986687191,2.017393279325523,5.0,189.24326069379217,1.0,0.36722226612946296,1.0380648853103702,0.3779834432292325,выраженная,умеренно неровные,выраженный,монотонная,неоднородная,лобуляции слабые,с примесью красного или синего,умеренно вытянутая,тёмный ободок по краю,цвет умеренно неоднородный,грубая,овальная,красноватый,средне упорядоченная,размер:маленький,периметр:средний,выпуклость:высокая,плотность:высокая,заполнение_bbox:высокое,вариация_радиуса:низкая,граница:сильно_изрезанная,форма:умеренно_вытянутая,отношение_периметр_площадь:среднее,красный:норма,зеленый:норма,синий:норма,контраст:умеренный,центр:оттенок_как_периферия,насыщенность_центра:выше,яркость_центра:значительно_темнее,ободок:слегка_темнее,яркость_асимметрия:сильная_лево_право,яркость_асимметрия:слабая,насыщенность_асимметрия:слабая,насыщенность_асимметрия:слабая,разнообразие_оттенка:среднее,разнообразие_насыщенности:среднее,разнообразие_яркости:среднее,вариабельность_оттенка:низкая,вариабельность_насыщенности:средняя,вариабельность_яркости:высокая,насыщенность:средняя,яркость:средняя,энергия_текстуры:низкая,энтропия_текстуры:высокая,энтропия_lbp:средняя,среднее_lbp:низкое,разброс_lbp:низкий,медиана_lbp:типичная,темные_пиксели:единичные,белые_пиксели:нет,красные_пиксели:много,синие_пиксели:нет,яркие_выбросы:нет,темные_выбросы:много
/kaggle/input/datasets/mihailodin1/all-image-skin/1248.jpg,success,10.081556743058416,169.23860476078247,146.32429884515673,2.704571844706088,32.18231756904906,41.89695974211776,0.1880211123212912,0.3005519427383099,0.5114269414452383,0.6315083007848068,2.026140737340446,2.2475703780560288,56.079608619706185,24.2745103592093,"[[10, 181, 148], [12, 132, 186], [7, 205, 87]]",0.009721894885694084,0.0,0.9658614188074476,0.0,-2.011944340169876,38.376253235877925,-47.071497137219225,20.784599957916953,-9.612908691779268,-38.31051796860784,16.66208654690172,-47.980100735003134,0.0,0.036165448974781994,84860,1137.8620405197144,3.9060526756280027,0.8236328741748242,1.084375,0.6152708509729691,0.9648444606148808,0.7642291066282421,326.1103368194858,1.0531640982085813,0.9013782907461851,0.2871475555484854,0.866798693596309,0.25913714750495415,5.446116331984333,0.2962230194391142,1.9309792575950255,4.678462033538729,1.8759852104651908,4.0,172.82980787847282,1.0,0.3498229254864846,0.9888222431314062,0.27539299066511447,умеренная,умеренно неровные,выраженный,монотонная,неоднородная,лобуляции слабые,с примесью красного или синего,умеренно вытянутая,тёмный ободок по краю,цвет умеренно неоднородный,грубая,овальная,красноватый,упорядоченная,размер:очень_маленький,периметр:средний,выпуклость:средняя,плотность:средняя,заполнение_bbox:среднее,вариация_радиуса:низкая,граница:сильно_изрезанная,форма:умеренно_вытянутая,отношение_периметр_площадь:среднее,красный:норма,зеленый:норма,синий:понижен,контраст:выраженный,центр:оттенок_как_периферия,насыщенность_центра:умеренно_выше,яркость_центра:темнее,ободок:слегка_темнее,яркость_асимметрия:сильная_право_лево,яркость_асимметрия:сильная_верх_низ,насыщенность_асимметрия:слабая,насыщенность_асимметрия:слабая,разнообразие_оттенка:среднее,разнообразие_насыщенности:среднее,разнообразие_яркости:высокое,вариабельность_оттенка:низкая,вариабельность_насыщенности:средняя,вариабельность_яркости:высокая,насыщенность:высокая,яркость:средняя,энергия_текстуры:низкая,энтропия_текстуры:высокая,энтропия_lbp:низкая,среднее_lbp:низкое,разброс_lbp:низкий,медиана_lbp:ниже_нормы,темные_пиксели:единичные,белые_пиксели:нет,красные_пиксели:много,синие_пиксели:нет,яркие_выбросы:нет,темные_выбросы:умеренно
/kaggle/input/datasets/mihailodin1/all-image-skin/1249.jpg,success,6.440506179519466,173.19658129087898,127.06963560370777,2.3018276337521253,43.886301279159134,34.78723268568738,0.19489922958125025,0.2694510477172691,0.5356497184860768,0.09770535782118352,2.170610959985205,2.108287660512733,81.84005809402925,36.83326253212535,"[[7, 99, 179], [5, 205, 98], [8, 173, 136]]",0.0007272479869665392,1.1032839246015767e-05,0.996135748054083,0.0,-2.1396754986044897,34.20061886700324,-39.036307450551305,-0.8550394711066787,-2.795895337923838,5.422445230947133,-9.44601219892698,-55.26408203615995,0.013597974370714432,0.0024088365687134424,1087662,4201.7812032699585,4.028899703288675,0.774171094548699,1.1705989110707804,0.5594372433480437,0.9680695873834151,0.7651078377579876,2091.8320290933557,1.0978291354333896,0.9980776630057684,0.1770837928442006,0.9130675137952092,0.3294132962246933,5.1065168655801525,0.24642447178594945,1.9947635818886658,4.916044464268729,1.9933727848143232,5.0,93.89599405506367,1.0,0.36501807720941204,0.8878892668954985,0.4103187371166338,умеренная,умеренно неровные,выраженный,монотонная,неоднородная,лобуляции слабые,с примесью красного или синего,умеренно вытянутая,тёмный ободок по краю,цвет умеренно неоднородный,грубая,овальная,красноватый,средне упорядоченная,размер:крупный,периметр:большой,выпуклость:низкая,плотность:средняя,заполнение_bbox:среднее,вариация_радиуса:средняя,граница:сильно_изрезанная,форма:умеренно_вытянутая,отношение_периметр_площадь:среднее,красный:повышен,зеленый:понижен,синий:понижен,контраст:сильный,центр:оттенок_как_периферия,насыщенность_центра:умеренно_выше,яркость_центра:темнее,ободок:темнее_центра,яркость_асимметрия:слабая,яркость_асимметрия:слабая,насыщенность_асимметрия:слабая,насыщенность_асимметрия:слабая,разнообразие_оттенка:низкое,разнообразие_насыщенности:среднее,разнообразие_яркости:высокое,вариабельность_оттенка:низкая,вариабельность_насыщенности:средняя,вариабельность_яркости:средняя,насыщенность:высокая,яркость:средняя,энергия_текстуры:низкая,энтропия_текстуры:высокая,энтропия_lbp:низкая,среднее_lbp:среднее,разброс_lbp:низкий,медиана_lbp:типичная,темные_пиксели:нет,белые_пиксели:нет,красные_пиксели:преобладают,синие_пиксели:нет,яркие_выбросы:много,темные_выбросы:нет
/kaggle/input/datasets/mihailodin1/all-image-skin/125.jpg,success,6.291749506789824,161.457515084272,112.91943293330772,3.1444438407740534,44.194424078475585,53.01473086862559,0.21856233566758804,0.2836201423592652,0.49781751756452663,0.24728666721755618,2.209641412932483,2.353609720239704,86.23137535505954,40.51438679077077,"[[5, 196, 64], [9, 162, 137], [6, 98, 179]]",0.1236851493921205,1.9602692625859088e-05,0.9974869348053649,0.0,-2.3049304561263426,40.04941667089162,-58.78064014771188,30.106042907306957,-16.077408110122576,-44.56419162888095,19.996492146808208,-71.44905383721863,7.841077050343636e-06,0.0,255067,2219.1626797914505,4.394019734061824,0.6508574163853432,0.6898326898326899,0.8816900019202628,0.947830966236353,0.6124469352081292,7503.8413277675145,1.0519662372342597,1.03384208884395,0.17105264267302278,0.917390586232172,0.31931036206463304,5.186488657316252,0.2316979670555503,2.0322458846139644,5.045551550791995,2.0469787714062004,5.0,211.87912206784853,1.0,0.4408450009601314,1.138728010967869,0.4514616088843589,выраженная,фестончатые,выраженный,монотонная,неоднородная,лобуляции слабые,с примесью красного или синего,умеренно вытянутая,тёмный ободок по краю,цвет умеренно неоднородный,грубая,неправильная,красноватый,средне упорядоченная,размер:маленький,периметр:средний,выпуклость:средняя,плотность:средняя,заполнение_bbox:низкое,вариация_радиуса:высокая,граница:сильно_изрезанная,форма:сильно_вытянутая,отношение_периметр_площадь:высокое,красный:норма,зеленый:норма,синий:норма,контраст:сильный,центр:оттенок_как_периферия,насыщенность_центра:умеренно_выше,яркость_центра:значительно_темнее,ободок:темнее_центра,яркость_асимметрия:сильная_право_лево,яркость_асимметрия:сильная_верх_низ,насыщенность_асимметрия:слабая,насыщенность_асимметрия:слабая,разнообразие_оттенка:низкое,разнообразие_насыщенности:среднее,разнообразие_яркости:высокое,вариабельность_оттенка:низкая,вариабельность_насыщенности:средняя,вариабельность_яркости:высокая,насыщенность:высокая,яркость:средняя,энергия_текстуры:низкая,энтропия_текстуры:высокая,энтропия_lbp:средняя,среднее_lbp:среднее,разброс_lbp:низкий,медиана_lbp:типичная,темные_пиксели:много,белые_пиксели:нет,красные_пиксели:преобладают,синие_пиксели:нет,яркие_выбросы:нет,темные_выбросы:нет
/kaggle/input/datasets/mihailodin1/all-image-skin/1250.jpg,success,5.1989238679327725,90.7447205012623,181.42396326326818,8.099429335938614,43.8096569202708,17.626039669786646,0.27677340005493445,0.3097504075141047,0.41347619015072656,0.9691011983209981,2.3110951734092517,1.4647858655331996,37.049288607335946,12.100464953546286,"[[171, 43, 199], [10, 133, 166], [6, 62, 192]]",0.0,0.0121201679313085,0.7540980724467479,0.00041138951202874803,6.96443634621393,59.06071261747391,-21.846887389925968,-2.8756040648741816,-0.8844192976348637,-0.3167108717061353,-0.4578551575334302,-21.972773619604453,0.0031996962046680405,0.046276045878720966,284402,2274.240887761116,4.264519849582981,0.6909865335307395,1.073208722741433,0.8415190839377746,0.9705857259377314,0.6429517699135051,4649.991370287696,1.0874099564437696,0.9567896113738769,0.16795912056773965,0.9180645105458559,0.3481401985959496,4.91899706457135,0.19800246679047875,2.1425430278097473,5.02955186639636,2.2951536764930958,5.0,92.40662574536242,2.0,0.45736390333960386,1.1266132433454443,0.43111600178559273,умеренная,фестончатые,умеренный,умеренно разнообразная,неоднородная,лобуляции слабые,с примесью красного или синего,умеренно вытянутая,тёмный ободок по краю,цвет умеренно неоднородный,грубая,неправильная,красноватый,хаотичная,размер:маленький,периметр:средний,выпуклость:низкая,плотность:высокая,заполнение_bbox:низкое,вариация_радиуса:высокая,граница:сильно_изрезанная,форма:сильно_вытянутая,отношение_периметр_площадь:высокое,красный:понижен,зеленый:норма,синий:повышен,контраст:умеренный,центр:синее_периферии,насыщенность_центра:умеренно_выше,яркость_центра:темнее,ободок:слегка_темнее,яркость_асимметрия:слабая,яркость_асимметрия:слабая,насыщенность_асимметрия:слабая,насыщенность_асимметрия:слабая,разнообразие_оттенка:высокое,разнообразие_насыщенности:высокое,разнообразие_яркости:низкое,вариабельность_оттенка:средняя,вариабельность_насыщенности:средняя,вариабельность_яркости:низкая,насыщенность:средняя,яркость:высокая,энергия_текстуры:низкая,энтропия_текстуры:высокая,энтропия_lbp:высокая,среднее_lbp:среднее,разброс_lbp:высокий,медиана_lbp:типичная,темные_пиксели:нет,белые_пиксели:присутствуют,красные_пиксели:умеренно,синие_пиксели:единичные,яркие_выбросы:единичные,темные_выбросы:много
/kaggle/input/datasets/mihailodin1/all-image-skin/1251.jpg,success,5.8196974018846745,103.81989427330655,163.73053390965543,6.940240376244784,52.62815434833244,24.567089084573908,0.2673349298442983,0.30789651388826533,0.4247685536730407,0.8478770221569313,2.415213487105872,1.7495746543868747,45.97561289698464,16.43437605275393,"[[174, 41, 189], [10, 158, 139], [7, 74, 178]]",0.0,0.0004921060107958927,0.7681166037582694,5.073257843256625e-06,5.773276469519317,84.4000366749997,-38.27246706449526,3.6519286795399637,-2.174408436689916,7.161376078114671,-14.02588196729971,-24.483452920300067,3.551280490279638e-05,0.030794675108567718,197112,1774.160591840744,3.9961004455919897,0.7869317570924658,1.1670146137787056,0.5764214076394746,0.9654260399371115,0.7361490284246025,684.8215627045377,1.0609153498357464,0.9757761061467125,0.17941610260709337,0.9114054633151388,0.3230545633075384,5.077320016636967,0.2089725732778927,2.100679908770783,4.961476618668196,2.1859061184049433,5.0,155.45937537065853,2.0,0.3717180107090901,1.2152630357431222,0.41893292846867536,умеренная,умеренно неровные,выраженный,умеренно разнообразная,неоднородная,лобуляции слабые,с примесью красного или синего,умеренно вытянутая,тёмный ободок по краю,цвет умеренно неоднородный,грубая,овальная,красноватый,хаотичная,размер:маленький,периметр:средний,выпуклость:средняя,плотность:средняя,заполнение_bbox:среднее,вариация_радиуса:средняя,граница:сильно_изрезанная,форма:умеренно_вытянутая,отношение_периметр_площадь:среднее,красный:понижен,зеленый:норма,синий:повышен,контраст:умеренный,центр:синее_периферии,насыщенность_центра:выше,яркость_центра:темнее,ободок:слегка_темнее,яркость_асимметрия:слабая,яркость_асимметрия:слабая,насыщенность_асимметрия:слабая,насыщенность_асимметрия:слабая,разнообразие_оттенка:высокое,разнообразие_насыщенности:высокое,разнообразие_яркости:среднее,вариабельность_оттенка:средняя,вариабельность_насыщенности:высокая,вариабельность_яркости:средняя,насыщенность:средняя,яркость:средняя,энергия_текстуры:низкая,энтропия_текстуры:высокая,энтропия_lbp:высокая,среднее_lbp:среднее,разброс_lbp:средний,медиана_lbp:типичная,темные_пиксели:нет,белые_пиксели:единичные,красные_пиксели:умеренно,синие_пиксели:нет,яркие_выбросы:нет,темные_выбросы:умеренно
/kaggle/input/datasets/mihailodin1/all-image-skin/1252.jpg,success,8.502799492543117,106.6287852041872,195.95066916276218,3.3097597792680347,36.58288232537857,55.26075234908655,0.2631965100690389,0.3097163198898766,0.4270871678615196,0.5157612876992987,2.1221360903873356,2.1671778130412904,52.96699362922678,17.177012039761443,"[[6, 148, 113], [10, 71, 244], [8, 125, 197]]",0.0,0.00019156652915218916,0.925627979028377,0.0,-3.224732889768873,29.656543376436247,-25.511289378470792,68.05033946615677,-43.385472942870024,-32.527032834561965,6.040198828998797,-34.992865999995104,0.0,0.02379968526601653,1628677,6818.704206824303,5.342990101703676,0.440190965452905,1.9475728155339807,0.8481513040022383,0.8443106850070659,0.788255137500121,37453.945302279055,1.2176751552643041,1.0247842907234044,0.12277617468711523,0.939050675424982,0.28291953104478595,5.3332866682269895,0.20627673660466456,2.1390183214656275,5.193026656044421,2.31874695905697,5.0,208.39560971726348,1.0,0.8978620597681095,1.1577019946450768,0.47292171104848446,выраженная,фестончатые,выраженный,монотонная,неоднородная,лобуляции слабые,с примесью красного или синего,вытянутая,тёмный ободок по краю,цвет умеренно неоднородный,средняя,неправильная,красноватый,хаотичная,размер:крупный,периметр:большой,выпуклость:низкая,плотность:низкая,заполнение_bbox:среднее,вариация_радиуса:высокая,граница:сильно_изрезанная,форма:сильно_вытянутая,отношение_периметр_площадь:высокое,красный:понижен,зеленый:норма,синий:повышен,контраст:выраженный,центр:оттенок_как_периферия,насыщенность_центра:умеренно_выше,яркость_центра:темнее,ободок:слегка_темнее,яркость_асимметрия:сильная_право_лево,яркость_асимметрия:сильная_верх_низ,насыщенность_асимметрия:сильная_лево_право,насыщенность_асимметрия:слабая,разнообразие_оттенка:среднее,разнообразие_насыщенности:среднее,разнообразие_яркости:высокое,вариабельность_оттенка:низкая,вариабельность_насыщенности:средняя,вариабельность_яркости:высокая,насыщенность:средняя,яркость:высокая,энергия_текстуры:низкая,энтропия_текстуры:высокая,энтропия_lbp:высокая,среднее_lbp:высокое,разброс_lbp:высокий,медиана_lbp:типичная,темные_пиксели:нет,белые_пиксели:единичные,красные_пиксели:много,синие_пиксели:нет,яркие_выбросы:нет,темные_выбросы:умеренно
/kaggle/input/datasets/mihailodin1/all-image-skin/1253.jpg,success,9.061222077208948,150.70045125573938,133.8061000718076,2.5888839819191882,37.97128736879241,48.34801074830738,0.21907690054272874,0.30103741735365624,0.4798856785171879,0.4534597179774238,2.195575570485521,2.3513478707931768,54.58029171888648,24.799811646072914,"[[7, 190, 71], [10, 160, 140], [10, 105, 185]]",0.026637347706774648,0.0,0.9852220821824748,7.448922736793804e-07,-1.4801855815290992,44.94489955093363,-47.46606871236622,44.60695957889601,-29.41564468429212,-35.4760885509193,13.23613669544298,-47.62113035492172,0.0,0.003433208489388265,1342476,4758.956952095032,4.1073197279082185,0.7448911967306161,1.3273322422258593,0.689724655664164,0.9593767262836762,0.6773053008853308,9054.59368187728,1.0804897554711292,0.9860826145440827,0.12206021666120466,0.9392546041688549,0.2900678634378983,5.213297159515336,0.21649014254294946,2.1174656004035417,5.223142047141401,2.267642719827218,5.0,216.62598335437934,1.0,0.5085284489450117,1.0628540433959934,0.42140205295177763,выраженная,умеренно неровные,выраженный,монотонная,неоднородная,лобуляции слабые,с примесью красного или синего,вытянутая,тёмный ободок по краю,цвет умеренно неоднородный,средняя,овальная,красноватый,средне упорядоченная,размер:крупный,периметр:большой,выпуклость:низкая,плотность:средняя,заполнение_bbox:низкое,вариация_радиуса:высокая,граница:сильно_изрезанная,форма:умеренно_вытянутая,отношение_периметр_площадь:среднее,красный:норма,зеленый:норма,синий:норма,контраст:выраженный,центр:оттенок_как_периферия,насыщенность_центра:умеренно_выше,яркость_центра:темнее,ободок:слегка_темнее,яркость_асимметрия:сильная_право_лево,яркость_асимметрия:сильная_верх_низ,насыщенность_асимметрия:сильная_лево_право,насыщенность_асимметрия:слабая,разнообразие_оттенка:среднее,разнообразие_насыщенности:среднее,разнообразие_яркости:высокое,вариабельность_оттенка:низкая,вариабельность_насыщенности:средняя,вариабельность_яркости:высокая,насыщенность:средняя,яркость:средняя,энергия_текстуры:низкая,энтропия_текстуры:высокая,энтропия_lbp:высокая,среднее_lbp:высокое,разброс_lbp:высокий,медиана_lbp:типичная,темные_пиксели:единичные,белые_пиксели:нет,красные_пиксели:преобладают,синие_пиксели:нет,яркие_выбросы:нет,темные_выбросы:нет
/kaggle/input/datasets/mihailodin1/all-image-skin/1254.jpg,success,9.19619050441788,176.64769694481254,130.96381179895857,2.0543386456461947,36.82324967112312,39.70132346230102,0.18314011693992785,0.2906067895093412,0.5262530895324217,0.37367571603100874,2.105482249087624,2.221497031331551,57.58325086487058,27.368356366727287,"[[10, 129, 177], [8, 212, 89], [10, 178, 140]]",0.001754353222224296,0.0,0.9962300069054328,0.0,-1.5518948559771957,44.88945507835396,-51.24525368110929,13.11486178179372,-19.247338539108995,17.422585097384896,-9.17370397094885,-49.64315800826306,2.7994998226983444e-05,0.0031027789701573317,214324,1831.0306490659714,3.9551249737607623,0.8033215957854568,1.0792079207920793,0.7002527284485744,0.9810854359687992,0.7787228631119992,1047.1005080450007,1.063886760711097,0.9695340369188281,0.15862105664230372,0.9210645516811812,0.30570789876497423,5.130253239190242,0.22630198047734582,2.0631456109642157,5.010546559085181,2.097831694087106,5.0,156.6450930046769,1.0,0.38973032462032686,0.9271426151968667,0.41496834481872813,умеренная,умеренно неровные,выраженный,монотонная,неоднородная,лобуляции слабые,с примесью красного или синего,умеренно вытянутая,тёмный ободок по краю,цвет умеренно неоднородный,грубая,овальная,красноватый,средне упорядоченная,размер:маленький,периметр:средний,выпуклость:средняя,плотность:высокая,заполнение_bbox:среднее,вариация_радиуса:средняя,граница:сильно_изрезанная,форма:умеренно_вытянутая,отношение_периметр_площадь:среднее,красный:повышен,зеленый:норма,синий:понижен,контраст:выраженный,центр:оттенок_как_периферия,насыщенность_центра:умеренно_выше,яркость_центра:значительно_темнее,ободок:слегка_темнее,яркость_асимметрия:слабая,яркость_асимметрия:сильная_низ_верх,насыщенность_асимметрия:слабая,насыщенность_асимметрия:слабая,разнообразие_оттенка:низкое,разнообразие_насыщенности:среднее,разнообразие_яркости:высокое,вариабельность_оттенка:низкая,вариабельность_насыщенности:средняя,вариабельность_яркости:высокая,насыщенность:высокая,яркость:средняя,энергия_текстуры:низкая,энтропия_текстуры:высокая,энтропия_lbp:средняя,среднее_lbp:среднее,разброс_lbp:средний,медиана_lbp:типичная,темные_пиксели:единичные,белые_пиксели:нет,красные_пиксели:преобладают,синие_пиксели:нет,яркие_выбросы:нет,темные_выбросы:нет
/kaggle/input/datasets/mihailodin1/all-image-skin/1255.jpg,success,8.42142009256757,115.27229699449207,184.73239414222311,2.7797259035800175,28.322544998606276,8.633708158143708,0.24743240651126666,0.3039697442549183,0.44859784680544046,0.39336010259688947,1.9554690440214024,0.9261458631937753,23.723807663701194,7.985157850948409,"[[8, 139, 179], [11, 105, 188], [6, 76, 192]]",0.0,7.517383950385266e-05,0.9814855507206569,1.4456507596894742e-06,-0.7246856679485205,32.660679970243294,-5.189617825507753,-1.5721055202121192,10.746875692140009,4.472944912797544,-1.648793841549633,-7.773651740278694,0.02598123545313923,0.02131033784858254,691730,3418.5364747047424,4.11028477557563,0.7438168958486925,1.2299465240641712,0.8110113252929119,0.9605453361346288,0.6433201581027668,8996.557858807013,1.0603045278252077,0.9938554885289134,0.14526550288567933,0.9277933909479716,0.43044861969239606,4.462137549576913,0.19590110935944843,2.1544996592700687,5.124855608912654,2.333272286724174,5.0,57.01570343039887,1.0,0.5204789246785415,0.5605600873360561,0.42767999982061,слабая,умеренно неровные,умеренный,монотонная,неоднородная,лобуляции слабые,с примесью красного или синего,вытянутая,без выраженного ободка,цвет однородный,грубая,овальная,красноватый,хаотичная,размер:средний,периметр:большой,выпуклость:средняя,плотность:средняя,заполнение_bbox:низкое,вариация_радиуса:высокая,граница:сильно_изрезанная,форма:сильно_вытянутая,отношение_периметр_площадь:среднее,красный:понижен,зеленый:норма,синий:норма,контраст:умеренный,центр:оттенок_как_периферия,насыщенность_центра:умеренно_выше,яркость_центра:равная,ободок:одинаковый,яркость_асимметрия:слабая,яркость_асимметрия:слабая,насыщенность_асимметрия:слабая,насыщенность_асимметрия:слабая,разнообразие_оттенка:низкое,разнообразие_насыщенности:низкое,разнообразие_яркости:низкое,вариабельность_оттенка:низкая,вариабельность_насыщенности:низкая,вариабельность_яркости:низкая,насыщенность:средняя,яркость:высокая,энергия_текстуры:низкая,энтропия_текстуры:высокая,энтропия_lbp:высокая,среднее_lbp:высокое,разброс_lbp:высокий,медиана_lbp:типичная,темные_пиксели:нет,белые_пиксели:нет,красные_пиксели:преобладают,синие_пиксели:нет,яркие_выбросы:много,темные_выбросы:умеренно
/kaggle/input/datasets/mihailodin1/all-image-skin/1256.jpg,success,9.82791558098221,164.1679454662774,163.5024756112364,2.2066422486062076,40.700736508007836,27.82670371880069,0.19393915309173673,0.29669633737864576,0.5093645064142582,0.5221319663898222,2.189387183903773,1.922463615157234,56.44826794549263,21.898808318232994,"[[10, 167, 169], [8, 204, 134], [11, 112, 195]]",0.0,3.833204495071138e-05,0.9772754860183867,6.388674158451896e-06,-1.491360147246354,49.78112082941368,-34.57314590201696,-5.946577111188418,-4.097714248520219,5.030108356165556,-10.322038216679147,-34.981711138698245,0.00045785498135571923,0.01561817875936207,469581,2784.171908020973,4.0629435562100715,0.7612517184488274,1.6549520766773163,0.8187020186463577,0.9778211364507154,0.7240631206286159,6309.246291564432,1.050043149104284,0.960125505314074,0.17205859758825406,0.9166132290593563,0.31006507897628793,5.101798137730537,0.22282289617697099,2.077940710822066,4.988770039725904,2.1509289589066096,5.0,111.24206481123034,1.0,0.736827047661837,0.8893621354857477,0.42720782198447016,умеренная,умеренно неровные,выраженный,монотонная,неоднородная,лобуляции слабые,с примесью красного или синего,вытянутая,тёмный ободок по краю,цвет умеренно неоднородный,грубая,овальная,красноватый,средне упорядоченная,размер:средний,периметр:средний,выпуклость:средняя,плотность:высокая,заполнение_bbox:среднее,вариация_радиуса:высокая,граница:сильно_изрезанная,форма:сильно_вытянутая,отношение_периметр_площадь:среднее,красный:норма,зеленый:норма,синий:понижен,контраст:выраженный,центр:оттенок_как_периферия,насыщенность_центра:умеренно_выше,яркость_центра:темнее,ободок:слегка_темнее,яркость_асимметрия:слабая,яркость_асимметрия:слабая,насыщенность_асимметрия:слабая,насыщенность_асимметрия:слабая,разнообразие_оттенка:среднее,разнообразие_насыщенности:среднее,разнообразие_яркости:среднее,вариабельность_оттенка:низкая,вариабельность_насыщенности:средняя,вариабельность_яркости:средняя,насыщенность:высокая,яркость:средняя,энергия_текстуры:низкая,энтропия_текстуры:высокая,энтропия_lbp:средняя,среднее_lbp:среднее,разброс_lbp:средний,медиана_lbp:типичная,темные_пиксели:нет,белые_пиксели:нет,красные_пиксели:преобладают,синие_пиксели:нет,яркие_выбросы:нет,темные_выбросы:умеренно
/kaggle/input/datasets/mihailodin1/all-image-skin/1257.jpg,success,6.814314269344815,157.3917754724676,157.9738613437341,2.1893390585290797,40.44711386133792,31.797049687752406,0.20980055770760042,0.2795890831678925,0.51061035589226,0.09160597953941978,2.2219699050758193,2.0584290656298663,64.06674758145937,25.370000613930117,"[[6, 197, 123], [6, 99, 193], [8, 157, 168]]",3.729453418525278e-05,3.308386097078876e-05,0.9982218928540063,0.0,-0.4948624486066251,43.6166736181228,-36.06507869308538,9.24733560661636,-9.674355690192243,-8.41550390100545,15.446304387411288,-30.111302637209604,0.001311925468678005,0.03176832635364121,1662442,5472.069649934769,4.244029220255472,0.6976749553927375,1.7058303886925794,0.8263716138170961,0.9649119650355942,0.7605325423213956,23417.349834794677,1.0987892013543703,0.9638422035002152,0.15581168980923296,0.9239930015542335,0.30409768465409376,5.14556325709455,0.22673761079233085,2.0874532552685063,5.029406348138653,2.180222111632915,5.0,122.96011434504015,1.0,0.7661010012548377,0.8183210989933942,0.4261654311128493,умеренная,фестончатые,выраженный,монотонная,неоднородная,лобуляции слабые,с примесью красного или синего,вытянутая,тёмный ободок по краю,цвет однородный,грубая,неправильная,красноватый,средне упорядоченная,размер:крупный,периметр:большой,выпуклость:низкая,плотность:средняя,заполнение_bbox:среднее,вариация_радиуса:высокая,граница:сильно_изрезанная,форма:сильно_вытянутая,отношение_периметр_площадь:высокое,красный:норма,зеленый:понижен,синий:норма,контраст:выраженный,центр:оттенок_как_периферия,насыщенность_центра:умеренно_выше,яркость_центра:темнее,ободок:слегка_темнее,яркость_асимметрия:слабая,яркость_асимметрия:слабая,насыщенность_асимметрия:слабая,насыщенность_асимметрия:слабая,разнообразие_оттенка:низкое,разнообразие_насыщенности:среднее,разнообразие_яркости:среднее,вариабельность_оттенка:низкая,вариабельность_насыщенности:средняя,вариабельность_яркости:средняя,насыщенность:средняя,яркость:средняя,энергия_текстуры:низкая,энтропия_текстуры:высокая,энтропия_lbp:средняя,среднее_lbp:среднее,разброс_lbp:средний,медиана_lbp:типичная,темные_пиксели:нет,белые_пиксели:нет,красные_пиксели:преобладают,синие_пиксели:нет,яркие_выбросы:единичные,темные_выбросы:умеренно
/kaggle/input/datasets/mihailodin1/all-image-skin/1258.jpg,success,9.03405953961303,128.41082023563405,166.62414128079308,2.530187184657802,41.64956786800386,18.718452469577635,0.23578189827469112,0.30478061056099803,0.45943748840697063,0.41146612869071253,2.286008962291846,1.539860678987718,33.50028149477996,12.590371056504091,"[[6, 80, 183], [10, 176, 146], [10, 114, 175]]",0.0,1.4945076842603432e-05,0.9905696565123172,0.0,0.9141917802118087,61.32490987778961,-25.426266169592765,0.8079935572626482,-6.55044298557965,6.439538448725187,-15.683803059378647,-20.040489827719796,0.00019926769123471244,0.04379903853338979,200735,1796.9128988981247,4.010656568527849,0.7812300029664286,0.9546279491833031,0.7157201062319135,0.9677193862055334,0.6926052183033958,1190.9176452039408,1.0692116708228283,0.9605317254772239,0.16680682137214373,0.9180055760464111,0.35261331745937036,4.882673431047865,0.20856548062031097,2.1102549182024375,5.033690689301446,2.204910015713213,5.0,117.14714587854031,1.0,0.35786005311595676,0.7908863083704197,0.4175357413927402,умеренная,умеренно неровные,умеренный,монотонная,неоднородная,лобуляции слабые,с примесью красного или синего,умеренно вытянутая,тёмный ободок по краю,цвет однородный,грубая,овальная,красноватый,хаотичная,размер:маленький,периметр:средний,выпуклость:средняя,плотность:средняя,заполнение_bbox:низкое,вариация_радиуса:средняя,граница:сильно_изрезанная,форма:умеренно_вытянутая,отношение_периметр_площадь:среднее,красный:норма,зеленый:норма,синий:норма,контраст:умеренный,центр:оттенок_как_периферия,насыщенность_центра:выше,яркость_центра:темнее,ободок:слегка_темнее,яркость_асимметрия:слабая,яркость_асимметрия:слабая,насыщенность_асимметрия:слабая,насыщенность_асимметрия:слабая,разнообразие_оттенка:среднее,разнообразие_насыщенности:среднее,разнообразие_яркости:низкое,вариабельность_оттенка:низкая,вариабельность_насыщенности:средняя,вариабельность_яркости:низкая,насыщенность:средняя,яркость:средняя,энергия_текстуры:низкая,энтропия_текстуры:высокая,энтропия_lbp:высокая,среднее_lbp:среднее,разброс_lbp:средний,медиана_lbp:типичная,темные_пиксели:нет,белые_пиксели:нет,красные_пиксели:преобладают,синие_пиксели:нет,яркие_выбросы:нет,темные_выбросы:много
/kaggle/input/datasets/mihailodin1/all-image-skin/1259.jpg,success,9.337314585789864,135.02000095148233,144.81341431505166,2.941486694755195,49.60628894487171,27.812638537558637,0.23350997456538422,0.304872631841763,0.46161739040517896,0.560191407078984,2.4200926861395295,1.8391000236131074,45.526110255377596,18.92258601058399,"[[11, 140, 147], [9, 85, 170], [8, 197, 108]]",0.0,3.9645097090842775e-06,0.9605848444722841,0.0,-2.161053189905843,81.57030711308012,-48.68518399494194,5.860074997761075,-12.354138504244986,-1.4972980550516866,-2.9450979705663087,-34.31039901701462,3.56805873817585e-05,0.03424147035736091,252238,1929.0621745586395,3.8409704701388474,0.8517809590123355,1.0240549828178693,0.5847751888432182,0.9806733045888752,0.7271789017274384,565.7734512439265,1.0514264796640582,0.9737219830691342,0.16173029012834125,0.9198741993203029,0.31899174164398153,5.061955614689657,0.2178703744409763,2.0870748045467264,5.014931278550675,2.1577048498130673,5.0,155.07315382555197,1.0,0.3044150858305438,1.0122866830858892,0.4101448413611961,умеренная,умеренно неровные,выраженный,монотонная,неоднородная,лобуляции слабые,с примесью красного или синего,умеренно вытянутая,тёмный ободок по краю,цвет умеренно неоднородный,грубая,округлая,красноватый,средне упорядоченная,размер:маленький,периметр:средний,выпуклость:средняя,плотность:высокая,заполнение_bbox:среднее,вариация_радиуса:средняя,граница:сильно_изрезанная,форма:умеренно_вытянутая,отношение_периметр_площадь:среднее,красный:норма,зеленый:норма,синий:норма,контраст:умеренный,центр:оттенок_как_периферия,насыщенность_центра:выше,яркость_центра:темнее,ободок:слегка_темнее,яркость_асимметрия:слабая,яркость_асимметрия:слабая,насыщенность_асимметрия:слабая,насыщенность_асимметрия:слабая,разнообразие_оттенка:среднее,разнообразие_насыщенности:высокое,разнообразие_яркости:среднее,вариабельность_оттенка:низкая,вариабельность_насыщенности:высокая,вариабельность_яркости:средняя,насыщенность:средняя,яркость:средняя,энергия_текстуры:низкая,энтропия_текстуры:высокая,энтропия_lbp:средняя,среднее_lbp:среднее,разброс_lbp:средний,медиана_lbp:типичная,темные_пиксели:нет,белые_пиксели:нет,красные_пиксели:много,синие_пиксели:нет,яркие_выбросы:нет,темные_выбросы:умеренно
/kaggle/input/datasets/mihailodin1/all-image-skin/126.jpg,success,3.5621847737974788,105.06087800011086,148.3855255621455,7.070938368132079,52.94431371723369,37.17862148630755,0.2751694751075568,0.30051039819279307,0.4243201238399239,0.7615096567767158,2.4843249978909303,2.119999556256465,57.7613678439179,22.27666999519568,"[[7, 170, 102], [172, 47, 185], [6, 88, 163]]",0.004604327180681041,0.0009478410287678067,0.8082238604659756,0.0,6.127624141219158,77.43024782290048,-55.20386431153783,-13.29093242717974,7.375464673347821,19.59815742838859,-36.69481032886017,-38.815521743972965,0.0,0.05132198880328141,541230,3074.4633190631866,4.179057871607283,0.719536937555575,1.183698296836983,0.6583483359789101,0.9339715924092267,0.6767016001380335,3133.1308617066707,1.09511267652329,0.9559134083764333,0.17301086243762587,0.914394429947616,0.2806985546123595,5.3166695436437035,0.22295498817826287,2.080404101159627,4.954625719341552,2.152229942898537,5.0,215.7211011334338,2.0,0.4210233164079465,1.327304711833994,0.42239553741355923,выраженная,фестончатые,выраженный,умеренно разнообразная,неоднородная,лобуляции слабые,с примесью красного или синего,умеренно вытянутая,тёмный ободок по краю,цвет неоднородный,грубая,овальная,красноватый,средне упорядоченная,размер:средний,периметр:большой,выпуклость:низкая,плотность:средняя,заполнение_bbox:низкое,вариация_радиуса:высокая,граница:сильно_изрезанная,форма:умеренно_вытянутая,отношение_периметр_площадь:среднее,красный:понижен,зеленый:норма,синий:повышен,контраст:выраженный,центр:синее_периферии,насыщенность_центра:выше,яркость_центра:значительно_темнее,ободок:слегка_темнее,яркость_асимметрия:слабая,яркость_асимметрия:сильная_низ_верх,насыщенность_асимметрия:слабая,насыщенность_асимметрия:сильная_верх_низ,разнообразие_оттенка:высокое,разнообразие_насыщенности:высокое,разнообразие_яркости:высокое,вариабельность_оттенка:средняя,вариабельность_насыщенности:высокая,вариабельность_яркости:высокая,насыщенность:средняя,яркость:средняя,энергия_текстуры:низкая,энтропия_текстуры:высокая,энтропия_lbp:средняя,среднее_lbp:среднее,разброс_lbp:средний,медиана_lbp:типичная,темные_пиксели:единичные,белые_пиксели:единичные,красные_пиксели:умеренно,синие_пиксели:нет,яркие_выбросы:нет,темные_выбросы:много
/kaggle/input/datasets/mihailodin1/all-image-skin/1260.jpg,success,5.0203888926834805,108.17392967424263,199.26061284669098,4.260782707639236,31.554200803439848,12.05312429226795,0.2604898560455653,0.29522212527734,0.44428801644740906,0.4287418378843746,2.051029057289773,1.1888792013846414,25.74806649158153,8.332130030273852,"[[8, 144, 187], [179, 78, 208], [6, 95, 204]]",0.0,0.00016691239880935822,0.9939146521267421,0.0,3.0168030432793387,42.432547694111136,-12.491432012850765,-3.426483619443701,-1.7742349867308747,8.362528897649383,-13.76119544655036,-9.997703909520368,0.004131081870531616,0.04133863743845105,143788,1582.7362736463547,4.173949922670858,0.7212991085911133,1.1379310344827587,0.8322919728626026,0.9556242315488652,0.586908960292581,2209.3343983044824,1.0606690208322282,0.9843361434000191,0.18700683697191267,0.907525027462163,0.3939123235972999,4.669875553796624,0.20425322160411238,2.1142627055906402,4.956249559890148,2.2109654618448618,5.0,85.26522570061556,2.0,0.48511150367268063,0.6852848006828127,0.43234553795064595,умеренная,умеренно неровные,умеренный,умеренно разнообразная,неоднородная,лобуляции слабые,с примесью красного или синего,умеренно вытянутая,без выраженного ободка,цвет однородный,грубая,овальная,красноватый,хаотичная,размер:маленький,периметр:средний,выпуклость:средняя,плотность:средняя,заполнение_bbox:низкое,вариация_радиуса:средняя,граница:сильно_изрезанная,форма:сильно_вытянутая,отношение_периметр_площадь:среднее,красный:понижен,зеленый:норма,синий:повышен,контраст:умеренный,центр:оттенок_как_периферия,насыщенность_центра:умеренно_выше,яркость_центра:равная,ободок:одинаковый,яркость_асимметрия:слабая,яркость_асимметрия:слабая,насыщенность_асимметрия:слабая,насыщенность_асимметрия:слабая,разнообразие_оттенка:среднее,разнообразие_насыщенности:среднее,разнообразие_яркости:низкое,вариабельность_оттенка:низкая,вариабельность_насыщенности:средняя,вариабельность_яркости:низкая,насыщенность:средняя,яркость:высокая,энергия_текстуры:низкая,энтропия_текстуры:высокая,энтропия_lbp:высокая,среднее_lbp:среднее,разброс_lbp:средний,медиана_lbp:типичная,темные_пиксели:нет,белые_пиксели:единичные,красные_пиксели:преобладают,синие_пиксели:нет,яркие_выбросы:единичные,темные_выбросы:много
/kaggle/input/datasets/mihailodin1/all-image-skin/1261.jpg,success,6.796784689241068,165.7708831673613,143.7439676085887,2.055451615293999,42.473418447286754,37.68619709191935,0.20342874256941923,0.2762886386633376,0.5202826151477319,0.07472256251070679,2.142351413723639,2.1381987483993226,72.53791916379379,30.651880540162153,"[[6, 203, 107], [7, 106, 192], [8, 169, 152]]",0.0,0.0,0.9998510869708639,0.0,-1.2029774496319448,52.87501026300956,-53.11348547705508,-0.3525238345111745,1.5019923248973441,1.8484259828573215,-3.484415908614494,-56.61347867310951,0.0014881878038344163,0.0005739749034421529,1061022,4131.379182338715,4.010817141103434,0.7811674513226027,1.2686145146088597,0.702961732885704,0.9712832023669159,0.7429574555390146,5555.671925143868,1.0833831516730454,0.9934986415210801,0.13311931343366323,0.9336879206851205,0.32814629411560553,5.064337648150936,0.22255584437220874,2.1025372136254292,5.1294837838810015,2.207940064961177,5.0,114.37883124057691,1.0,0.4857881237472818,0.8887918498628711,0.4132963400808439,умеренная,умеренно неровные,выраженный,монотонная,неоднородная,лобуляции слабые,с примесью красного или синего,умеренно вытянутая,тёмный ободок по краю,цвет умеренно неоднородный,грубая,овальная,красноватый,средне упорядоченная,размер:крупный,периметр:большой,выпуклость:низкая,плотность:высокая,заполнение_bbox:среднее,вариация_радиуса:высокая,граница:сильно_изрезанная,форма:умеренно_вытянутая,отношение_периметр_площадь:среднее,красный:повышен,зеленый:понижен,синий:норма,контраст:выраженный,центр:оттенок_как_периферия,насыщенность_центра:умеренно_выше,яркость_центра:значительно_темнее,ободок:темнее_центра,яркость_асимметрия:слабая,яркость_асимметрия:слабая,насыщенность_асимметрия:слабая,насыщенность_асимметрия:слабая,разнообразие_оттенка:низкое,разнообразие_насыщенности:среднее,разнообразие_яркости:высокое,вариабельность_оттенка:низкая,вариабельность_насыщенности:средняя,вариабельность_яркости:высокая,насыщенность:высокая,яркость:средняя,энергия_текстуры:низкая,энтропия_текстуры:высокая,энтропия_lbp:высокая,среднее_lbp:высокое,разброс_lbp:средний,медиана_lbp:типичная,темные_пиксели:нет,белые_пиксели:нет,красные_пиксели:преобладают,синие_пиксели:нет,яркие_выбросы:единичные,темные_выбросы:нет
/kaggle/input/datasets/mihailodin1/all-image-skin/1262.jpg,success,8.99975050850716,150.93185332391755,179.76017599449756,2.057445647466339,38.885305397682245,22.743675930248894,0.21021534613123802,0.2962212471609053,0.49356340396217957,0.3159691854559383,2.1863825945843582,1.7330763716950832,42.647838039964434,15.701297386842025,"[[10, 144, 189], [9, 188, 156], [8, 93, 208]]",0.0,0.0,0.9950475295402459,0.0,-0.5757406890402166,52.16198891998087,-30.611433799614844,8.473504235980329,-17.785601539932372,15.569090232226245,-26.752485355452592,-27.927291055270985,0.0011288429884411728,0.010330225952362826,761842,3602.0827189683914,4.126874158921249,0.7378488620289108,1.176056338028169,0.7390673231950415,0.9592583219067261,0.6556378476160643,5728.319137426504,1.0822007928619704,0.9774916611855583,0.15255412503918053,0.9242417221591049,0.33275843585919357,4.967190297992022,0.20889241930227126,2.126191969024198,5.080059747261694,2.255500389595173,5.0,151.92984477222745,1.0,0.45756183061160527,0.7638636312255073,0.42235532406050263,умеренная,умеренно неровные,выраженный,монотонная,неоднородная,лобуляции слабые,с примесью красного или синего,умеренно вытянутая,тёмный ободок по краю,цвет однородный,грубая,овальная,красноватый,хаотичная,размер:средний,периметр:большой,выпуклость:низкая,плотность:средняя,заполнение_bbox:низкое,вариация_радиуса:высокая,граница:сильно_изрезанная,форма:умеренно_вытянутая,отношение_периметр_площадь:среднее,красный:норма,зеленый:норма,синий:норма,контраст:умеренный,центр:оттенок_как_периферия,насыщенность_центра:умеренно_выше,яркость_центра:темнее,ободок:слегка_темнее,яркость_асимметрия:слабая,яркость_асимметрия:сильная_низ_верх,насыщенность_асимметрия:слабая,насыщенность_асимметрия:сильная_верх_низ,разнообразие_оттенка:низкое,разнообразие_насыщенности:среднее,разнообразие_яркости:среднее,вариабельность_оттенка:низкая,вариабельность_насыщенности:средняя,вариабельность_яркости:средняя,насыщенность:средняя,яркость:высокая,энергия_текстуры:низкая,энтропия_текстуры:высокая,энтропия_lbp:высокая,среднее_lbp:среднее,разброс_lbp:высокий,медиана_lbp:типичная,темные_пиксели:нет,белые_пиксели:нет,красные_пиксели:преобладают,синие_пиксели:нет,яркие_выбросы:единичные,темные_выбросы:умеренно
/kaggle/input/datasets/mihailodin1/all-image-skin/1263.jpg,success,6.549752325584524,87.29802962627919,185.19919114321252,5.469407690315248,38.42749823188354,13.372129486969744,0.27622348711505984,0.3111381781318045,0.4126383325250325,0.6480610255405169,2.2529088390857077,1.2783029621480972,32.85698856541968,10.472851263367405,"[[7, 67, 192], [175, 39, 196], [9, 128, 173]]",0.0,0.015396194945440153,0.7928545683270198,0.0,2.903605432899127,53.8527063809167,-17.41847360322791,3.4821528683013128,-11.428160692934526,5.563437944720334,-1.7259342059392395,-11.203858256660624,0.0069047888279527335,0.03209278000791542,565984,2988.11303293705,3.9718692605883645,0.796562715564206,0.9887005649717514,0.6831988008341978,0.9696438085807337,0.7308913640032284,2617.9939481692454,1.0675484702942915,0.9354666285412984,0.1695148534945048,0.9157577241484045,0.3718200092140556,4.797844422314362,0.20083788311921358,2.131613482483325,4.994049892777255,2.2633204807058824,5.0,96.37447112893915,2.0,0.3415994004170989,0.862325123250837,0.4151256534558399,умеренная,умеренно неровные,умеренный,умеренно разнообразная,неоднородная,лобуляции слабые,с примесью красного или синего,умеренно вытянутая,без выраженного ободка,цвет умеренно неоднородный,грубая,овальная,красноватый,хаотичная,размер:средний,периметр:средний,выпуклость:средняя,плотность:средняя,заполнение_bbox:среднее,вариация_радиуса:средняя,граница:сильно_изрезанная,форма:умеренно_вытянутая,отношение_периметр_площадь:среднее,красный:понижен,зеленый:повышен,синий:повышен,контраст:умеренный,центр:оттенок_как_периферия,насыщенность_центра:умеренно_выше,яркость_центра:равная,ободок:слегка_темнее,яркость_асимметрия:слабая,яркость_асимметрия:слабая,насыщенность_асимметрия:слабая,насыщенность_асимметрия:слабая,разнообразие_оттенка:среднее,разнообразие_насыщенности:среднее,разнообразие_яркости:низкое,вариабельность_оттенка:средняя,вариабельность_насыщенности:средняя,вариабельность_яркости:низкая,насыщенность:средняя,яркость:высокая,энергия_текстуры:низкая,энтропия_текстуры:высокая,энтропия_lbp:высокая,среднее_lbp:среднее,разброс_lbp:высокий,медиана_lbp:типичная,темные_пиксели:нет,белые_пиксели:присутствуют,красные_пиксели:умеренно,синие_пиксели:нет,яркие_выбросы:единичные,темные_выбросы:умеренно
/kaggle/input/datasets/mihailodin1/all-image-skin/1264.jpg,success,6.993827598782793,167.59508744531078,106.62952585464441,3.0048679354486656,42.441218720455105,44.4075269846352,0.2066231700842151,0.28325113680585595,0.5101256883258348,0.2672855008730471,2.1601748596215073,2.247352810454716,73.78206767831756,37.7315989882605,"[[5, 203, 65], [9, 108, 161], [9, 167, 126]]",0.12538612587990766,0.0,0.9966698437123205,0.0,-3.166385004188612,54.26071799645385,-63.80674253333511,3.135766181597077,-4.310976923801462,10.755730247710403,-10.176356675893743,-60.01868112210994,0.0,0.0,87083,1157.3006392717361,3.9217463589095525,0.8170541872419033,0.9013698630136986,0.7787847363747826,0.9928061654923958,0.7251779989174335,775.3316455773718,1.0414247434928727,0.9398325712298822,0.19329276652800198,0.9060650163179415,0.31809335979123815,5.140734301678083,0.26734480353406187,1.945058610461174,4.8940478958381775,1.889022709020446,5.0,149.61267556298026,1.0,0.3893923681873913,1.0354710967841203,0.41920355387035463,умеренная,умеренно неровные,выраженный,монотонная,неоднородная,лобуляции слабые,с примесью красного или синего,умеренно вытянутая,тёмный ободок по краю,цвет умеренно неоднородный,грубая,овальная,красноватый,упорядоченная,размер:очень_маленький,периметр:средний,выпуклость:высокая,плотность:высокая,заполнение_bbox:среднее,вариация_радиуса:средняя,граница:сильно_изрезанная,форма:умеренно_вытянутая,отношение_периметр_площадь:среднее,красный:норма,зеленый:норма,синий:норма,контраст:выраженный,центр:оттенок_как_периферия,насыщенность_центра:умеренно_выше,яркость_центра:значительно_темнее,ободок:темнее_центра,яркость_асимметрия:слабая,яркость_асимметрия:слабая,насыщенность_асимметрия:слабая,насыщенность_асимметрия:слабая,разнообразие_оттенка:низкое,разнообразие_насыщенности:среднее,разнообразие_яркости:высокое,вариабельность_оттенка:низкая,вариабельность_насыщенности:средняя,вариабельность_яркости:высокая,насыщенность:высокая,яркость:средняя,энергия_текстуры:низкая,энтропия_текстуры:высокая,энтропия_lbp:низкая,среднее_lbp:низкое,разброс_lbp:низкий,медиана_lbp:типичная,темные_пиксели:много,белые_пиксели:нет,красные_пиксели:преобладают,синие_пиксели:нет,яркие_выбросы:нет,темные_выбросы:нет
/kaggle/input/datasets/mihailodin1/all-image-skin/1265.jpg,success,7.103833155146174,113.43649586351998,179.2102907335535,5.470369800537935,54.150037033749605,25.081651147753913,0.2561658492812646,0.3043839454296948,0.4394502028366375,0.5951856978310943,2.525171072858999,1.7908820079100598,46.38131678553251,15.649715753733588,"[[8, 169, 155], [8, 81, 195], [174, 38, 200]]",0.0,0.017343634186038008,0.8412116834094301,3.8777769037391744e-06,0.9854208169817866,66.55596895122001,-27.74394881034621,12.433054521741383,-37.83304874862283,-3.13978767822141,12.626348651343164,-24.599308516175313,0.0005395649577488508,0.04942559044693041,1805158,6228.6768572330475,4.635944094854459,0.5847005249421072,1.3960468521229867,0.800269662789008,0.9230943094810619,0.6929690337133517,21912.523719568202,1.1804879790400085,0.9762495045986047,0.17248316039970613,0.9151456903610079,0.2998474251269971,5.204932499916943,0.20951180247967696,2.108149304816231,4.969448743262714,2.2190709941157998,5.0,161.3175781784768,2.0,0.5981582574559974,1.12345896629074,0.4310494134020819,умеренная,фестончатые,выраженный,умеренно разнообразная,неоднородная,лобуляции слабые,с примесью красного или синего,вытянутая,тёмный ободок по краю,цвет умеренно неоднородный,грубая,неправильная,красноватый,хаотичная,размер:крупный,периметр:большой,выпуклость:низкая,плотность:средняя,заполнение_bbox:низкое,вариация_радиуса:высокая,граница:сильно_изрезанная,форма:сильно_вытянутая,отношение_периметр_площадь:высокое,красный:понижен,зеленый:норма,синий:повышен,контраст:умеренный,центр:оттенок_как_периферия,насыщенность_центра:выше,яркость_центра:темнее,ободок:слегка_темнее,яркость_асимметрия:слабая,яркость_асимметрия:слабая,насыщенность_асимметрия:сильная_лево_право,насыщенность_асимметрия:слабая,разнообразие_оттенка:среднее,разнообразие_насыщенности:высокое,разнообразие_яркости:среднее,вариабельность_оттенка:средняя,вариабельность_насыщенности:высокая,вариабельность_яркости:средняя,насыщенность:средняя,яркость:высокая,энергия_текстуры:низкая,энтропия_текстуры:высокая,энтропия_lbp:высокая,среднее_lbp:среднее,разброс_lbp:средний,медиана_lbp:типичная,темные_пиксели:нет,белые_пиксели:присутствуют,красные_пиксели:умеренно,синие_пиксели:нет,яркие_выбросы:нет,темные_выбросы:много
/kaggle/input/datasets/mihailodin1/all-image-skin/1266.jpg,success,6.823936920640213,160.08090603963925,154.70115505053346,2.4976249594504494,40.52458786152329,28.756347939341897,0.20612493405689816,0.2775436126865502,0.5163314499189456,0.1649095916287056,2.241925838162061,1.964632256102093,57.57240094366197,23.663173107972586,"[[7, 163, 161], [6, 107, 186], [6, 202, 122]]",0.0,3.7501640696780483e-06,0.9987249442163094,0.0,0.015422765797552529,46.310538113477094,-32.645087378982055,7.814894451962886,-3.972310295226066,21.570170269942196,-17.420096333302638,-36.22317758721803,0.0014531885770002438,0.025281731075734563,533310,3081.3506212234497,4.219405407569439,0.7058417675360343,1.3835078534031413,0.8420132180658496,0.9631523912207226,0.6604065640680182,8544.23915656763,1.0768763435611883,0.9533037392954683,0.18909119399601534,0.9084436355624126,0.30527538770509444,5.140230435808861,0.23039521939121227,2.0403165968501282,4.923632568086115,2.072312994756931,5.0,129.7485196086905,1.0,0.6127605357344954,0.8172909212308432,0.4308925024993514,умеренная,фестончатые,выраженный,монотонная,неоднородная,лобуляции слабые,с примесью красного или синего,вытянутая,тёмный ободок по краю,цвет однородный,грубая,овальная,красноватый,средне упорядоченная,размер:средний,периметр:большой,выпуклость:средняя,плотность:средняя,заполнение_bbox:низкое,вариация_радиуса:высокая,граница:сильно_изрезанная,форма:сильно_вытянутая,отношение_периметр_площадь:высокое,красный:норма,зеленый:понижен,синий:норма,контраст:выраженный,центр:оттенок_как_периферия,насыщенность_центра:умеренно_выше,яркость_центра:темнее,ободок:слегка_темнее,яркость_асимметрия:слабая,яркость_асимметрия:сильная_низ_верх,насыщенность_асимметрия:слабая,насыщенность_асимметрия:слабая,разнообразие_оттенка:низкое,разнообразие_насыщенности:среднее,разнообразие_яркости:среднее,вариабельность_оттенка:низкая,вариабельность_насыщенности:средняя,вариабельность_яркости:средняя,насыщенность:высокая,яркость:средняя,энергия_текстуры:низкая,энтропия_текстуры:высокая,энтропия_lbp:средняя,среднее_lbp:среднее,разброс_lbp:средний,медиана_lbp:типичная,темные_пиксели:нет,белые_пиксели:нет,красные_пиксели:преобладают,синие_пиксели:нет,яркие_выбросы:единичные,темные_выбросы:умеренно
/kaggle/input/datasets/mihailodin1/all-image-skin/1267.jpg,success,6.252593200731935,157.2342455430085,158.9528517934525,2.408157643983628,49.384880771717576,28.562377549033453,0.21241598450293245,0.27640291516135984,0.511181097119775,0.1327728575726519,2.2926511590020597,1.953540744229325,62.62747770263284,24.57473949599466,"[[6, 197, 136], [5, 82, 195], [8, 143, 174]]",0.0,3.881535535457827e-05,0.9915250699591853,2.197095586108204e-06,-0.2707452073657777,65.53588191245373,-39.059189890077164,-17.34649218410385,22.59687119703881,6.583751525593385,3.7277346667245013,-34.29941200033892,0.001976653662302014,0.010443527685967664,1365439,4917.334587812424,4.20817321956514,0.709614771960138,1.4268398268398268,0.6710859529582692,0.9632454816089846,0.7173533182028328,7793.147717671377,1.1103106897425767,0.9133737925282756,0.17600888543239038,0.9138308307469024,0.3115306299530237,5.13619921926323,0.23113574441743898,2.0547341775597734,4.93912152316761,2.1067533569896075,5.0,155.1206665833572,1.0,0.548962889899048,0.8929377190667942,0.4200197845446125,умеренная,фестончатые,выраженный,монотонная,неоднородная,лобуляции слабые,с примесью красного или синего,вытянутая,тёмный ободок по краю,цвет умеренно неоднородный,грубая,овальная,красноватый,средне упорядоченная,размер:крупный,периметр:большой,выпуклость:низкая,плотность:средняя,заполнение_bbox:среднее,вариация_радиуса:высокая,граница:сильно_изрезанная,форма:умеренно_вытянутая,отношение_периметр_площадь:высокое,красный:норма,зеленый:понижен,синий:норма,контраст:выраженный,центр:оттенок_как_периферия,насыщенность_центра:выше,яркость_центра:темнее,ободок:слегка_темнее,яркость_асимметрия:сильная_лево_право,яркость_асимметрия:слабая,насыщенность_асимметрия:сильная_право_лево,насыщенность_асимметрия:слабая,разнообразие_оттенка:низкое,разнообразие_насыщенности:среднее,разнообразие_яркости:среднее,вариабельность_оттенка:низкая,вариабельность_насыщенности:высокая,вариабельность_яркости:средняя,насыщенность:средняя,яркость:средняя,энергия_текстуры:низкая,энтропия_текстуры:высокая,энтропия_lbp:средняя,среднее_lbp:среднее,разброс_lbp:средний,медиана_lbp:типичная,темные_пиксели:нет,белые_пиксели:нет,красные_пиксели:преобладают,синие_пиксели:нет,яркие_выбросы:единичные,темные_выбросы:умеренно
/kaggle/input/datasets/mihailodin1/all-image-skin/1268.jpg,success,7.906839842974981,135.9410013145693,149.2517084305673,3.163317123706744,49.7557101635635,25.00226236332963,0.2333328637289973,0.29718061841152327,0.469486514713806,0.38969465714824636,2.452009949561571,1.7641754721484235,47.95399978726035,19.398201701613225,"[[6, 76, 173], [7, 192, 121], [10, 126, 160]]",0.0,6.521894202647481e-05,0.9737351091907755,1.0190459691636689e-05,-0.8837006667203724,75.79751162267591,-40.95976978269982,-3.0146616098698473,11.131381047457182,2.6199185343157296,7.4138678792434405,-28.683865652610024,0.00035666608920728414,0.028353935046009925,490655,2896.0470175743103,4.134447618163551,0.7351481625874231,1.0451693851944792,0.3965622660256711,0.9381566695156205,0.73904844246356,875.139641692299,1.1040205830397076,0.9494567349621583,0.17612847925601935,0.9147225967199443,0.31952532374220816,5.053428869293216,0.21780414943207932,2.078950164731776,4.962668652747686,2.145614466562527,5.0,141.8208111429823,1.0,0.22086582561007514,0.950447293679551,0.41637739645035404,умеренная,умеренно неровные,выраженный,монотонная,неоднородная,лобуляции слабые,с примесью красного или синего,умеренно вытянутая,тёмный ободок по краю,цвет умеренно неоднородный,грубая,овальная,красноватый,средне упорядоченная,размер:средний,периметр:средний,выпуклость:низкая,плотность:средняя,заполнение_bbox:среднее,вариация_радиуса:средняя,граница:сильно_изрезанная,форма:округлая,отношение_периметр_площадь:среднее,красный:норма,зеленый:норма,синий:норма,контраст:умеренный,центр:оттенок_как_периферия,насыщенность_центра:выше,яркость_центра:темнее,ободок:слегка_темнее,яркость_асимметрия:слабая,яркость_асимметрия:слабая,насыщенность_асимметрия:слабая,насыщенность_асимметрия:слабая,разнообразие_оттенка:низкое,разнообразие_насыщенности:высокое,разнообразие_яркости:среднее,вариабельность_оттенка:низкая,вариабельность_насыщенности:высокая,вариабельность_яркости:средняя,насыщенность:средняя,яркость:средняя,энергия_текстуры:низкая,энтропия_текстуры:высокая,энтропия_lbp:средняя,среднее_lbp:среднее,разброс_lbp:средний,медиана_lbp:типичная,темные_пиксели:нет,белые_пиксели:нет,красные_пиксели:преобладают,синие_пиксели:нет,яркие_выбросы:нет,темные_выбросы:умеренно
/kaggle/input/datasets/mihailodin1/all-image-skin/1269.jpg,success,9.027982944227443,158.4442737503377,145.22927578657055,2.3272254750738113,41.751266805554835,28.103903709043735,0.20454333445496523,0.29384803742933446,0.5016086246617918,0.41414185186824987,2.247804821006329,1.8958639799583445,49.600399033595934,21.3679809245221,"[[10, 164, 149], [7, 206, 110], [10, 111, 172]]",0.0,0.0,0.9927300439100509,0.0,-2.5036438057976937,61.4538990127939,-42.20068372312767,3.9596655006140793,-5.966149379693462,5.264495302820933,-2.076887594007218,-33.91701164401917,0.0,0.0340837153790014,248007,1919.4986853599548,3.8543917184366547,0.8458593707821401,0.9487179487179487,0.49083964882683695,0.9842211577765166,0.7638623238623239,401.3660847058954,1.0516803769233827,0.9188982573931831,0.1561506775208748,0.9223940567513961,0.31629718610621854,5.038543024225831,0.2251616361805127,2.0744863105542697,5.040863900711524,2.1247185178985144,5.0,123.42542431885495,1.0,0.24541982441341847,0.8796613506155085,0.3321681335704506,умеренная,умеренно неровные,выраженный,монотонная,неоднородная,лобуляции слабые,с примесью красного или синего,умеренно вытянутая,тёмный ободок по краю,цвет умеренно неоднородный,грубая,овальная,красноватый,средне упорядоченная,размер:маленький,периметр:средний,выпуклость:средняя,плотность:высокая,заполнение_bbox:среднее,вариация_радиуса:низкая,граница:сильно_изрезанная,форма:округлая,отношение_периметр_площадь:среднее,красный:норма,зеленый:норма,синий:норма,контраст:умеренный,центр:оттенок_как_периферия,насыщенность_центра:выше,яркость_центра:темнее,ободок:слегка_темнее,яркость_асимметрия:слабая,яркость_асимметрия:слабая,насыщенность_асимметрия:слабая,насыщенность_асимметрия:слабая,разнообразие_оттенка:среднее,разнообразие_насыщенности:среднее,разнообразие_яркости:среднее,вариабельность_оттенка:низкая,вариабельность_насыщенности:средняя,вариабельность_яркости:средняя,насыщенность:средняя,яркость:средняя,энергия_текстуры:низкая,энтропия_текстуры:высокая,энтропия_lbp:средняя,среднее_lbp:среднее,разброс_lbp:средний,медиана_lbp:типичная,темные_пиксели:нет,белые_пиксели:нет,красные_пиксели:преобладают,синие_пиксели:нет,яркие_выбросы:нет,темные_выбросы:умеренно
/kaggle/input/datasets/mihailodin1/all-image-skin/127.jpg,success,9.049931735113145,150.47754501804653,129.49833290755333,2.9742964512404537,52.34316955036817,39.552142462369126,0.22265146581740727,0.3016238788031042,0.4757246517058645,0.5256606832769182,2.3319140625615407,2.208709789951893,75.07193245223962,31.85715231002109,"[[11, 151, 141], [8, 77, 179], [8, 197, 91]]",0.0001277339988602197,0.0,0.9525812093461984,6.550461480011267e-06,-1.287907556534094,67.60522035142114,-59.353867073405354,-5.2597675395110315,5.692923171765074,6.940987864338354,6.878640336572346,-63.96909256795989,0.0004880093802608394,0.0002161652288403718,305322,2097.22869515419,3.79548030343679,0.8723211051114134,0.9542682926829268,0.31427212697392765,0.9879404236868587,0.7434982077456558,179.45329022089314,1.049616752266025,1.0063966010186183,0.1583058404276522,0.9219641619877192,0.29952120390941267,5.191765012434827,0.22606911881589753,2.0612567608868853,5.013920723442287,2.101457879501593,5.0,153.0193138935474,1.0,0.15713606348696382,1.1495115059879508,0.15083862925466626,умеренная,умеренно неровные,выраженный,монотонная,неоднородная,лобуляции отсутствуют,с примесью красного или синего,округлая,тёмный ободок по краю,цвет умеренно неоднородный,грубая,округлая,красноватый,средне упорядоченная,размер:маленький,периметр:средний,выпуклость:высокая,плотность:высокая,заполнение_bbox:среднее,вариация_радиуса:низкая,граница:сильно_изрезанная,форма:округлая,отношение_периметр_площадь:среднее,красный:норма,зеленый:норма,синий:норма,контраст:выраженный,центр:оттенок_как_периферия,насыщенность_центра:выше,яркость_центра:значительно_темнее,ободок:темнее_центра,яркость_асимметрия:слабая,яркость_асимметрия:слабая,насыщенность_асимметрия:слабая,насыщенность_асимметрия:слабая,разнообразие_оттенка:среднее,разнообразие_насыщенности:высокое,разнообразие_яркости:высокое,вариабельность_оттенка:низкая,вариабельность_насыщенности:высокая,вариабельность_яркости:высокая,насыщенность:средняя,яркость:средняя,энергия_текстуры:низкая,энтропия_текстуры:высокая,энтропия_lbp:средняя,среднее_lbp:среднее,разброс_lbp:средний,медиана_lbp:типичная,темные_пиксели:нет,белые_пиксели:нет,красные_пиксели:много,синие_пиксели:нет,яркие_выбросы:нет,темные_выбросы:нет
/kaggle/input/datasets/mihailodin1/all-image-skin/1270.jpg,success,8.823533197158616,129.7004041596152,150.66574997773225,2.8988133645580545,50.63520292796669,28.735512628554932,0.2395175747248823,0.3050014460809776,0.455480976171018,0.46991326739308054,2.437908154356224,1.8522705153361247,45.6448110037562,18.152695019787366,"[[10, 140, 154], [8, 77, 175], [8, 195, 109]]",0.0,0.0,0.9622506012291796,0.0,-0.3617782581257529,81.50661110582506,-46.87722480187597,7.96831587952903,-12.127232825768715,1.0256472081578067,-2.527247690311384,-29.47602530015726,0.0,0.059482720228021736,179632,1680.4692478179932,3.9649591453962514,0.7993416277251736,1.075050709939148,0.4397009211506098,0.9667353737359603,0.6874813425695587,368.13413431585275,1.0716276665653386,1.0277186914416083,0.18504214746061406,0.9087344304936837,0.3109836991300205,5.134435349215185,0.23517996658848148,2.0399221301646375,4.914845626409724,2.059915228634837,5.0,152.3940577695937,1.0,0.25737581554487887,1.0078125845654213,0.30789094338779954,умеренная,умеренно неровные,выраженный,монотонная,неоднородная,лобуляции слабые,с примесью красного или синего,умеренно вытянутая,тёмный ободок по краю,цвет умеренно неоднородный,грубая,овальная,красноватый,средне упорядоченная,размер:маленький,периметр:средний,выпуклость:средняя,плотность:средняя,заполнение_bbox:низкое,вариация_радиуса:низкая,граница:сильно_изрезанная,форма:округлая,отношение_периметр_площадь:среднее,красный:норма,зеленый:норма,синий:норма,контраст:умеренный,центр:оттенок_как_периферия,насыщенность_центра:выше,яркость_центра:темнее,ободок:слегка_темнее,яркость_асимметрия:слабая,яркость_асимметрия:слабая,насыщенность_асимметрия:слабая,насыщенность_асимметрия:слабая,разнообразие_оттенка:среднее,разнообразие_насыщенности:высокое,разнообразие_яркости:среднее,вариабельность_оттенка:низкая,вариабельность_насыщенности:высокая,вариабельность_яркости:средняя,насыщенность:средняя,яркость:средняя,энергия_текстуры:низкая,энтропия_текстуры:высокая,энтропия_lbp:средняя,среднее_lbp:среднее,разброс_lbp:средний,медиана_lbp:типичная,темные_пиксели:нет,белые_пиксели:нет,красные_пиксели:много,синие_пиксели:нет,яркие_выбросы:нет,темные_выбросы:много
/kaggle/input/datasets/mihailodin1/all-image-skin/1271.jpg,success,5.075049040424333,136.35650171225734,157.93733925865513,2.894402049099175,46.45091640846766,34.279512355927864,0.24007277757367254,0.2826237761790519,0.4773034432251352,0.20628151049932503,2.3175613860622066,2.070577782709393,53.41498839278984,21.412749499672625,"[[6, 186, 123], [2, 80, 193], [7, 119, 174]]",0.0007576565012488589,0.00025255216708295296,0.9970597366969883,9.267969434236806e-06,0.9221449910152444,76.7738686284701,-54.21735983667561,1.823765583614943,-0.4268105105180098,3.1141044207842583,-10.899555672284293,-43.816091307725685,0.00011121563321084167,0.03591338155766762,431594,2594.1058926582336,3.9486623695430194,0.8059532707369718,0.8368544600938967,0.7515959020138551,0.9818862670512972,0.7104708663387524,3406.5652656226825,1.046317189561705,0.9100459286235113,0.15523160664478453,0.9251037202247447,0.2999124721164395,5.188802579404384,0.21666926827904506,2.1092491989172135,5.0813124241358185,2.2218642860983358,5.0,148.17760964336247,1.0,0.37579795100692753,0.9553547335720924,0.419754520847215,умеренная,умеренно неровные,выраженный,монотонная,неоднородная,лобуляции слабые,с примесью красного или синего,умеренно вытянутая,тёмный ободок по краю,цвет умеренно неоднородный,грубая,овальная,красноватый,средне упорядоченная,размер:средний,периметр:средний,выпуклость:высокая,плотность:высокая,заполнение_bbox:среднее,вариация_радиуса:высокая,граница:сильно_изрезанная,форма:умеренно_вытянутая,отношение_периметр_площадь:среднее,красный:норма,зеленый:норма,синий:норма,контраст:выраженный,центр:оттенок_как_периферия,насыщенность_центра:выше,яркость_центра:значительно_темнее,ободок:слегка_темнее,яркость_асимметрия:слабая,яркость_асимметрия:слабая,насыщенность_асимметрия:слабая,насыщенность_асимметрия:слабая,разнообразие_оттенка:низкое,разнообразие_насыщенности:высокое,разнообразие_яркости:среднее,вариабельность_оттенка:низкая,вариабельность_насыщенности:высокая,вариабельность_яркости:средняя,насыщенность:средняя,яркость:средняя,энергия_текстуры:низкая,энтропия_текстуры:высокая,энтропия_lbp:высокая,среднее_lbp:среднее,разброс_lbp:средний,медиана_lbp:типичная,темные_пиксели:нет,белые_пиксели:единичные,красные_пиксели:преобладают,синие_пиксели:нет,яркие_выбросы:нет,темные_выбросы:умеренно
/kaggle/input/datasets/mihailodin1/all-image-skin/1272.jpg,success,2.3511889364416483,159.80912537751178,132.21151627784866,4.4512683107852835,46.47451210694593,32.74560960616567,0.22243689462917166,0.2525289717680261,0.5250341296314379,0.499441820630954,2.170531084289582,2.010269689174936,75.13768025729804,33.72889068263458,"[[173, 74, 183], [4, 189, 113], [3, 117, 164]]",0.0,0.00028501632325346585,0.9806971121642629,2.2477628016834844e-05,2.2077562530649857,48.4532220036765,-39.96017718699156,-3.267183176972054,-5.1409831416476095,7.310825646051882,11.84331295198163,-59.99919647001916,0.023945866678894496,0.0018072012925535214,1112217,4225.670593380928,4.006829612157182,0.782723034208514,1.0890008396305626,0.49319839633166623,0.9733356320108937,0.7200087782501374,3043.2884833918056,1.079772894901839,0.9707555119180012,0.15633818327669016,0.9259879700103236,0.37764827752743374,4.933990595063402,0.22545521859070736,2.083819910082297,5.12750996672491,2.1750634673139295,5.0,118.18346036038622,2.0,0.2910996179811144,1.065437282648364,0.4140803524412369,умеренная,умеренно неровные,выраженный,умеренно разнообразная,неоднородная,лобуляции слабые,с примесью красного или синего,умеренно вытянутая,тёмный ободок по краю,цвет умеренно неоднородный,грубая,овальная,красноватый,средне упорядоченная,размер:крупный,периметр:большой,выпуклость:средняя,плотность:высокая,заполнение_bbox:среднее,вариация_радиуса:высокая,граница:сильно_изрезанная,форма:округлая,отношение_периметр_площадь:среднее,красный:повышен,зеленый:понижен,синий:норма,контраст:выраженный,центр:оттенок_как_периферия,насыщенность_центра:умеренно_выше,яркость_центра:темнее,ободок:темнее_центра,яркость_асимметрия:слабая,яркость_асимметрия:слабая,насыщенность_асимметрия:слабая,насыщенность_асимметрия:слабая,разнообразие_оттенка:среднее,разнообразие_насыщенности:среднее,разнообразие_яркости:среднее,вариабельность_оттенка:низкая,вариабельность_насыщенности:высокая,вариабельность_яркости:средняя,насыщенность:средняя,яркость:средняя,энергия_текстуры:низкая,энтропия_текстуры:высокая,энтропия_lbp:средняя,среднее_lbp:высокое,разброс_lbp:средний,медиана_lbp:типичная,темные_пиксели:нет,белые_пиксели:единичные,красные_пиксели:преобладают,синие_пиксели:нет,яркие_выбросы:много,темные_выбросы:нет
/kaggle/input/datasets/mihailodin1/all-image-skin/1273.jpg,success,7.382400054872218,112.46640073642222,199.35231062530497,2.5438685213344843,20.844103214933426,7.241614854415765,0.25118335546325093,0.30093981981984164,0.4478768224702476,0.15211705716149287,1.7016442617864107,0.7432219323687221,18.82649108280811,6.020622989625117,"[[8, 106, 201], [9, 135, 195], [4, 92, 203]]",0.0,0.0,0.9997887313316466,0.0,1.709416361066829,28.346038194487107,-5.638774910470943,0.19219324591406917,8.104041941990147,-2.477905421272453,-2.9605955960673924,-4.19555641665076,0.014788806784742379,0.025739566094396853,198799,1800.5352631807327,4.038262384506323,0.7705854362173771,1.465478841870824,0.7563025627561277,0.9801648736330378,0.6728867256517354,1716.8759876614736,1.060557124995752,0.9667362822698694,0.14768234482585238,0.9268215793753796,0.5252335371517276,4.108544085442449,0.19044885310031245,2.1660767480305174,5.157695531790586,2.3588791560891433,5.0,49.42896567126894,1.0,0.6108907023134759,0.40368206236168125,0.4222025413392487,слабая,умеренно неровные,умеренный,монотонная,неоднородная,лобуляции слабые,с примесью красного или синего,вытянутая,без выраженного ободка,цвет однородный,грубая,овальная,красноватый,хаотичная,размер:маленький,периметр:средний,выпуклость:средняя,плотность:высокая,заполнение_bbox:низкое,вариация_радиуса:средняя,граница:сильно_изрезанная,форма:умеренно_вытянутая,отношение_периметр_площадь:среднее,красный:понижен,зеленый:норма,синий:повышен,контраст:очень_слабый,центр:оттенок_как_периферия,насыщенность_центра:умеренно_выше,яркость_центра:равная,ободок:одинаковый,яркость_асимметрия:слабая,яркость_асимметрия:слабая,насыщенность_асимметрия:слабая,насыщенность_асимметрия:слабая,разнообразие_оттенка:низкое,разнообразие_насыщенности:низкое,разнообразие_яркости:низкое,вариабельность_оттенка:низкая,вариабельность_насыщенности:низкая,вариабельность_яркости:низкая,насыщенность:средняя,яркость:высокая,энергия_текстуры:низкая,энтропия_текстуры:высокая,энтропия_lbp:высокая,среднее_lbp:высокое,разброс_lbp:высокий,медиана_lbp:типичная,темные_пиксели:нет,белые_пиксели:нет,красные_пиксели:преобладают,синие_пиксели:нет,яркие_выбросы:много,темные_выбросы:умеренно
/kaggle/input/datasets/mihailodin1/all-image-skin/1274.jpg,success,6.259745389149565,142.24374453193352,169.70576754828724,2.805987305400922,43.58292159765264,23.968912016076896,0.22709466671023423,0.2847731216476151,0.48813220876580643,0.1557441011285271,2.264534157853796,1.7737480914187087,46.062231531884876,17.521137681350847,"[[3, 88, 195], [8, 187, 146], [7, 135, 178]]",0.0,0.0,0.9997577225923683,0.0,1.9496247420603368,70.90350882686431,-39.19178217790247,-2.4811597899822857,3.5843306392148975,-2.826460521938742,6.888499207256473,-32.03152259791844,0.00017497812773403323,0.0333871727572515,148590,1463.3666546344757,3.7962811045486777,0.8719531228604996,1.1779448621553885,0.5409472335312108,0.9878340646190666,0.7923532234842425,337.5769022667515,1.0372262579054419,0.9223245436430388,0.1827801697047844,0.9109812169328603,0.32526286756744327,5.023639617881379,0.22491281397147625,2.065598183141029,4.9496967147490265,2.113495415962124,5.0,127.82536590521951,1.0,0.35944604784329964,0.8079872715994578,0.2811147272829195,умеренная,умеренно неровные,выраженный,монотонная,неоднородная,лобуляции слабые,с примесью красного или синего,умеренно вытянутая,тёмный ободок по краю,цвет однородный,грубая,округлая,красноватый,средне упорядоченная,размер:маленький,периметр:средний,выпуклость:высокая,плотность:высокая,заполнение_bbox:среднее,вариация_радиуса:низкая,граница:сильно_изрезанная,форма:умеренно_вытянутая,отношение_периметр_площадь:среднее,красный:норма,зеленый:норма,синий:норма,контраст:умеренный,центр:оттенок_как_периферия,насыщенность_центра:выше,яркость_центра:темнее,ободок:слегка_темнее,яркость_асимметрия:слабая,яркость_асимметрия:слабая,насыщенность_асимметрия:слабая,насыщенность_асимметрия:слабая,разнообразие_оттенка:низкое,разнообразие_насыщенности:среднее,разнообразие_яркости:среднее,вариабельность_оттенка:низкая,вариабельность_насыщенности:средняя,вариабельность_яркости:средняя,насыщенность:средняя,яркость:средняя,энергия_текстуры:низкая,энтропия_текстуры:высокая,энтропия_lbp:средняя,среднее_lbp:среднее,разброс_lbp:средний,медиана_lbp:типичная,темные_пиксели:нет,белые_пиксели:нет,красные_пиксели:преобладают,синие_пиксели:нет,яркие_выбросы:нет,темные_выбросы:умеренно
/kaggle/input/datasets/mihailodin1/all-image-skin/1275.jpg,success,8.753887836204093,110.7869139746184,183.30759737816382,4.4717358892561325,51.81472213135334,22.74926728356087,0.255272670944906,0.31213000730461027,0.4325973193905272,0.7381606334154748,2.418954070202673,1.673570757443923,47.48535589455633,15.467681463657815,"[[10, 83, 197], [1, 47, 205], [10, 163, 161]]",0.0,0.01690352832209326,0.8277361007686054,0.0,2.7523545749574367,87.81776415035885,-38.50311229886785,-1.9874581987121758,5.60937816704832,0.7418909410628771,14.960650839282707,-26.695896931567432,0.00022102994692649964,0.021426748307410554,380039,2423.128189921379,3.9306312872379694,0.813364569674596,0.6594036697247706,0.7544796989568918,0.9834563390195429,0.7579557239728759,2883.117260472012,1.0513374888950384,1.0098201652600278,0.1473421628309577,0.9269499768885336,0.32695584709488296,5.010428152351746,0.1923223541744982,2.160834838224147,5.138577245027082,2.350628849090685,5.0,152.37260917029022,1.0,0.3772398494784459,1.0792379154782152,0.41689609987433623,умеренная,умеренно неровные,выраженный,монотонная,неоднородная,лобуляции слабые,с примесью красного или синего,умеренно вытянутая,тёмный ободок по краю,цвет умеренно неоднородный,грубая,овальная,красноватый,хаотичная,размер:маленький,периметр:средний,выпуклость:средняя,плотность:высокая,заполнение_bbox:среднее,вариация_радиуса:средняя,граница:сильно_изрезанная,форма:умеренно_вытянутая,отношение_периметр_площадь:среднее,красный:понижен,зеленый:повышен,синий:повышен,контраст:умеренный,центр:оттенок_как_периферия,насыщенность_центра:выше,яркость_центра:темнее,ободок:слегка_темнее,яркость_асимметрия:слабая,яркость_асимметрия:слабая,насыщенность_асимметрия:слабая,насыщенность_асимметрия:слабая,разнообразие_оттенка:высокое,разнообразие_насыщенности:высокое,разнообразие_яркости:среднее,вариабельность_оттенка:низкая,вариабельность_насыщенности:высокая,вариабельность_яркости:средняя,насыщенность:средняя,яркость:высокая,энергия_текстуры:низкая,энтропия_текстуры:высокая,энтропия_lbp:высокая,среднее_lbp:высокое,разброс_lbp:высокий,медиана_lbp:типичная,темные_пиксели:нет,белые_пиксели:присутствуют,красные_пиксели:умеренно,синие_пиксели:нет,яркие_выбросы:нет,темные_выбросы:умеренно
/kaggle/input/datasets/mihailodin1/all-image-skin/1276.jpg,success,6.583313448618985,130.92724908045275,199.8122457274076,2.9644710934997454,35.099808207984125,18.072577336691534,0.23632035586558128,0.29007989708238824,0.47359974468180666,0.21968342956341763,2.1501964221253376,1.5092813219300902,34.35338090040672,11.532037588338014,"[[7, 170, 181], [8, 116, 209], [3, 96, 213]]",0.0,0.0,0.9996464061452174,0.0,0.9289830290794896,45.384824204045785,-20.445938403834845,6.470789916939424,-10.00085096073063,8.879630233578524,-22.878106468767854,-15.049309856999798,0.0009794956207197871,0.052311569021926886,246045,2063.221554875374,4.159475727584444,0.7263278139899101,0.7558823529411764,0.6875599171803304,0.930694829536213,0.7039511329823759,1525.5319211347937,1.0938955584824246,0.9732670458853154,0.1604999308052761,0.9201352610485946,0.351976278329763,4.890263144516075,0.20145314766701364,2.1335521275481484,5.037640048848055,2.2630555697740897,5.0,114.98912321697655,1.0,0.3437799585901652,0.6854604159542691,0.42129201202410593,умеренная,умеренно неровные,умеренный,монотонная,неоднородная,лобуляции слабые,с примесью красного или синего,умеренно вытянутая,без выраженного ободка,цвет однородный,грубая,овальная,красноватый,хаотичная,размер:маленький,периметр:средний,выпуклость:низкая,плотность:средняя,заполнение_bbox:среднее,вариация_радиуса:средняя,граница:сильно_изрезанная,форма:умеренно_вытянутая,отношение_периметр_площадь:среднее,красный:норма,зеленый:норма,синий:норма,контраст:умеренный,центр:оттенок_как_периферия,насыщенность_центра:умеренно_выше,яркость_центра:темнее,ободок:слегка_темнее,яркость_асимметрия:слабая,яркость_асимметрия:слабая,насыщенность_асимметрия:слабая,насыщенность_асимметрия:сильная_верх_низ,разнообразие_оттенка:низкое,разнообразие_насыщенности:среднее,разнообразие_яркости:низкое,вариабельность_оттенка:низкая,вариабельность_насыщенности:средняя,вариабельность_яркости:низкая,насыщенность:средняя,яркость:высокая,энергия_текстуры:низкая,энтропия_текстуры:высокая,энтропия_lbp:высокая,среднее_lbp:среднее,разброс_lbp:высокий,медиана_lbp:типичная,темные_пиксели:нет,белые_пиксели:нет,красные_пиксели:преобладают,синие_пиксели:нет,яркие_выбросы:нет,темные_выбросы:много
/kaggle/input/datasets/mihailodin1/all-image-skin/1277.jpg,success,8.36225546709627,94.07378720987272,184.3464057349891,4.381957652174938,40.29540650547033,13.388146849570616,0.2681199463684845,0.3145162552803251,0.41736379608717117,0.7234729073081825,2.2223074283612934,1.2471075901634665,29.151775454863056,9.363252553440402,"[[9, 75, 191], [1, 49, 196], [11, 140, 171]]",0.0,0.0009380459384332051,0.8317369340527887,0.0,3.6688854720907784,68.90320824471475,-21.109849705131268,-1.1265172944175106,6.158130926939194,2.7227043887185687,6.018530440276166,-14.80125597130504,0.0003786607457895507,0.04089536054527147,116199,1280.0458060503006,3.7551242860929235,0.8911713838394227,1.187683284457478,0.5818526913535105,0.9938333903523777,0.8413815575105897,305.7800655788467,1.0178197413949153,0.9456112787983623,0.15002131379401432,0.9253698018740625,0.4077205093707091,4.651108360749156,0.1957068080976151,2.15524855811896,5.100526899611758,2.3198468198523883,5.0,109.70782647228823,1.0,0.38476798790549427,0.863769015449953,0.25841245150157205,умеренная,ровные,умеренный,монотонная,неоднородная,лобуляции слабые,с примесью красного или синего,умеренно вытянутая,без выраженного ободка,цвет умеренно неоднородный,грубая,округлая,красноватый,хаотичная,размер:маленький,периметр:средний,выпуклость:высокая,плотность:высокая,заполнение_bbox:высокое,вариация_радиуса:низкая,граница:сильно_изрезанная,форма:умеренно_вытянутая,отношение_периметр_площадь:среднее,красный:понижен,зеленый:повышен,синий:повышен,контраст:умеренный,центр:оттенок_как_периферия,насыщенность_центра:выше,яркость_центра:темнее,ободок:слегка_темнее,яркость_асимметрия:слабая,яркость_асимметрия:слабая,насыщенность_асимметрия:слабая,насыщенность_асимметрия:слабая,разнообразие_оттенка:высокое,разнообразие_насыщенности:среднее,разнообразие_яркости:низкое,вариабельность_оттенка:низкая,вариабельность_насыщенности:средняя,вариабельность_яркости:низкая,насыщенность:средняя,яркость:высокая,энергия_текстуры:низкая,энтропия_текстуры:высокая,энтропия_lbp:высокая,среднее_lbp:высокое,разброс_lbp:высокий,медиана_lbp:типичная,темные_пиксели:нет,белые_пиксели:единичные,красные_пиксели:умеренно,синие_пиксели:нет,яркие_выбросы:нет,темные_выбросы:много
/kaggle/input/datasets/mihailodin1/all-image-skin/1278.jpg,success,8.373022651827984,129.5123233538777,176.3753923210772,3.0187407351220807,36.19784256652781,16.674789492400084,0.2341079181135296,0.30140739160106844,0.46448468765190143,0.3774649546909461,2.0859436435150696,1.4696294040311535,41.68055726439143,14.657954155622354,"[[2, 71, 196], [9, 156, 166], [9, 101, 189]]",0.0,0.0,0.9923454702161222,0.0,1.1931706304231113,46.68819794081999,-19.167625600373952,3.1970711954481033,-7.765588585575216,6.8563500406845606,0.9016661600849147,-18.22352093332117,0.015196851674174297,0.02230009919828273,614930,3007.5688766241074,3.835330034365466,0.8542881479953212,0.8187311178247734,0.6077558448470729,0.984414070879478,0.7617033874266235,1514.6468868816828,1.0500199995149984,0.9427814318536709,0.1635449700433171,0.9208947818728664,0.3840701884441684,4.751584988325071,0.20277767337580951,2.132761867081574,5.072868579347039,2.2795005954374545,5.0,85.76967015340985,1.0,0.30387792242353645,0.7237172504327515,0.4101437527229104,умеренная,умеренно неровные,умеренный,монотонная,неоднородная,лобуляции слабые,с примесью красного или синего,умеренно вытянутая,без выраженного ободка,цвет однородный,грубая,округлая,красноватый,хаотичная,размер:средний,периметр:большой,выпуклость:средняя,плотность:высокая,заполнение_bbox:среднее,вариация_радиуса:средняя,граница:сильно_изрезанная,форма:умеренно_вытянутая,отношение_периметр_площадь:среднее,красный:норма,зеленый:норма,синий:норма,контраст:умеренный,центр:оттенок_как_периферия,насыщенность_центра:умеренно_выше,яркость_центра:равная,ободок:слегка_темнее,яркость_асимметрия:слабая,яркость_асимметрия:слабая,насыщенность_асимметрия:слабая,насыщенность_асимметрия:слабая,разнообразие_оттенка:низкое,разнообразие_насыщенности:среднее,разнообразие_яркости:низкое,вариабельность_оттенка:низкая,вариабельность_насыщенности:средняя,вариабельность_яркости:низкая,насыщенность:средняя,яркость:высокая,энергия_текстуры:низкая,энтропия_текстуры:высокая,энтропия_lbp:высокая,среднее_lbp:среднее,разброс_lbp:высокий,медиана_lbp:типичная,темные_пиксели:нет,белые_пиксели:нет,красные_пиксели:преобладают,синие_пиксели:нет,яркие_выбросы:много,темные_выбросы:умеренно
/kaggle/input/datasets/mihailodin1/all-image-skin/1279.jpg,success,8.065387142176057,156.7209359525898,147.01731011086824,2.1863084628499685,44.64080085512268,28.41961327641286,0.20910630482304576,0.2892568363131855,0.5016368554516742,0.1816389733211381,2.2236266239424944,1.915093765484708,56.487766861669954,23.660471783201757,"[[7, 92, 183], [8, 194, 123], [9, 145, 161]]",0.0,0.0,0.9983316394484897,0.0,0.4283255658961309,52.07983748065243,-30.173404041764144,8.7739719535507,-11.221342176897508,11.08990247939704,-12.475531352399543,-34.443167008185895,0.0005777771590070586,0.010121542038509197,430962,2640.213538169861,4.0217916180027204,0.7769100415449723,0.8374851720047449,0.5718691549542302,0.9563501926183671,0.7241135967255754,1065.545005658081,1.0878029246595398,0.9463609657599616,0.14253280350665928,0.9293041720691226,0.33599609101332706,4.972694629543752,0.21926255844875087,2.0987610880912677,5.082955748366006,2.189670709389925,5.0,126.2423150505575,1.0,0.2859345774771151,0.8488908334073055,0.4127934939523421,умеренная,умеренно неровные,выраженный,монотонная,неоднородная,лобуляции слабые,с примесью красного или синего,умеренно вытянутая,тёмный ободок по краю,цвет однородный,грубая,овальная,красноватый,средне упорядоченная,размер:средний,периметр:средний,выпуклость:низкая,плотность:средняя,заполнение_bbox:среднее,вариация_радиуса:средняя,граница:сильно_изрезанная,форма:умеренно_вытянутая,отношение_периметр_площадь:среднее,красный:норма,зеленый:норма,синий:норма,контраст:выраженный,центр:оттенок_как_периферия,насыщенность_центра:умеренно_выше,яркость_центра:темнее,ободок:слегка_темнее,яркость_асимметрия:слабая,яркость_асимметрия:слабая,насыщенность_асимметрия:слабая,насыщенность_асимметрия:слабая,разнообразие_оттенка:низкое,разнообразие_насыщенности:среднее,разнообразие_яркости:среднее,вариабельность_оттенка:низкая,вариабельность_насыщенности:средняя,вариабельность_яркости:средняя,насыщенность:средняя,яркость:средняя,энергия_текстуры:низкая,энтропия_текстуры:высокая,энтропия_lbp:средняя,среднее_lbp:среднее,разброс_lbp:средний,медиана_lbp:типичная,темные_пиксели:нет,белые_пиксели:нет,красные_пиксели:преобладают,синие_пиксели:нет,яркие_выбросы:нет,темные_выбросы:умеренно
/kaggle/input/datasets/mihailodin1/all-image-skin/128.jpg,success,5.714204993756795,146.12030060618588,123.96464615474049,5.101329271727196,59.26497447513087,42.26906142976295,0.2386103000306903,0.2906429741065608,0.47074672206530777,0.5213479679296957,2.2810174392559706,2.218265588243883,86.71955482430548,36.693414224111535,"[[7, 187, 96], [175, 46, 185], [7, 89, 167]]",0.004967042478224783,0.00019700233496210126,0.8870143165795228,0.0,1.0030635568950572,72.57866849242751,-62.39176422596495,3.3292263055659532,0.41407140070478476,3.471225603317592,-3.9038499549568257,-70.58601238702104,2.260682532351982e-05,3.2295464747885455e-05,309641,2107.4469505548477,3.787280053183616,0.8761027084796016,1.051779935275081,0.3795081959238502,0.9877914173057537,0.7708264874284292,261.1381138533896,1.0419614053592945,0.9972877651602726,0.154866220196445,0.9230795902724668,0.3116949454729345,5.1957883822949205,0.22817389382544315,2.061129894679659,5.051510975617683,2.09844012873534,5.0,147.09186953983266,2.0,0.21564406559946558,1.3157216600889354,0.21786807346369455,умеренная,умеренно неровные,выраженный,умеренно разнообразная,неоднородная,лобуляции слабые,с примесью красного или синего,умеренно вытянутая,тёмный ободок по краю,цвет неоднородный,грубая,округлая,красноватый,средне упорядоченная,размер:маленький,периметр:средний,выпуклость:высокая,плотность:высокая,заполнение_bbox:среднее,вариация_радиуса:низкая,граница:сильно_изрезанная,форма:округлая,отношение_периметр_площадь:среднее,красный:норма,зеленый:норма,синий:норма,контраст:сильный,центр:оттенок_как_периферия,насыщенность_центра:выше,яркость_центра:значительно_темнее,ободок:темнее_центра,яркость_асимметрия:слабая,яркость_асимметрия:слабая,насыщенность_асимметрия:слабая,насыщенность_асимметрия:слабая,разнообразие_оттенка:среднее,разнообразие_насыщенности:среднее,разнообразие_яркости:высокое,вариабельность_оттенка:средняя,вариабельность_насыщенности:высокая,вариабельность_яркости:высокая,насыщенность:средняя,яркость:средняя,энергия_текстуры:низкая,энтропия_текстуры:высокая,энтропия_lbp:средняя,среднее_lbp:среднее,разброс_lbp:средний,медиана_lbp:типичная,темные_пиксели:единичные,белые_пиксели:единичные,красные_пиксели:много,синие_пиксели:нет,яркие_выбросы:нет,темные_выбросы:нет
/kaggle/input/datasets/mihailodin1/all-image-skin/1280.jpg,success,4.144409189574188,168.21864977086736,158.39420790442045,2.457901757227104,34.16404499761171,29.281997258235105,0.20063934056665741,0.25065717528800635,0.5487034806811726,0.22767661463249195,2.027575088069043,1.9791079125109736,48.63397529243832,21.507796286788533,"[[5, 198, 132], [1, 118, 196], [5, 161, 170]]",0.0,0.0,0.9999790027348938,0.0,1.5751704250159833,46.50001639700389,-40.037524257382415,2.0627211084699866,-8.766350744307744,12.77870861751606,-13.998276938290019,-40.36646828238602,0.005270313541661199,0.007288675649996588,381002,2516.826674222946,4.0774597287001875,0.7558410992874837,1.5204081632653061,0.7264604540033075,0.9698458436850894,0.7247903635727222,3039.231529931622,1.059856668255814,0.9318869305508514,0.16198316356742307,0.9199183279033267,0.338004035264595,4.939591971034665,0.23143068548173987,2.0619190010507498,4.995277733735003,2.115172888504465,5.0,125.7187684879861,1.0,0.6234343086343068,0.7733096347908278,0.4253524791757699,умеренная,умеренно неровные,выраженный,монотонная,неоднородная,лобуляции слабые,с примесью красного или синего,вытянутая,тёмный ободок по краю,цвет однородный,грубая,овальная,красноватый,средне упорядоченная,размер:маленький,периметр:средний,выпуклость:средняя,плотность:средняя,заполнение_bbox:среднее,вариация_радиуса:высокая,граница:сильно_изрезанная,форма:умеренно_вытянутая,отношение_периметр_площадь:среднее,красный:повышен,зеленый:понижен,синий:норма,контраст:умеренный,центр:оттенок_как_периферия,насыщенность_центра:умеренно_выше,яркость_центра:темнее,ободок:слегка_темнее,яркость_асимметрия:слабая,яркость_асимметрия:слабая,насыщенность_асимметрия:слабая,насыщенность_асимметрия:слабая,разнообразие_оттенка:низкое,разнообразие_насыщенности:среднее,разнообразие_яркости:среднее,вариабельность_оттенка:низкая,вариабельность_насыщенности:средняя,вариабельность_яркости:средняя,насыщенность:высокая,яркость:средняя,энергия_текстуры:низкая,энтропия_текстуры:высокая,энтропия_lbp:средняя,среднее_lbp:среднее,разброс_lbp:средний,медиана_lbp:типичная,темные_пиксели:нет,белые_пиксели:нет,красные_пиксели:преобладают,синие_пиксели:нет,яркие_выбросы:единичные,темные_выбросы:нет
/kaggle/input/datasets/mihailodin1/all-image-skin/1281.jpg,success,6.380888027059475,149.66230189360144,182.48548974006837,2.395402368107375,31.407485251476704,17.275185304080306,0.21465570534164605,0.27872364739256045,0.5066206444895691,0.0793802226010892,2.0433071150961797,1.497303974976722,35.387016415581066,13.244615600015251,"[[3, 109, 199], [7, 142, 189], [8, 182, 166]]",0.0,0.0,0.9999974939102018,0.0,1.422353627234699,35.46548134708334,-17.655192492522417,4.107257471567777,-2.181157536226891,3.854556286135278,4.799946013900893,-20.6976692943648,0.004460839840813176,0.035313311346572174,399028,2577.0592101812363,4.079648172076252,0.755030405953533,1.478896103896104,0.801952490528743,0.9718712933262214,0.7110567807604031,4504.0609158072475,1.072131395774579,0.9319317346558695,0.16171206095791227,0.9194451417141295,0.3803591844585887,4.729214761750736,0.21250583647766996,2.109443721346785,5.013015660689272,2.211101894815777,5.0,69.4859447746713,1.0,0.6404242972124234,0.5865185068094215,0.42183419417334517,слабая,умеренно неровные,умеренный,монотонная,неоднородная,лобуляции слабые,с примесью красного или синего,вытянутая,тёмный ободок по краю,цвет однородный,грубая,овальная,красноватый,средне упорядоченная,размер:маленький,периметр:средний,выпуклость:средняя,плотность:высокая,заполнение_bbox:среднее,вариация_радиуса:высокая,граница:сильно_изрезанная,форма:сильно_вытянутая,отношение_периметр_площадь:среднее,красный:норма,зеленый:понижен,синий:норма,контраст:умеренный,центр:оттенок_как_периферия,насыщенность_центра:умеренно_выше,яркость_центра:равная,ободок:слегка_темнее,яркость_асимметрия:слабая,яркость_асимметрия:слабая,насыщенность_асимметрия:слабая,насыщенность_асимметрия:слабая,разнообразие_оттенка:низкое,разнообразие_насыщенности:среднее,разнообразие_яркости:низкое,вариабельность_оттенка:низкая,вариабельность_насыщенности:средняя,вариабельность_яркости:низкая,насыщенность:средняя,яркость:высокая,энергия_текстуры:низкая,энтропия_текстуры:высокая,энтропия_lbp:высокая,среднее_lbp:среднее,разброс_lbp:средний,медиана_lbp:типичная,темные_пиксели:нет,белые_пиксели:нет,красные_пиксели:преобладают,синие_пиксели:нет,яркие_выбросы:единичные,темные_выбросы:умеренно
/kaggle/input/datasets/mihailodin1/all-image-skin/1282.jpg,success,7.713086033498601,147.7631504379186,185.29055255023184,1.9886099922820046,33.89230993930326,19.621415908784304,0.21531791670137912,0.2879016161071195,0.49678046451041236,0.10225450932659658,2.1040913896502365,1.575872125987391,33.403752897432526,12.419644251498793,"[[8, 188, 161], [7, 111, 204], [8, 152, 187]]",0.0,0.0,0.9994526017516744,0.0,0.12916956642580146,54.31327887646057,-32.88151931520545,-3.334276060269957,6.300788757171034,6.168765931814335,-17.707709942900294,-23.2112329351871,0.00024471921689850595,0.02970118495620814,155280,1509.0062638521194,3.829422470511278,0.8569259632721459,1.0711009174311927,0.4911347676069972,0.9796289169700143,0.7626269571538024,205.36511690773455,1.045193584986336,0.9709204732170339,0.1740345561889308,0.9135612443424561,0.34392267883575034,4.88902595339828,0.21281806429819605,2.104875129121325,4.992880296740917,2.1865257851431785,5.0,120.83550845024745,1.0,0.281117842519095,0.6269878855552583,0.17544070331863268,умеренная,умеренно неровные,умеренный,монотонная,неоднородная,лобуляции отсутствуют,с примесью красного или синего,умеренно вытянутая,тёмный ободок по краю,цвет однородный,грубая,округлая,красноватый,средне упорядоченная,размер:маленький,периметр:средний,выпуклость:высокая,плотность:высокая,заполнение_bbox:среднее,вариация_радиуса:низкая,граница:сильно_изрезанная,форма:округлая,отношение_периметр_площадь:среднее,красный:норма,зеленый:норма,синий:норма,контраст:умеренный,центр:оттенок_как_периферия,насыщенность_центра:умеренно_выше,яркость_центра:темнее,ободок:слегка_темнее,яркость_асимметрия:слабая,яркость_асимметрия:слабая,насыщенность_асимметрия:слабая,насыщенность_асимметрия:слабая,разнообразие_оттенка:низкое,разнообразие_насыщенности:среднее,разнообразие_яркости:низкое,вариабельность_оттенка:низкая,вариабельность_насыщенности:средняя,вариабельность_яркости:низкая,насыщенность:средняя,яркость:высокая,энергия_текстуры:низкая,энтропия_текстуры:высокая,энтропия_lbp:высокая,среднее_lbp:среднее,разброс_lbp:средний,медиана_lbp:типичная,темные_пиксели:нет,белые_пиксели:нет,красные_пиксели:преобладают,синие_пиксели:нет,яркие_выбросы:нет,темные_выбросы:умеренно
/kaggle/input/datasets/mihailodin1/all-image-skin/1283.jpg,success,7.660238500495868,151.726512560951,174.05584152909591,2.6748579295691024,46.50680330095344,36.45222303980285,0.21711107583325356,0.29038086568685784,0.4925080556502906,0.20326303311376018,2.3337124926814448,2.1678013643299154,64.90056837730273,23.43006122267008,"[[9, 162, 177], [6, 95, 212], [7, 203, 127]]",0.0,0.0,0.998397812550689,0.0,0.5282354936200164,65.20172345715245,-51.10191566042985,15.279998023690894,-11.410971578487732,6.68870999783735,-12.230668971916856,-40.33500502488042,0.00021848010672422184,0.0322059539139387,302087,2173.8977419137955,3.955242296048799,0.8032739394737646,0.8092643051771117,0.652742943273764,0.97248530424873,0.6928664483160396,1270.921473582283,1.0666866066079623,1.0120830210433422,0.20627130696522822,0.8990136743078265,0.268325218078494,5.379482573590943,0.2424213110598156,2.0361667433533617,4.844756961586188,2.059487140281766,5.0,162.44222318313516,1.0,0.326371471636882,0.9695679526716399,0.41413719022127127,умеренная,умеренно неровные,выраженный,монотонная,неоднородная,лобуляции слабые,с примесью красного или синего,умеренно вытянутая,тёмный ободок по краю,цвет умеренно неоднородный,грубая,овальная,красноватый,средне упорядоченная,размер:маленький,периметр:средний,выпуклость:средняя,плотность:высокая,заполнение_bbox:низкое,вариация_радиуса:средняя,граница:сильно_изрезанная,форма:умеренно_вытянутая,отношение_периметр_площадь:среднее,красный:норма,зеленый:норма,синий:норма,контраст:выраженный,центр:оттенок_как_периферия,насыщенность_центра:выше,яркость_центра:значительно_темнее,ободок:слегка_темнее,яркость_асимметрия:сильная_право_лево,яркость_асимметрия:слабая,насыщенность_асимметрия:слабая,насыщенность_асимметрия:слабая,разнообразие_оттенка:низкое,разнообразие_насыщенности:высокое,разнообразие_яркости:высокое,вариабельность_оттенка:низкая,вариабельность_насыщенности:высокая,вариабельность_яркости:высокая,насыщенность:средняя,яркость:высокая,энергия_текстуры:низкая,энтропия_текстуры:высокая,энтропия_lbp:средняя,среднее_lbp:низкое,разброс_lbp:средний,медиана_lbp:типичная,темные_пиксели:нет,белые_пиксели:нет,красные_пиксели:преобладают,синие_пиксели:нет,яркие_выбросы:нет,темные_выбросы:умеренно
/kaggle/input/datasets/mihailodin1/all-image-skin/1284.jpg,success,7.761858255458297,148.68395397040956,146.92225001786863,2.401876483292542,43.42953095458739,39.3656054385343,0.2229438597617927,0.29251628457229933,0.48453985236797426,0.19839087275061043,2.2727497339562266,2.183987784593815,62.45476404118272,25.866095094689133,"[[9, 154, 152], [7, 98, 188], [7, 195, 101]]",0.0029304552926881565,0.0,0.9995139732685298,0.0,-0.6750390325528457,65.93905342717892,-65.46731692945907,-1.435904294977803,0.5161153945917931,-0.6689961137199703,-7.967940224524995,-56.570059646119745,0.0,0.014652276463440783,69955,989.3351291418076,3.7405378161740654,0.8981352968016176,0.9664429530201343,0.44252389994844915,0.9919318246270773,0.8150983407904548,61.45648831715155,1.035635997325216,0.9344700246436501,0.22118800414325193,0.8931655640107786,0.27522400361211324,5.315283817943447,0.27438645205142664,1.9504733864580226,4.796983238607604,1.9054928532851243,5.0,142.6703654170054,1.0,0.22126194997422458,0.9576116315619543,0.05651472766921134,умеренная,ровные,выраженный,монотонная,неоднородная,лобуляции отсутствуют,с примесью красного или синего,умеренно вытянутая,тёмный ободок по краю,цвет умеренно неоднородный,грубая,округлая,красноватый,упорядоченная,размер:очень_маленький,периметр:маленький,выпуклость:высокая,плотность:высокая,заполнение_bbox:высокое,вариация_радиуса:низкая,граница:сильно_изрезанная,форма:округлая,отношение_периметр_площадь:среднее,красный:норма,зеленый:норма,синий:норма,контраст:выраженный,центр:оттенок_как_периферия,насыщенность_центра:выше,яркость_центра:значительно_темнее,ободок:темнее_центра,яркость_асимметрия:слабая,яркость_асимметрия:слабая,насыщенность_асимметрия:слабая,насыщенность_асимметрия:слабая,разнообразие_оттенка:низкое,разнообразие_насыщенности:среднее,разнообразие_яркости:высокое,вариабельность_оттенка:низкая,вариабельность_насыщенности:средняя,вариабельность_яркости:высокая,насыщенность:средняя,яркость:средняя,энергия_текстуры:низкая,энтропия_текстуры:высокая,энтропия_lbp:низкая,среднее_lbp:низкое,разброс_lbp:низкий,медиана_lbp:типичная,темные_пиксели:единичные,белые_пиксели:нет,красные_пиксели:преобладают,синие_пиксели:нет,яркие_выбросы:нет,темные_выбросы:умеренно
/kaggle/input/datasets/mihailodin1/all-image-skin/1285.jpg,success,7.634354039899405,131.94528902596755,182.42704208536463,2.9549462822833137,40.61169709265543,28.276918959679517,0.23613561825324259,0.2973052643656631,0.46655911482358364,0.25572549508642284,2.254763580546088,1.8711913309618853,45.986747418907264,16.243856922805847,"[[9, 179, 148], [4, 83, 211], [9, 125, 192]]",0.0,0.0,0.999144363744901,0.0,1.6534135011020794,64.8898318081097,-45.34922277742319,-7.334007961053146,11.450331946847513,0.7602704164798695,-2.0911459374559627,-33.10188525265849,0.0,0.03621530196000398,100510,1218.4549672603607,3.8433049590259283,0.8507465007593494,1.0275482093663912,0.20019579430583093,0.9774955263362639,0.7423245371088413,104.90511392546097,1.0455523574240644,0.9046559751316868,0.1766411659383393,0.9120926138613822,0.31774662868407816,5.080731006500265,0.21707991751747724,2.084717566726594,4.964019514157823,2.1487843147006127,5.0,133.52822434847147,1.0,0.11387200183611108,0.8513157437043991,0.09600625584009409,умеренная,умеренно неровные,выраженный,монотонная,неоднородная,лобуляции отсутствуют,с примесью красного или синего,округлая,тёмный ободок по краю,цвет умеренно неоднородный,грубая,округлая,красноватый,средне упорядоченная,размер:маленький,периметр:средний,выпуклость:высокая,плотность:высокая,заполнение_bbox:среднее,вариация_радиуса:низкая,граница:сильно_изрезанная,форма:округлая,отношение_периметр_площадь:среднее,красный:норма,зеленый:норма,синий:норма,контраст:умеренный,центр:оттенок_как_периферия,насыщенность_центра:выше,яркость_центра:темнее,ободок:слегка_темнее,яркость_асимметрия:слабая,яркость_асимметрия:слабая,насыщенность_асимметрия:слабая,насыщенность_асимметрия:слабая,разнообразие_оттенка:низкое,разнообразие_насыщенности:среднее,разнообразие_яркости:среднее,вариабельность_оттенка:низкая,вариабельность_насыщенности:средняя,вариабельность_яркости:средняя,насыщенность:средняя,яркость:высокая,энергия_текстуры:низкая,энтропия_текстуры:высокая,энтропия_lbp:средняя,среднее_lbp:среднее,разброс_lbp:средний,медиана_lbp:типичная,темные_пиксели:нет,белые_пиксели:нет,красные_пиксели:преобладают,синие_пиксели:нет,яркие_выбросы:нет,темные_выбросы:умеренно
/kaggle/input/datasets/mihailodin1/all-image-skin/1286.jpg,success,8.659564451040081,141.90381507652333,172.3195443455116,2.097065141814937,36.946398061958696,26.83915227616396,0.2228657677351074,0.2975918611619559,0.4795423683200697,0.2491071328038853,2.184101563148384,1.8453586463946159,47.419767858957606,17.722789428191152,"[[9, 141, 179], [8, 98, 200], [9, 182, 141]]",0.0,0.0,0.998685002693368,0.0,0.10625019978306227,55.9560834745502,-42.55661585254347,3.9988287657324406,-6.074268774457465,8.733524259730899,-10.90791898582458,-39.43610512371541,0.0,0.028771507335466903,63118,927.6782749891281,3.6925022751316154,0.9216548671212057,0.9645390070921985,0.2918783537803237,0.9955206460364027,0.8228775552774301,12.792516949719086,1.030134591307656,0.9196079282072231,0.18844957652092834,0.9062949726715251,0.3105128708039432,5.085710120026688,0.22866259400003205,2.050116918429819,4.896788365642086,2.0735843121021444,5.0,128.33349031262213,1.0,0.14593917689016184,0.7700344579760291,0.015631306802349608,умеренная,ровные,выраженный,монотонная,неоднородная,лобуляции отсутствуют,с примесью красного или синего,округлая,тёмный ободок по краю,цвет однородный,грубая,округлая,красноватый,средне упорядоченная,размер:очень_маленький,периметр:маленький,выпуклость:высокая,плотность:высокая,заполнение_bbox:высокое,вариация_радиуса:низкая,граница:сильно_изрезанная,форма:округлая,отношение_периметр_площадь:среднее,красный:норма,зеленый:норма,синий:норма,контраст:умеренный,центр:оттенок_как_периферия,насыщенность_центра:умеренно_выше,яркость_центра:темнее,ободок:слегка_темнее,яркость_асимметрия:слабая,яркость_асимметрия:слабая,насыщенность_асимметрия:слабая,насыщенность_асимметрия:слабая,разнообразие_оттенка:низкое,разнообразие_насыщенности:среднее,разнообразие_яркости:среднее,вариабельность_оттенка:низкая,вариабельность_насыщенности:средняя,вариабельность_яркости:средняя,насыщенность:средняя,яркость:высокая,энергия_текстуры:низкая,энтропия_текстуры:высокая,энтропия_lbp:средняя,среднее_lbp:низкое,разброс_lbp:средний,медиана_lbp:типичная,темные_пиксели:нет,белые_пиксели:нет,красные_пиксели:преобладают,синие_пиксели:нет,яркие_выбросы:нет,темные_выбросы:умеренно
/kaggle/input/datasets/mihailodin1/all-image-skin/1287.jpg,success,5.900206195927531,157.70818353795946,158.54091015292317,2.153216339146919,47.59799938055659,26.35338416341984,0.21149679980099392,0.2731690470579381,0.5153341498905875,0.07625187996958314,2.3371072135571365,1.8591442962282685,47.20123571377854,19.439895576155894,"[[5, 104, 184], [6, 213, 127], [7, 159, 164]]",0.0,0.0,0.9999246312584319,0.0,0.3848704234089695,69.99802233557145,-39.47217200943382,7.364903163165167,-5.834317080277032,-1.1953321172622111,-0.8581518376225858,-26.7004826273739,0.0002524852842532088,0.0306939200036177,265362,2010.4103727340698,3.902701636005469,0.8250478997628867,0.7892376681614349,0.6928481237346404,0.975986700552795,0.7512399782579154,1460.899854146744,1.0485026879109722,1.0081407820524868,0.1639176180888292,0.9187302497309858,0.3165004407297463,5.050126301807687,0.2229887150999097,2.074572793569617,5.0172119390751995,2.131241652322931,5.0,125.10776896674123,1.0,0.3464240618673202,0.8303506834037241,0.41565181632711856,умеренная,умеренно неровные,выраженный,монотонная,неоднородная,лобуляции слабые,с примесью красного или синего,умеренно вытянутая,тёмный ободок по краю,цвет однородный,грубая,овальная,красноватый,средне упорядоченная,размер:маленький,периметр:средний,выпуклость:высокая,плотность:высокая,заполнение_bbox:среднее,вариация_радиуса:средняя,граница:сильно_изрезанная,форма:умеренно_вытянутая,отношение_периметр_площадь:среднее,красный:норма,зеленый:понижен,синий:норма,контраст:умеренный,центр:оттенок_как_периферия,насыщенность_центра:выше,яркость_центра:темнее,ободок:слегка_темнее,яркость_асимметрия:слабая,яркость_асимметрия:слабая,насыщенность_асимметрия:слабая,насыщенность_асимметрия:слабая,разнообразие_оттенка:низкое,разнообразие_насыщенности:высокое,разнообразие_яркости:среднее,вариабельность_оттенка:низкая,вариабельность_насыщенности:высокая,вариабельность_яркости:средняя,насыщенность:средняя,яркость:средняя,энергия_текстуры:низкая,энтропия_текстуры:высокая,энтропия_lbp:средняя,среднее_lbp:среднее,разброс_lbp:средний,медиана_lbp:типичная,темные_пиксели:нет,белые_пиксели:нет,красные_пиксели:преобладают,синие_пиксели:нет,яркие_выбросы:нет,темные_выбросы:умеренно
/kaggle/input/datasets/mihailodin1/all-image-skin/1288.jpg,success,10.227663744264861,134.9351112188111,143.32517505891005,2.2358868935060885,41.741017246023844,24.56110128529811,0.22930093594838472,0.3089059392543632,0.46179312157525615,0.5976091342000901,2.300041924157021,1.7998614318234694,47.3299169632264,19.62384422045669,"[[11, 137, 148], [10, 84, 169], [9, 183, 113]]",0.0,0.0,0.9698597857512911,0.0,-1.0139624936392835,65.18066002495439,-38.28675744349755,-14.748019606637058,8.627123216251562,5.979244485600759,-6.319938822201294,-31.644775610342293,0.00027157110149238765,0.022018149305613584,239348,1907.58194565773,3.89913526856098,0.8265578600078952,1.3157894736842106,0.7145786345654479,0.9833525061626952,0.7454001868576767,1327.9271745306644,1.055096125539485,0.892326086393101,0.11272361796427159,0.9436415705506752,0.34167117075395054,4.8766632098855265,0.20127726932111914,2.1394685466753507,5.287360338135372,2.2959605316232037,5.0,140.15570609278188,1.0,0.5151840541248293,0.8869530319801117,0.413406307480228,умеренная,умеренно неровные,выраженный,монотонная,неоднородная,лобуляции слабые,с примесью красного или синего,вытянутая,тёмный ободок по краю,цвет умеренно неоднородный,средняя,овальная,красноватый,хаотичная,размер:маленький,периметр:средний,выпуклость:средняя,плотность:высокая,заполнение_bbox:среднее,вариация_радиуса:средняя,граница:сильно_изрезанная,форма:умеренно_вытянутая,отношение_периметр_площадь:среднее,красный:норма,зеленый:норма,синий:норма,контраст:умеренный,центр:оттенок_как_периферия,насыщенность_центра:выше,яркость_центра:темнее,ободок:слегка_темнее,яркость_асимметрия:слабая,яркость_асимметрия:слабая,насыщенность_асимметрия:слабая,насыщенность_асимметрия:слабая,разнообразие_оттенка:среднее,разнообразие_насыщенности:высокое,разнообразие_яркости:среднее,вариабельность_оттенка:низкая,вариабельность_насыщенности:средняя,вариабельность_яркости:средняя,насыщенность:средняя,яркость:средняя,энергия_текстуры:низкая,энтропия_текстуры:высокая,энтропия_lbp:высокая,среднее_lbp:высокое,разброс_lbp:высокий,медиана_lbp:типичная,темные_пиксели:нет,белые_пиксели:нет,красные_пиксели:много,синие_пиксели:нет,яркие_выбросы:нет,темные_выбросы:умеренно
/kaggle/input/datasets/mihailodin1/all-image-skin/1289.jpg,success,9.061142180693048,143.43796183963826,167.43044986091198,2.3048826488803686,45.7553677367508,29.184625869537836,0.2221644685535316,0.30108823755464786,0.47674729104438573,0.36265208615267575,2.323824923113775,1.9416614787144892,59.59198077753501,21.6329440753799,"[[9, 189, 137], [8, 81, 200], [10, 141, 178]]",0.0,1.225445142948176e-05,0.9903925100792863,0.0,0.050939404267793975,65.27059804718544,-46.23682326162444,-3.5707405794319698,5.198272529125717,5.004674141785102,5.9111983730726365,-35.71954622854969,0.0001225445142948176,0.02495006311042486,81603,1108.815358042717,3.8815588053008865,0.8340604420018455,0.8152173913043478,0.7106725009797902,0.9786644599553861,0.7391576086956522,452.0317891404035,1.0452644491301566,0.9613284282665661,0.21807951351147414,0.893030303705817,0.2842314558037684,5.255345980158609,0.2492181682799702,2.014836295508003,4.840630429386945,2.0111052319152822,5.0,131.2432463364931,1.0,0.3553362504898951,0.9168923792304009,0.3766630069708423,умеренная,умеренно неровные,выраженный,монотонная,неоднородная,лобуляции слабые,с примесью красного или синего,умеренно вытянутая,тёмный ободок по краю,цвет умеренно неоднородный,грубая,овальная,красноватый,средне упорядоченная,размер:очень_маленький,периметр:средний,выпуклость:высокая,плотность:высокая,заполнение_bbox:среднее,вариация_радиуса:низкая,граница:сильно_изрезанная,форма:умеренно_вытянутая,отношение_периметр_площадь:среднее,красный:норма,зеленый:норма,синий:норма,контраст:выраженный,центр:оттенок_как_периферия,насыщенность_центра:выше,яркость_центра:темнее,ободок:слегка_темнее,яркость_асимметрия:слабая,яркость_асимметрия:слабая,насыщенность_асимметрия:слабая,насыщенность_асимметрия:слабая,разнообразие_оттенка:низкое,разнообразие_насыщенности:высокое,разнообразие_яркости:среднее,вариабельность_оттенка:низкая,вариабельность_насыщенности:высокая,вариабельность_яркости:средняя,насыщенность:средняя,яркость:средняя,энергия_текстуры:низкая,энтропия_текстуры:высокая,энтропия_lbp:средняя,среднее_lbp:низкое,разброс_lbp:низкий,медиана_lbp:типичная,темные_пиксели:нет,белые_пиксели:нет,красные_пиксели:преобладают,синие_пиксели:нет,яркие_выбросы:нет,темные_выбросы:умеренно
/kaggle/input/datasets/mihailodin1/all-image-skin/129.jpg,success,6.702634458998832,164.03966477346307,104.47824225429538,2.9754865845521232,42.90205749514985,37.639070663049395,0.20910958487379547,0.28090356993018245,0.5099868403147124,0.22896937424365119,2.1608782522831094,2.1954505383346636,68.43500425715949,35.971891035804305,"[[6, 199, 68], [9, 165, 119], [6, 96, 153]]",0.07839131434491545,0.0,0.9973755916811806,1.3214543397881973e-05,-1.8213844082383446,54.78940703555003,-60.22144482739118,-9.992936083604661,4.6183537398282795,-6.066775919742028,0.32141442827463607,-54.63226988684504,0.00019028942492950042,0.005354532984821776,378371,2412.9931948184967,3.9228091146219293,0.8166115394571674,1.143065693430657,0.6136732800216863,0.9778923563998191,0.705448816548741,1330.771097967524,1.056836506781354,0.9269171482079122,0.1354971664568362,0.9330129254624064,0.32209827983789246,5.02617759438331,0.23469900799931898,2.060726156754885,5.157602811333654,2.1171449520225907,5.0,137.83171644262916,1.0,0.3783694867261716,0.9618365112946428,0.4146597315622385,умеренная,умеренно неровные,выраженный,монотонная,неоднородная,лобуляции слабые,с примесью красного или синего,умеренно вытянутая,тёмный ободок по краю,цвет умеренно неоднородный,грубая,овальная,красноватый,средне упорядоченная,размер:маленький,периметр:средний,выпуклость:средняя,плотность:высокая,заполнение_bbox:среднее,вариация_радиуса:средняя,граница:сильно_изрезанная,форма:умеренно_вытянутая,отношение_периметр_площадь:среднее,красный:норма,зеленый:норма,синий:норма,контраст:выраженный,центр:оттенок_как_периферия,насыщенность_центра:умеренно_выше,яркость_центра:значительно_темнее,ободок:темнее_центра,яркость_асимметрия:слабая,яркость_асимметрия:слабая,насыщенность_асимметрия:слабая,насыщенность_асимметрия:слабая,разнообразие_оттенка:низкое,разнообразие_насыщенности:среднее,разнообразие_яркости:высокое,вариабельность_оттенка:низкая,вариабельность_насыщенности:средняя,вариабельность_яркости:высокая,насыщенность:высокая,яркость:средняя,энергия_текстуры:низкая,энтропия_текстуры:высокая,энтропия_lbp:средняя,среднее_lbp:высокое,разброс_lbp:средний,медиана_lbp:типичная,темные_пиксели:много,белые_пиксели:нет,красные_пиксели:преобладают,синие_пиксели:нет,яркие_выбросы:нет,темные_выбросы:нет
/kaggle/input/datasets/mihailodin1/all-image-skin/1290.jpg,success,6.542944472641169,157.93935129941346,159.66013129648783,2.6041163543484687,37.98409062640396,25.57156561227575,0.2076862783871836,0.27640510260861,0.5159086157729024,0.16217937362689733,2.1788981899985593,1.845795019447762,45.03047458959975,18.765654146383692,"[[7, 196, 132], [8, 152, 170], [4, 106, 187]]",0.0,4.455259173564274e-06,0.9990643955735515,5.940345564752365e-06,0.9411894841994126,56.00778330172841,-41.477052285600365,-4.35688831359235,-3.920583833489985,-2.1612564125048834,-2.414792253471063,-32.8402701354924,0.0015199859213810116,0.023633664829367285,1346723,4806.707171201706,4.141985046844469,0.7324750070759308,1.0477996965098635,0.5711866265933896,0.9639796856937322,0.7398934597985449,3393.1251272874015,1.113458756930599,1.0106278080466127,0.15079569473383825,0.926458602936422,0.33564586721237794,4.947632748200633,0.22178702132558914,2.0992692292189488,5.052092205954353,2.2011351381816215,5.0,111.27954588458647,1.0,0.30949316155162654,0.7629052842718038,0.4141112514341555,умеренная,умеренно неровные,выраженный,монотонная,неоднородная,лобуляции слабые,с примесью красного или синего,умеренно вытянутая,тёмный ободок по краю,цвет однородный,грубая,овальная,красноватый,средне упорядоченная,размер:крупный,периметр:большой,выпуклость:низкая,плотность:средняя,заполнение_bbox:среднее,вариация_радиуса:высокая,граница:сильно_изрезанная,форма:умеренно_вытянутая,отношение_периметр_площадь:среднее,красный:норма,зеленый:понижен,синий:норма,контраст:умеренный,центр:оттенок_как_периферия,насыщенность_центра:умеренно_выше,яркость_центра:темнее,ободок:слегка_темнее,яркость_асимметрия:слабая,яркость_асимметрия:слабая,насыщенность_асимметрия:слабая,насыщенность_асимметрия:слабая,разнообразие_оттенка:низкое,разнообразие_насыщенности:среднее,разнообразие_яркости:среднее,вариабельность_оттенка:низкая,вариабельность_насыщенности:средняя,вариабельность_яркости:средняя,насыщенность:средняя,яркость:средняя,энергия_текстуры:низкая,энтропия_текстуры:высокая,энтропия_lbp:средняя,среднее_lbp:среднее,разброс_lbp:средний,медиана_lbp:типичная,темные_пиксели:нет,белые_пиксели:нет,красные_пиксели:преобладают,синие_пиксели:нет,яркие_выбросы:единичные,темные_выбросы:умеренно
/kaggle/input/datasets/mihailodin1/all-image-skin/1291.jpg,success,7.16518221441614,161.80958175584655,177.2206664070331,1.5198334595732654,32.02555478853084,22.519449372907246,0.19918893364153892,0.27694097837759585,0.5238700850248283,0.026485787907731474,1.9704438765970096,1.7293738765734938,45.432908465856244,17.637479372124897,"[[7, 111, 210], [7, 189, 157], [8, 160, 182]]",0.0,0.0,0.9999361556779948,2.5537728802088985e-06,-0.40150839745604117,35.50119046549534,-26.45369819747569,3.940188264015603,-6.542028047881786,13.669767338208231,-15.754615688625734,-25.87668003288158,0.013011472824664338,0.0077085634389105605,783155,3557.5242820978165,4.019981093732588,0.7776100106291771,1.402508551881414,0.7143826401054043,0.9634324869599449,0.726010697963308,4435.501738097137,1.071912775771258,0.9784242867337674,0.13963765022332528,0.9307919599935827,0.3741739620563407,4.819341645916391,0.2103812480030386,2.126214817076258,5.120233437570977,2.267286131133525,5.0,102.26299639915842,1.0,0.5584455959934091,0.6027326039104226,0.4174247492985667,умеренная,умеренно неровные,выраженный,монотонная,неоднородная,лобуляции слабые,с примесью красного или синего,вытянутая,тёмный ободок по краю,цвет однородный,грубая,овальная,красноватый,средне упорядоченная,размер:средний,периметр:большой,выпуклость:средняя,плотность:средняя,заполнение_bbox:среднее,вариация_радиуса:высокая,граница:сильно_изрезанная,форма:умеренно_вытянутая,отношение_периметр_площадь:среднее,красный:повышен,зеленый:понижен,синий:понижен,контраст:умеренный,центр:оттенок_как_периферия,насыщенность_центра:умеренно_выше,яркость_центра:темнее,ободок:слегка_темнее,яркость_асимметрия:слабая,яркость_асимметрия:слабая,насыщенность_асимметрия:слабая,насыщенность_асимметрия:слабая,разнообразие_оттенка:низкое,разнообразие_насыщенности:низкое,разнообразие_яркости:среднее,вариабельность_оттенка:низкая,вариабельность_насыщенности:средняя,вариабельность_яркости:средняя,насыщенность:высокая,яркость:высокая,энергия_текстуры:низкая,энтропия_текстуры:высокая,энтропия_lbp:высокая,среднее_lbp:высокое,разброс_lbp:высокий,медиана_lbp:типичная,темные_пиксели:нет,белые_пиксели:нет,красные_пиксели:преобладают,синие_пиксели:нет,яркие_выбросы:много,темные_выбросы:нет
/kaggle/input/datasets/mihailodin1/all-image-skin/1292.jpg,success,7.09422111023242,93.93091423185673,183.8819900936491,3.415312437435573,32.77086441440509,14.823993246416698,0.2701904184853708,0.30820941524582934,0.421600163976024,0.36333622477064287,2.053690616528758,1.3866634318096431,23.52676992584402,7.933088011533194,"[[9, 83, 188], [2, 63, 195], [9, 136, 168]]",0.0,6.617602823510539e-05,0.9525698357631299,0.0,1.841532831104928,49.35428674547022,-17.004822536108975,10.040849866791376,-13.25956074845385,9.535271227630432,-9.174896324257077,-12.30724477751258,0.022084745422824712,0.026213728517857502,498670,2708.0297726392746,3.83483616010888,0.8545082033377412,0.902696365767878,0.5991738157351907,0.9851594880892643,0.7592302187847323,1211.0097763789984,1.050212836785381,1.0068933352463265,0.13716612657797425,0.9315297779825281,0.3955968164518042,4.692971884134201,0.19157245714953958,2.162745248296264,5.135099169504546,2.3573345339071414,5.0,110.21122027981686,1.0,0.29958690786759534,0.6806263807153977,0.4100488609725518,умеренная,умеренно неровные,умеренный,монотонная,неоднородная,лобуляции слабые,с примесью красного или синего,умеренно вытянутая,без выраженного ободка,цвет однородный,грубая,округлая,красноватый,хаотичная,размер:средний,периметр:средний,выпуклость:средняя,плотность:высокая,заполнение_bbox:среднее,вариация_радиуса:средняя,граница:сильно_изрезанная,форма:умеренно_вытянутая,отношение_периметр_площадь:среднее,красный:понижен,зеленый:норма,синий:повышен,контраст:умеренный,центр:оттенок_как_периферия,насыщенность_центра:умеренно_выше,яркость_центра:равная,ободок:слегка_темнее,яркость_асимметрия:слабая,яркость_асимметрия:слабая,насыщенность_асимметрия:слабая,насыщенность_асимметрия:слабая,разнообразие_оттенка:низкое,разнообразие_насыщенности:среднее,разнообразие_яркости:низкое,вариабельность_оттенка:низкая,вариабельность_насыщенности:средняя,вариабельность_яркости:низкая,насыщенность:средняя,яркость:высокая,энергия_текстуры:низкая,энтропия_текстуры:высокая,энтропия_lbp:высокая,среднее_lbp:высокое,разброс_lbp:высокий,медиана_lbp:типичная,темные_пиксели:нет,белые_пиксели:нет,красные_пиксели:много,синие_пиксели:нет,яркие_выбросы:много,темные_выбросы:умеренно
/kaggle/input/datasets/mihailodin1/all-image-skin/1293.jpg,success,7.725164577155288,137.56173494149155,155.25432147586264,2.555901378301987,40.02254580817086,19.681438462416146,0.22825989821906437,0.2948427707838884,0.4768973279253303,0.17835455573208905,2.246340921349831,1.577499124374615,35.991694525283854,14.591564237606486,"[[9, 138, 159], [9, 185, 131], [5, 90, 174]]",0.0,0.0,0.9997543424466294,0.0,1.7317826409089747,53.94602835540553,-22.679314129361813,7.561901521178299,-11.387566934241136,1.4753299107768214,0.6452211048200809,-19.453440954018532,0.00011384130522052259,0.04050952971557649,166899,1573.6681703329086,3.852000132698913,0.8469100318045265,1.3547557840616966,0.6950804257354208,0.9872467540149655,0.8141295493236684,805.9122517318989,1.0416352382928937,0.9553078773425111,0.1429915059958277,0.928982577246069,0.36736928022550397,4.7847281889788515,0.21413387443534557,2.110724408357322,5.102133004807111,2.21097037970781,5.0,99.42714459669266,1.0,0.5249181048985587,0.7268251942489585,0.41390943846455036,умеренная,умеренно неровные,умеренный,монотонная,неоднородная,лобуляции слабые,с примесью красного или синего,вытянутая,без выраженного ободка,цвет однородный,грубая,овальная,красноватый,средне упорядоченная,размер:маленький,периметр:средний,выпуклость:высокая,плотность:высокая,заполнение_bbox:высокое,вариация_радиуса:средняя,граница:сильно_изрезанная,форма:умеренно_вытянутая,отношение_периметр_площадь:среднее,красный:норма,зеленый:норма,синий:норма,контраст:умеренный,центр:оттенок_как_периферия,насыщенность_центра:умеренно_выше,яркость_центра:темнее,ободок:слегка_темнее,яркость_асимметрия:слабая,яркость_асимметрия:слабая,насыщенность_асимметрия:слабая,насыщенность_асимметрия:слабая,разнообразие_оттенка:низкое,разнообразие_насыщенности:среднее,разнообразие_яркости:низкое,вариабельность_оттенка:низкая,вариабельность_насыщенности:средняя,вариабельность_яркости:низкая,насыщенность:средняя,яркость:средняя,энергия_текстуры:низкая,энтропия_текстуры:высокая,энтропия_lbp:высокая,среднее_lbp:высокое,разброс_lbp:средний,медиана_lbp:типичная,темные_пиксели:нет,белые_пиксели:нет,красные_пиксели:преобладают,синие_пиксели:нет,яркие_выбросы:нет,темные_выбросы:много
/kaggle/input/datasets/mihailodin1/all-image-skin/1294.jpg,success,8.65439106770798,159.42510893246188,153.02025336883725,1.822273026369897,41.87020149506272,27.707212353986712,0.2034541567319974,0.29151160802024517,0.505034231947317,0.184514515653586,2.1876313850846882,1.8991755472382317,57.489843962752836,23.4463986046218,"[[8, 100, 188], [8, 197, 126], [10, 156, 161]]",0.0,0.0,0.9996268054546922,0.0,-0.6585899134716016,60.51243440403806,-46.01600371014678,-2.9415757027658174,2.4012805095115652,0.9439501512721051,-0.4431197460156113,-45.444275171940035,0.002178649237472767,0.0013414830952957315,99144,1178.714852809906,3.7434801767288786,0.8967239901062174,1.079646017699115,0.40845340900689064,0.9934268537074148,0.7990715218337444,56.0662834834561,1.0400004719655582,0.9485080897893456,0.16859577402267745,0.9160738162341855,0.3283281388566806,5.01014089436365,0.21812066856909906,2.0748789573091737,4.981695882592744,2.120573435157722,5.0,113.91695413722154,1.0,0.2440497133530028,0.8026452016162208,0.051113898451763305,умеренная,ровные,выраженный,монотонная,неоднородная,лобуляции отсутствуют,с примесью красного или синего,умеренно вытянутая,тёмный ободок по краю,цвет однородный,грубая,округлая,красноватый,средне упорядоченная,размер:очень_маленький,периметр:средний,выпуклость:высокая,плотность:высокая,заполнение_bbox:среднее,вариация_радиуса:низкая,граница:сильно_изрезанная,форма:округлая,отношение_периметр_площадь:среднее,красный:норма,зеленый:норма,синий:норма,контраст:выраженный,центр:оттенок_как_периферия,насыщенность_центра:выше,яркость_центра:темнее,ободок:слегка_темнее,яркость_асимметрия:слабая,яркость_асимметрия:слабая,насыщенность_асимметрия:слабая,насыщенность_асимметрия:слабая,разнообразие_оттенка:низкое,разнообразие_насыщенности:среднее,разнообразие_яркости:среднее,вариабельность_оттенка:низкая,вариабельность_насыщенности:средняя,вариабельность_яркости:средняя,насыщенность:средняя,яркость:средняя,энергия_текстуры:низкая,энтропия_текстуры:высокая,энтропия_lbp:средняя,среднее_lbp:среднее,разброс_lbp:средний,медиана_lbp:типичная,темные_пиксели:нет,белые_пиксели:нет,красные_пиксели:преобладают,синие_пиксели:нет,яркие_выбросы:единичные,темные_выбросы:нет
/kaggle/input/datasets/mihailodin1/all-image-skin/1295.jpg,success,8.800977548446795,150.1864075396593,163.00601767839373,1.8437079442981503,36.02602752513845,26.307116503010583,0.21255143345008248,0.2955115339334763,0.491937029598534,0.20760888964163726,2.1208342925515637,1.8534611199061224,44.282533958138664,17.67296399049292,"[[10, 148, 170], [9, 188, 134], [8, 105, 191]]",0.0,0.0,0.9997424339987122,0.0,0.11358871007509208,53.31695297598469,-40.163975389062614,-2.498565532738837,5.802170734449305,2.1120603521871146,-3.1919470982990674,-30.014942791350222,5.853772756541591e-05,0.030252297605806944,85415,1116.6732226610184,3.82084156367867,0.8607792812909681,0.9618768328445748,0.626150473257695,0.983069769583132,0.7636703383162864,247.36686847232073,1.0417407804371506,0.9159050300612926,0.21080734408835197,0.8964220364635292,0.31445528117726324,5.064926546696181,0.25101569440331656,2.01841148788514,4.846159312999704,2.0229477612486138,5.0,107.19926079279672,1.0,0.3130752366288475,0.7366905941685047,0.2094343779226117,умеренная,умеренно неровные,выраженный,монотонная,неоднородная,лобуляции слабые,с примесью красного или синего,умеренно вытянутая,тёмный ободок по краю,цвет однородный,грубая,округлая,красноватый,средне упорядоченная,размер:очень_маленький,периметр:средний,выпуклость:высокая,плотность:высокая,заполнение_bbox:среднее,вариация_радиуса:низкая,граница:сильно_изрезанная,форма:умеренно_вытянутая,отношение_периметр_площадь:среднее,красный:норма,зеленый:норма,синий:норма,контраст:умеренный,центр:оттенок_как_периферия,насыщенность_центра:умеренно_выше,яркость_центра:темнее,ободок:слегка_темнее,яркость_асимметрия:слабая,яркость_асимметрия:слабая,насыщенность_асимметрия:слабая,насыщенность_асимметрия:слабая,разнообразие_оттенка:низкое,разнообразие_насыщенности:среднее,разнообразие_яркости:среднее,вариабельность_оттенка:низкая,вариабельность_насыщенности:средняя,вариабельность_яркости:средняя,насыщенность:средняя,яркость:средняя,энергия_текстуры:низкая,энтропия_текстуры:высокая,энтропия_lbp:средняя,среднее_lbp:низкое,разброс_lbp:низкий,медиана_lbp:типичная,темные_пиксели:нет,белые_пиксели:нет,красные_пиксели:преобладают,синие_пиксели:нет,яркие_выбросы:нет,темные_выбросы:умеренно
/kaggle/input/datasets/mihailodin1/all-image-skin/1296.jpg,success,2.3359211250087015,84.45276050563717,211.94839084386743,8.534936707430175,41.39301025101305,16.629189289521527,0.2843897265156252,0.30521842508388136,0.4103918464640725,0.892277693607674,2.252753275015327,1.3681593639382592,24.240802732834993,7.193238734959648,"[[8, 113, 204], [164, 38, 221], [0, 57, 222]]",0.0,0.037659719849675435,0.7787188247352238,0.0,9.787081289084142,52.58683877508621,-16.979016098085566,-7.2044323716515635,-9.452062764123198,-0.9952075959519107,-5.595766624348002,-8.901130944861478,0.0014212504270584216,0.05505978817902289,292700,3367.4629839658737,6.224313653108521,0.3243597263662659,1.3504273504273505,0.74596523812769,0.849082602074117,0.6333441523314941,3372.5194094076237,1.519131300595406,0.9699546220972315,0.1628221446022259,0.9191322151659628,0.3796532573070354,4.842479900809401,0.18745332595768222,2.16416756462944,5.077575715668649,2.3534573355537676,5.0,102.60040551833059,2.0,0.5481962942775203,1.0877893090549366,0.44858413380451734,умеренная,фестончатые,умеренный,умеренно разнообразная,неоднородная,лобуляции слабые,с примесью красного или синего,вытянутая,без выраженного ободка,цвет умеренно неоднородный,грубая,неправильная,красноватый,хаотичная,размер:маленький,периметр:большой,выпуклость:низкая,плотность:низкая,заполнение_bbox:низкое,вариация_радиуса:высокая,граница:сильно_изрезанная,форма:умеренно_вытянутая,отношение_периметр_площадь:высокое,красный:понижен,зеленый:норма,синий:повышен,контраст:умеренный,центр:синее_периферии,насыщенность_центра:умеренно_выше,яркость_центра:равная,ободок:одинаковый,яркость_асимметрия:слабая,яркость_асимметрия:слабая,насыщенность_асимметрия:слабая,насыщенность_асимметрия:слабая,разнообразие_оттенка:высокое,разнообразие_насыщенности:среднее,разнообразие_яркости:низкое,вариабельность_оттенка:средняя,вариабельность_насыщенности:средняя,вариабельность_яркости:низкая,насыщенность:средняя,яркость:высокая,энергия_текстуры:низкая,энтропия_текстуры:высокая,энтропия_lbp:высокая,среднее_lbp:среднее,разброс_lbp:высокий,медиана_lbp:типичная,темные_пиксели:нет,белые_пиксели:присутствуют,красные_пиксели:умеренно,синие_пиксели:нет,яркие_выбросы:единичные,темные_выбросы:много
/kaggle/input/datasets/mihailodin1/all-image-skin/1297.jpg,success,6.360656898556254,146.2031810538999,162.1435336693375,2.968011591262981,46.080200347501936,38.406951500786484,0.22742860656346467,0.28558027461603847,0.4869911158170397,0.20262469840544045,2.3537204454538463,2.1387928458255914,58.963682342702846,22.822061102752834,"[[3, 86, 200], [6, 199, 113], [8, 143, 175]]",0.00030647609171611915,0.0,0.9995234926519209,0.0,-0.26892794405407017,73.05714999292665,-66.17248077086896,15.240618766417327,-18.42707732000801,7.374145610809535,-3.67447168106753,-45.392669912445655,0.0,0.0484987919384193,476383,2646.3312883377075,3.8341233797360155,0.8548259465246322,1.1214953271028036,0.4708108295807835,0.9837867642503417,0.7571730561383432,421.7027590304302,1.060907873378885,0.9483113548638653,0.1488620906233608,0.925960163161548,0.2896388470217004,5.232628933327739,0.21704940187725022,2.104804405333493,5.075943112349941,2.203594621660701,5.0,184.21487208615207,1.0,0.2961530783417936,0.9944614127930103,0.34414909869087984,выраженная,умеренно неровные,выраженный,монотонная,неоднородная,лобуляции слабые,с примесью красного или синего,умеренно вытянутая,тёмный ободок по краю,цвет умеренно неоднородный,грубая,округлая,красноватый,средне упорядоченная,размер:средний,периметр:средний,выпуклость:средняя,плотность:высокая,заполнение_bbox:среднее,вариация_радиуса:низкая,граница:сильно_изрезанная,форма:округлая,отношение_периметр_площадь:среднее,красный:норма,зеленый:норма,синий:норма,контраст:выраженный,центр:оттенок_как_периферия,насыщенность_центра:выше,яркость_центра:значительно_темнее,ободок:слегка_темнее,яркость_асимметрия:сильная_право_лево,яркость_асимметрия:слабая,насыщенность_асимметрия:слабая,насыщенность_асимметрия:слабая,разнообразие_оттенка:низкое,разнообразие_насыщенности:высокое,разнообразие_яркости:высокое,вариабельность_оттенка:низкая,вариабельность_насыщенности:высокая,вариабельность_яркости:высокая,насыщенность:средняя,яркость:средняя,энергия_текстуры:низкая,энтропия_текстуры:высокая,энтропия_lbp:высокая,среднее_lbp:среднее,разброс_lbp:средний,медиана_lbp:типичная,темные_пиксели:нет,белые_пиксели:нет,красные_пиксели:преобладают,синие_пиксели:нет,яркие_выбросы:нет,темные_выбросы:много
/kaggle/input/datasets/mihailodin1/all-image-skin/1298.jpg,success,7.354565964759175,147.4329622232132,164.731549106825,2.356976339469223,46.58346412636369,36.913771183860064,0.22389320194938334,0.28904428181042907,0.4870625132834828,0.15061773663535885,2.3138193117245143,2.120090838963461,50.207406895966685,19.780705850673147,"[[8, 157, 165], [6, 207, 115], [8, 103, 196]]",1.4989301386135646e-05,3.7473253465339115e-06,0.9988982863481191,0.0,-1.4801838027683374,51.17471476218324,-41.370850956634825,-22.305036006869642,18.312883624061186,-4.4517243708105525,-1.9141274039712641,-41.22589688896025,0.0,0.040321220728704886,266857,2122.1748723983765,4.10810814968399,0.7446053074292924,1.077922077922078,0.8512095044244334,0.9705408482053558,0.6524238186512283,4668.8099654942625,1.0459085069685408,1.0214071388850885,0.18566744047516623,0.9092389191260798,0.2796328081783836,5.311534640281561,0.22558559102609588,2.055745585898134,4.920036535746907,2.0890185020041283,5.0,141.00952092729904,1.0,0.4645657911732557,0.9511926652433847,0.43183555913573707,умеренная,умеренно неровные,выраженный,монотонная,неоднородная,лобуляции слабые,с примесью красного или синего,умеренно вытянутая,тёмный ободок по краю,цвет умеренно неоднородный,грубая,овальная,красноватый,средне упорядоченная,размер:маленький,периметр:средний,выпуклость:высокая,плотность:высокая,заполнение_bbox:низкое,вариация_радиуса:высокая,граница:сильно_изрезанная,форма:сильно_вытянутая,отношение_периметр_площадь:среднее,красный:норма,зеленый:норма,синий:норма,контраст:выраженный,центр:оттенок_как_периферия,насыщенность_центра:умеренно_выше,яркость_центра:темнее,ободок:слегка_темнее,яркость_асимметрия:сильная_лево_право,яркость_асимметрия:слабая,насыщенность_асимметрия:слабая,насыщенность_асимметрия:слабая,разнообразие_оттенка:низкое,разнообразие_насыщенности:высокое,разнообразие_яркости:высокое,вариабельность_оттенка:низкая,вариабельность_насыщенности:высокая,вариабельность_яркости:высокая,насыщенность:средняя,яркость:средняя,энергия_текстуры:низкая,энтропия_текстуры:высокая,энтропия_lbp:средняя,среднее_lbp:среднее,разброс_lbp:средний,медиана_lbp:типичная,темные_пиксели:нет,белые_пиксели:нет,красные_пиксели:преобладают,синие_пиксели:нет,яркие_выбросы:нет,темные_выбросы:много
/kaggle/input/datasets/mihailodin1/all-image-skin/1299.jpg,success,4.242211901697914,138.55358557942898,120.9023954201233,4.508297806176997,48.291599086413015,53.87128204141425,0.24596622897636386,0.28517586965139086,0.4688578974940488,0.4857274554202897,2.323464250177132,2.4283922057503373,96.99623080972579,41.03215141032619,"[[4, 170, 80], [178, 50, 197], [8, 115, 168]]",0.04468598389019523,0.002571833239648028,0.9236656708312773,4.805026515356636e-05,-2.505919348359498,32.312845976485804,-84.45626065048418,-8.161575550269433,2.76839987526634,2.546010943052977,7.787852202626425,-80.66126079342219,0.002163024634531971,0.0,1311127,4434.9700211286545,3.8731855956742796,0.8376705513758149,1.0977564102564104,0.5744206572851324,0.9806550679847509,0.7668485635410818,2523.935319511407,1.0603686745920502,0.9900538564237337,0.14796986017832725,0.9319752014540484,0.3224924064606999,5.230116197983885,0.22404383294925673,2.0864070397243863,5.171788240750591,2.190642043029455,5.0,140.53886454654466,2.0,0.33608853377077136,1.2933372686725784,0.40987831729795593,умеренная,умеренно неровные,выраженный,умеренно разнообразная,неоднородная,лобуляции слабые,с примесью красного или синего,умеренно вытянутая,тёмный ободок по краю,цвет умеренно неоднородный,грубая,овальная,красноватый,средне упорядоченная,размер:крупный,периметр:большой,выпуклость:средняя,плотность:высокая,заполнение_bbox:среднее,вариация_радиуса:средняя,граница:сильно_изрезанная,форма:умеренно_вытянутая,отношение_периметр_площадь:среднее,красный:норма,зеленый:норма,синий:норма,контраст:сильный,центр:оттенок_как_периферия,насыщенность_центра:умеренно_выше,яркость_центра:значительно_темнее,ободок:темнее_центра,яркость_асимметрия:слабая,яркость_асимметрия:слабая,насыщенность_асимметрия:слабая,насыщенность_асимметрия:слабая,разнообразие_оттенка:среднее,разнообразие_насыщенности:высокое,разнообразие_яркости:высокое,вариабельность_оттенка:низкая,вариабельность_насыщенности:высокая,вариабельность_яркости:высокая,насыщенность:средняя,яркость:средняя,энергия_текстуры:низкая,энтропия_текстуры:высокая,энтропия_lbp:средняя,среднее_lbp:высокое,разброс_lbp:средний,медиана_lbp:типичная,темные_пиксели:единичные,белые_пиксели:единичные,красные_пиксели:много,синие_пиксели:нет,яркие_выбросы:единичные,темные_выбросы:нет
/kaggle/input/datasets/mihailodin1/all-image-skin/13.jpg,success,170.83241672212557,62.71888926509756,169.69198584130723,13.39163455242855,43.2787286587886,24.8930974983219,0.3181320269871041,0.30292107788836986,0.378946892887695,1.5858222866385876,1.8738051273027136,1.6201033822589586,22.57865902330135,8.259441852428797,"[[9, 108, 157], [154, 43, 163], [170, 50, 179]]",0.003951581944209314,0.0012452639434987565,0.3649833448182952,0.0005907403389216216,-3.253600432741905,-0.665459836380002,9.788354541043361,11.428861206295153,-47.13896079750015,6.69055506718442,-30.43167624521152,-18.08181692236792,1.7883158595003683e-06,0.047901828612576865,1677556,11334.136876821518,8.750843958972222,0.1641005302917919,1.1158249158249158,0.4234438979867788,0.6860931215070233,0.68175458060793,35144.95758552079,1.8233908175217473,1.199496722059197,0.12238508682925504,0.9389605634391954,0.433115622949515,4.642568785632238,0.1829915091939734,2.179173479727414,5.228126814915788,2.4356568471540445,5.0,109.3974681263565,3.0,0.2696344069058473,1.5245616516450369,0.5467960516663926,умеренная,фестончатые,умеренный,умеренно разнообразная,неоднородная,лобуляции выраженные,слабо пигментированная,умеренно вытянутая,без выраженного ободка,цвет неоднородный,средняя,неправильная,красноватый,хаотичная,размер:крупный,периметр:очень_большой,выпуклость:низкая,плотность:низкая,заполнение_bbox:низкое,вариация_радиуса:высокая,граница:сильно_изрезанная,форма:округлая,отношение_периметр_площадь:высокое,красный:понижен,зеленый:норма,синий:повышен,контраст:умеренный,центр:оттенок_как_периферия,насыщенность_центра:равна,яркость_центра:равная,ободок:слегка_темнее,яркость_асимметрия:слабая,яркость_асимметрия:слабая,насыщенность_асимметрия:сильная_лево_право,насыщенность_асимметрия:сильная_верх_низ,разнообразие_оттенка:высокое,разнообразие_насыщенности:низкое,разнообразие_яркости:среднее,вариабельность_оттенка:средняя,вариабельность_насыщенности:средняя,вариабельность_яркости:средняя,насыщенность:низкая,яркость:средняя,энергия_текстуры:низкая,энтропия_текстуры:высокая,энтропия_lbp:высокая,среднее_lbp:высокое,разброс_lbp:высокий,медиана_lbp:типичная,темные_пиксели:единичные,белые_пиксели:единичные,красные_пиксели:мало,синие_пиксели:единичные,яркие_выбросы:нет,темные_выбросы:много
/kaggle/input/datasets/mihailodin1/all-image-skin/130.jpg,success,7.779684162933621,139.29799420498193,122.80669047565569,3.9625697505651845,57.422050022789904,49.8536342122267,0.24383459945823324,0.30361645099773615,0.4525489458589778,0.5580833715560074,2.356992904961605,2.3269563513317344,84.46498184868243,35.59206864718365,"[[6, 58, 182], [7, 190, 71], [11, 143, 140]]",0.061454145234833,0.0009508621399639121,0.8864730501710804,0.0,0.07255271176549627,70.60199282158138,-59.63114365498515,3.575569385344963,-4.2710758978423655,-12.876851987047814,8.004145991451793,-60.95255543045013,0.0,0.0,133563,1431.9696860313416,3.9182373635145926,0.8185182757640994,1.4502923976608186,0.7491218166236971,0.9756601775083092,0.7873691284663271,1017.7220353167717,1.0445814500394273,0.9357558716766768,0.21273515220140501,0.8971953034079717,0.2685385574165592,5.412446415812083,0.25425867984703515,1.9841368868674853,4.881935942199852,1.9538300645262412,5.0,159.03333245001897,1.0,0.599707107142258,1.3443633435913407,0.4179933672517663,умеренная,умеренно неровные,выраженный,монотонная,неоднородная,лобуляции слабые,с примесью красного или синего,вытянутая,тёмный ободок по краю,цвет неоднородный,грубая,овальная,красноватый,средне упорядоченная,размер:маленький,периметр:средний,выпуклость:высокая,плотность:высокая,заполнение_bbox:среднее,вариация_радиуса:средняя,граница:сильно_изрезанная,форма:умеренно_вытянутая,отношение_периметр_площадь:среднее,красный:норма,зеленый:норма,синий:норма,контраст:сильный,центр:оттенок_как_периферия,насыщенность_центра:выше,яркость_центра:значительно_темнее,ободок:темнее_центра,яркость_асимметрия:слабая,яркость_асимметрия:слабая,насыщенность_асимметрия:слабая,насыщенность_асимметрия:слабая,разнообразие_оттенка:среднее,разнообразие_насыщенности:высокое,разнообразие_яркости:высокое,вариабельность_оттенка:низкая,вариабельность_насыщенности:высокая,вариабельность_яркости:высокая,насыщенность:средняя,яркость:средняя,энергия_текстуры:низкая,энтропия_текстуры:высокая,энтропия_lbp:низкая,среднее_lbp:низкое,разброс_lbp:низкий,медиана_lbp:типичная,темные_пиксели:много,белые_пиксели:единичные,красные_пиксели:много,синие_пиксели:нет,яркие_выбросы:нет,темные_выбросы:нет
/kaggle/input/datasets/mihailodin1/all-image-skin/1300.jpg,success,0.7261964127200722,111.41273927578959,193.77132146534822,5.164221765949334,37.78043336639146,21.27699247374005,0.26910884033164384,0.27928876338088465,0.45160239395677976,0.7348872580565966,2.197374074542628,1.6886488282639367,41.297123081048916,14.013248792903788,"[[5, 152, 174], [173, 72, 215], [1, 94, 202]]",0.0,0.0008075778307542566,0.9822579735086259,2.115924447391065e-05,3.4375299392876286,52.3476783068963,-30.322214088747728,-5.149930550383004,6.291766836005138,7.781346238320282,0.054774423935526784,-24.36889685493844,0.004894838554964664,0.021628274393082337,283564,2140.133242249489,4.018974641107466,0.77799952571761,1.13013698630137,0.667757437846069,0.9483555513936175,0.7356890826068908,1451.410948851839,1.065626379519655,1.0213945057046885,0.20383725741740352,0.9037639385499453,0.31612008166528616,5.105267698243022,0.21261436608512815,2.0934341995858614,4.9225258566801156,2.1784152589448538,5.0,105.3852403835756,2.0,0.39894721207371947,0.9464367984471087,0.41923518422716344,умеренная,умеренно неровные,умеренный,умеренно разнообразная,неоднородная,лобуляции слабые,с примесью красного или синего,умеренно вытянутая,тёмный ободок по краю,цвет умеренно неоднородный,грубая,овальная,красноватый,средне упорядоченная,размер:маленький,периметр:средний,выпуклость:средняя,плотность:средняя,заполнение_bbox:среднее,вариация_радиуса:средняя,граница:сильно_изрезанная,форма:умеренно_вытянутая,отношение_периметр_площадь:среднее,красный:норма,зеленый:понижен,синий:повышен,контраст:умеренный,центр:оттенок_как_периферия,насыщенность_центра:умеренно_выше,яркость_центра:темнее,ободок:слегка_темнее,яркость_асимметрия:слабая,яркость_асимметрия:слабая,насыщенность_асимметрия:слабая,насыщенность_асимметрия:слабая,разнообразие_оттенка:высокое,разнообразие_насыщенности:среднее,разнообразие_яркости:среднее,вариабельность_оттенка:средняя,вариабельность_насыщенности:средняя,вариабельность_яркости:средняя,насыщенность:средняя,яркость:высокая,энергия_текстуры:низкая,энтропия_текстуры:высокая,энтропия_lbp:средняя,среднее_lbp:среднее,разброс_lbp:средний,медиана_lbp:типичная,темные_пиксели:нет,белые_пиксели:единичные,красные_пиксели:преобладают,синие_пиксели:нет,яркие_выбросы:единичные,темные_выбросы:умеренно
/kaggle/input/datasets/mihailodin1/all-image-skin/1301.jpg,success,3.329037644623103,124.25977832243949,163.54370103134764,5.049701223199052,36.37916360533709,17.940506008014022,0.2508762252763488,0.28075160090876466,0.4683721709509801,0.5548972860810258,2.214516896398056,1.526349961698622,32.72864115354847,12.817685960236956,"[[3, 109, 172], [174, 79, 180], [7, 159, 148]]",0.0,3.301721187254916e-05,0.988563938381078,1.100573729084972e-06,4.965972558679681,47.0534344677301,-18.398391166263792,11.216752115671397,-2.365158627554237,9.713258257926327,2.7219628375253535,-14.315168291860317,0.004290036395973221,0.02578754304618998,908617,4131.486827850342,4.334269815845485,0.6689258469556865,1.0673400673400673,0.8830969703842808,0.9654450250653995,0.6031775430434736,20826.091443603465,1.0736569851602198,0.9314798456239823,0.1496497707757857,0.9263217519881715,0.38691934432098013,4.7232621751856,0.2079365711340708,2.12554879356634,5.092047724271561,2.2596693350708086,5.0,96.43493003135089,2.0,0.47521851886217403,0.8502443917604027,0.4404731406403455,умеренная,фестончатые,умеренный,умеренно разнообразная,неоднородная,лобуляции слабые,с примесью красного или синего,умеренно вытянутая,без выраженного ободка,цвет умеренно неоднородный,грубая,неправильная,красноватый,хаотичная,размер:крупный,периметр:большой,выпуклость:средняя,плотность:средняя,заполнение_bbox:низкое,вариация_радиуса:высокая,граница:сильно_изрезанная,форма:сильно_вытянутая,отношение_периметр_площадь:высокое,красный:норма,зеленый:норма,синий:повышен,контраст:умеренный,центр:оттенок_как_периферия,насыщенность_центра:умеренно_выше,яркость_центра:равная,ободок:слегка_темнее,яркость_асимметрия:слабая,яркость_асимметрия:слабая,насыщенность_асимметрия:слабая,насыщенность_асимметрия:слабая,разнообразие_оттенка:среднее,разнообразие_насыщенности:среднее,разнообразие_яркости:низкое,вариабельность_оттенка:средняя,вариабельность_насыщенности:средняя,вариабельность_яркости:низкая,насыщенность:средняя,яркость:средняя,энергия_текстуры:низкая,энтропия_текстуры:высокая,энтропия_lbp:высокая,среднее_lbp:среднее,разброс_lbp:высокий,медиана_lbp:типичная,темные_пиксели:нет,белые_пиксели:нет,красные_пиксели:преобладают,синие_пиксели:нет,яркие_выбросы:единичные,темные_выбросы:умеренно
/kaggle/input/datasets/mihailodin1/all-image-skin/1302.jpg,success,10.298372368078082,129.2794739001128,164.65852903975662,2.676297230850832,38.21515939852896,13.851645433137218,0.23089359154624753,0.3111158617470573,0.45799054392523664,0.6768619548492686,2.1955287361324345,1.3120767550600494,33.85011061664099,12.634932045239891,"[[11, 109, 173], [6, 74, 181], [11, 163, 153]]",0.0,4.6149112911496255e-05,0.9624722250709329,0.0,1.6788249766679257,48.974504225852456,-14.641760960070798,0.6507773414651012,-6.508522597441171,9.246719040110719,-24.040209052370997,-18.588026949211127,0.013378115065121526,0.01121594366389772,585060,3847.545702934265,5.030180668810923,0.4966411447357029,1.0987654320987654,0.7661441755684054,0.8494494389852951,0.6707180762339087,7031.790281315571,1.2063307155644447,0.9723805147265436,0.15026124023938361,0.9257499268338578,0.39994331181348547,4.643915912300099,0.2022954709584236,2.1392488485608867,5.103289315313456,2.2854936865540876,5.0,105.74131819397917,1.0,0.4324548038335854,0.7790934447240067,0.4528643354914858,умеренная,фестончатые,умеренный,монотонная,неоднородная,лобуляции слабые,с примесью красного или синего,умеренно вытянутая,без выраженного ободка,цвет однородный,грубая,неправильная,красноватый,хаотичная,размер:средний,периметр:большой,выпуклость:низкая,плотность:низкая,заполнение_bbox:низкое,вариация_радиуса:высокая,граница:сильно_изрезанная,форма:умеренно_вытянутая,отношение_периметр_площадь:высокое,красный:норма,зеленый:повышен,синий:норма,контраст:умеренный,центр:оттенок_как_периферия,насыщенность_центра:умеренно_выше,яркость_центра:равная,ободок:слегка_темнее,яркость_асимметрия:слабая,яркость_асимметрия:слабая,насыщенность_асимметрия:слабая,насыщенность_асимметрия:сильная_верх_низ,разнообразие_оттенка:среднее,разнообразие_насыщенности:среднее,разнообразие_яркости:низкое,вариабельность_оттенка:низкая,вариабельность_насыщенности:средняя,вариабельность_яркости:низкая,насыщенность:средняя,яркость:средняя,энергия_текстуры:низкая,энтропия_текстуры:высокая,энтропия_lbp:высокая,среднее_lbp:высокое,разброс_lbp:высокий,медиана_lbp:типичная,темные_пиксели:нет,белые_пиксели:нет,красные_пиксели:много,синие_пиксели:нет,яркие_выбросы:много,темные_выбросы:умеренно
/kaggle/input/datasets/mihailodin1/all-image-skin/1303.jpg,success,7.334716635893338,158.24897173586638,124.15279273861186,3.6181505221720567,43.49679581343704,36.72645801049946,0.2123368122281422,0.28489587829867763,0.5027673054235653,0.44697944525046235,2.2498423680716835,2.210075038747705,61.256399441150855,29.15907213151238,"[[6, 192, 95], [7, 89, 176], [10, 152, 135]]",0.012220741585946817,0.0,0.983963816636356,5.149044234409209e-06,-1.8940362591877005,44.55053966790308,-33.99310189837392,-16.867656384141128,8.264611829644082,-6.207825383438646,4.76323749543846,-30.406917229880676,0.021300566188904014,0.012994128029955079,971054,4476.013739228249,4.542236262942388,0.6090745088986127,1.2418426103646834,0.7488494263092103,0.9370141499602442,0.7201805468617893,11388.31480185134,1.1798519645961507,1.0041504731099167,0.19017337281617627,0.9156677077484291,0.317988215247137,5.1995714517800415,0.22168440531041592,2.0688232482783437,5.024852729929666,2.131320334054744,5.0,116.54100891812702,1.0,0.4953460183369468,1.0345824169577158,0.4242121303418339,умеренная,фестончатые,выраженный,монотонная,неоднородная,лобуляции слабые,с примесью красного или синего,умеренно вытянутая,тёмный ободок по краю,цвет умеренно неоднородный,грубая,неправильная,красноватый,средне упорядоченная,размер:крупный,периметр:большой,выпуклость:низкая,плотность:средняя,заполнение_bbox:среднее,вариация_радиуса:высокая,граница:сильно_изрезанная,форма:умеренно_вытянутая,отношение_периметр_площадь:высокое,красный:норма,зеленый:норма,синий:норма,контраст:выраженный,центр:оттенок_как_периферия,насыщенность_центра:умеренно_выше,яркость_центра:темнее,ободок:слегка_темнее,яркость_асимметрия:сильная_лево_право,яркость_асимметрия:слабая,насыщенность_асимметрия:слабая,насыщенность_асимметрия:слабая,разнообразие_оттенка:среднее,разнообразие_насыщенности:среднее,разнообразие_яркости:высокое,вариабельность_оттенка:низкая,вариабельность_насыщенности:средняя,вариабельность_яркости:высокая,насыщенность:средняя,яркость:средняя,энергия_текстуры:низкая,энтропия_текстуры:высокая,энтропия_lbp:средняя,среднее_lbp:среднее,разброс_lbp:средний,медиана_lbp:типичная,темные_пиксели:единичные,белые_пиксели:нет,красные_пиксели:преобладают,синие_пиксели:нет,яркие_выбросы:много,темные_выбросы:умеренно
/kaggle/input/datasets/mihailodin1/all-image-skin/1304.jpg,success,11.22506112215368,132.30180531180935,174.6695117452152,2.842570348818204,44.80030688769239,25.91595889341628,0.23038096390270704,0.3137768213264402,0.4558422121611116,0.7021460247524108,2.3319731694906474,1.8276490904286788,48.27027725469232,16.909926204098188,"[[10, 184, 143], [12, 81, 200], [12, 140, 176]]",0.0,6.895767033406543e-06,0.8770381301438113,0.0,-1.9542476404924543,65.34866281366983,-36.26976972500819,-6.971126515097183,2.880954551103855,-12.03140496760642,15.53179340045753,-24.712387958099526,0.0,0.034508142176924696,580066,2966.8724802732468,3.8954727886794527,0.8281128315307303,0.8217131474103586,0.5575867263711891,0.9750188258074927,0.70030906676325,1428.8265196354473,1.0529421228760756,0.941579435902849,0.1959652219256647,0.9048833947048845,0.29636455093313674,5.198777062106828,0.21283048427123627,2.0926532409344434,4.910306534126357,2.181260813998154,5.0,140.98795961343546,1.0,0.27879336318559456,0.9774515089597962,0.4137778222881363,умеренная,умеренно неровные,выраженный,монотонная,неоднородная,лобуляции слабые,с примесью красного или синего,умеренно вытянутая,тёмный ободок по краю,цвет умеренно неоднородный,грубая,овальная,красноватый,средне упорядоченная,размер:средний,периметр:средний,выпуклость:средняя,плотность:высокая,заполнение_bbox:среднее,вариация_радиуса:средняя,граница:сильно_изрезанная,форма:умеренно_вытянутая,отношение_периметр_площадь:среднее,красный:норма,зеленый:повышен,синий:норма,контраст:умеренный,центр:оттенок_как_периферия,насыщенность_центра:выше,яркость_центра:темнее,ободок:слегка_темнее,яркость_асимметрия:слабая,яркость_асимметрия:слабая,насыщенность_асимметрия:слабая,насыщенность_асимметрия:слабая,разнообразие_оттенка:высокое,разнообразие_насыщенности:высокое,разнообразие_яркости:среднее,вариабельность_оттенка:низкая,вариабельность_насыщенности:средняя,вариабельность_яркости:средняя,насыщенность:средняя,яркость:высокая,энергия_текстуры:низкая,энтропия_текстуры:высокая,энтропия_lbp:средняя,среднее_lbp:среднее,разброс_lbp:средний,медиана_lbp:типичная,темные_пиксели:нет,белые_пиксели:нет,красные_пиксели:много,синие_пиксели:нет,яркие_выбросы:нет,темные_выбросы:умеренно
/kaggle/input/datasets/mihailodin1/all-image-skin/1305.jpg,success,10.652989630149083,141.76505244274108,143.43821202020922,2.9009474279198497,48.91523157445386,34.0226489218253,0.22455444972875543,0.31127817239256117,0.46416737464267405,0.6929897316691008,2.3911137143653978,2.0918357784108275,56.77982786090542,23.00398526568087,"[[12, 152, 149], [11, 85, 177], [9, 194, 102]]",0.006740939314557915,0.0,0.907318879726557,0.0,-1.2703172831063938,65.35944939751182,-46.76610779036061,-16.58516076074335,11.37396694131121,6.270020519583682,-5.759760433513236,-44.904353845967364,0.0,0.03382361435303631,294321,2124.032737016678,3.9151696092673904,0.8198014879500721,1.1677966101694914,0.6522465968777894,0.9608724608724609,0.7240190893212959,1321.0643518516615,1.0490859914233663,0.88977986978915,0.23369167790757053,0.8967635368719812,0.27790870899706926,5.3397229740683665,0.24138709655347013,2.0453069832250677,4.857954662086803,2.080066332654104,5.0,153.3847831261303,1.0,0.4100216035236404,1.0993244854773951,0.4164119232680444,умеренная,умеренно неровные,выраженный,монотонная,неоднородная,лобуляции слабые,с примесью красного или синего,умеренно вытянутая,тёмный ободок по краю,цвет умеренно неоднородный,грубая,овальная,красноватый,средне упорядоченная,размер:маленький,периметр:средний,выпуклость:высокая,плотность:средняя,заполнение_bbox:среднее,вариация_радиуса:средняя,граница:сильно_изрезанная,форма:умеренно_вытянутая,отношение_периметр_площадь:среднее,красный:норма,зеленый:повышен,синий:норма,контраст:выраженный,центр:оттенок_как_периферия,насыщенность_центра:выше,яркость_центра:темнее,ободок:слегка_темнее,яркость_асимметрия:сильная_лево_право,яркость_асимметрия:слабая,насыщенность_асимметрия:слабая,насыщенность_асимметрия:слабая,разнообразие_оттенка:среднее,разнообразие_насыщенности:высокое,разнообразие_яркости:среднее,вариабельность_оттенка:низкая,вариабельность_насыщенности:высокая,вариабельность_яркости:средняя,насыщенность:средняя,яркость:средняя,энергия_текстуры:низкая,энтропия_текстуры:высокая,энтропия_lbp:средняя,среднее_lbp:низкое,разброс_lbp:средний,медиана_lbp:типичная,темные_пиксели:единичные,белые_пиксели:нет,красные_пиксели:много,синие_пиксели:нет,яркие_выбросы:нет,темные_выбросы:умеренно
/kaggle/input/datasets/mihailodin1/all-image-skin/1306.jpg,success,14.957133572221322,83.62096021402245,148.97843255502127,10.649721354217242,54.593670474005854,26.421407454137764,0.2767795716892774,0.33133865851543864,0.3918817671606026,1.2228871575267535,2.4855588049143464,1.6596890021131543,31.210287071354013,11.363492632354834,"[[20, 50, 164], [10, 115, 134], [112, 11, 174]]",0.00910365268827207,0.0,0.35365349021469605,1.6038852516335571e-06,-1.2206752361443307,60.22430031662159,-16.484428273294185,22.37367762957777,-37.44991401752271,-23.86133178020367,39.98870912041227,-12.5573998199323,6.4155410065342285e-06,0.05436208671886779,623486,3205.7455018758774,4.059903290334666,0.7623922747777723,0.7908560311284046,0.7516135255440939,0.961322661666957,0.7460072460646785,6525.071628103556,1.0560714071610704,0.9345411671797309,0.2353822908763835,0.9098713788795715,0.345469538518203,5.08730191548166,0.20004256430595996,2.126398780591835,5.005119002705413,2.264342268183978,5.0,201.60303637377652,2.0,0.37580676277204694,1.4708632804703659,0.42517132462677887,выраженная,умеренно неровные,умеренный,умеренно разнообразная,неоднородная,лобуляции слабые,слабо пигментированная,умеренно вытянутая,без выраженного ободка,цвет неоднородный,грубая,овальная,красноватый,хаотичная,размер:средний,периметр:большой,выпуклость:средняя,плотность:средняя,заполнение_bbox:среднее,вариация_радиуса:высокая,граница:сильно_изрезанная,форма:умеренно_вытянутая,отношение_периметр_площадь:среднее,красный:понижен,зеленый:повышен,синий:повышен,контраст:умеренный,центр:оттенок_как_периферия,насыщенность_центра:выше,яркость_центра:равная,ободок:слегка_темнее,яркость_асимметрия:сильная_право_лево,яркость_асимметрия:сильная_верх_низ,насыщенность_асимметрия:сильная_лево_право,насыщенность_асимметрия:сильная_низ_верх,разнообразие_оттенка:высокое,разнообразие_насыщенности:высокое,разнообразие_яркости:среднее,вариабельность_оттенка:средняя,вариабельность_насыщенности:высокая,вариабельность_яркости:средняя,насыщенность:средняя,яркость:средняя,энергия_текстуры:низкая,энтропия_текстуры:высокая,энтропия_lbp:высокая,среднее_lbp:среднее,разброс_lbp:высокий,медиана_lbp:типичная,темные_пиксели:единичные,белые_пиксели:нет,красные_пиксели:мало,синие_пиксели:нет,яркие_выбросы:нет,темные_выбросы:много
/kaggle/input/datasets/mihailodin1/all-image-skin/1307.jpg,success,12.787665863598635,125.43441815478856,166.86008967538942,3.0184768667884785,50.742773541507894,31.429700386921343,0.23797363125426405,0.32323497232965337,0.438791393786386,0.6415684343420501,2.447333868419161,1.9600039885392346,52.0063051017285,18.281755191374746,"[[14, 77, 192], [11, 196, 119], [13, 144, 166]]",0.000737344247222272,5.07483894849337e-05,0.7124775363746545,0.0,-1.4683527137341628,81.04745670444308,-46.91481200746912,10.314505913804396,1.657421006081293,-4.420071751270825,15.873096121688505,-31.283839362715185,0.0,0.056103837175284936,334986,2351.0794194936752,4.062131434314636,0.7615561354763136,0.909985935302391,0.41318144286002817,0.9370657148291952,0.7282035229132836,760.306710683779,1.0756443549292436,1.0059558837261025,0.22432206788227604,0.8918260899877016,0.28744215188405764,5.335989758016113,0.22771199865335653,2.0790198733597225,4.85320985093739,2.1497294326015495,5.0,161.69571621849138,1.0,0.20659072143001408,1.0827327434294207,0.4194665510948246,умеренная,умеренно неровные,выраженный,монотонная,неоднородная,лобуляции слабые,с примесью красного или синего,умеренно вытянутая,тёмный ободок по краю,цвет умеренно неоднородный,грубая,овальная,красноватый,средне упорядоченная,размер:маленький,периметр:средний,выпуклость:средняя,плотность:средняя,заполнение_bbox:среднее,вариация_радиуса:средняя,граница:сильно_изрезанная,форма:округлая,отношение_периметр_площадь:среднее,красный:понижен,зеленый:повышен,синий:норма,контраст:выраженный,центр:оттенок_как_периферия,насыщенность_центра:выше,яркость_центра:темнее,ободок:слегка_темнее,яркость_асимметрия:слабая,яркость_асимметрия:слабая,насыщенность_асимметрия:слабая,насыщенность_асимметрия:слабая,разнообразие_оттенка:среднее,разнообразие_насыщенности:высокое,разнообразие_яркости:среднее,вариабельность_оттенка:низкая,вариабельность_насыщенности:высокая,вариабельность_яркости:средняя,насыщенность:средняя,яркость:средняя,энергия_текстуры:низкая,энтропия_текстуры:высокая,энтропия_lbp:средняя,среднее_lbp:низкое,разброс_lbp:средний,медиана_lbp:типичная,темные_пиксели:нет,белые_пиксели:нет,красные_пиксели:умеренно,синие_пиксели:нет,яркие_выбросы:нет,темные_выбросы:много
/kaggle/input/datasets/mihailodin1/all-image-skin/1308.jpg,success,8.282265859402978,152.42855505144897,122.57468612996686,3.50248547561077,52.809460573923154,37.66120465757254,0.22256171983986076,0.2968490935967315,0.48058918264262085,0.5391692601443105,2.3817254142133515,2.131425366376855,57.91372070427921,27.293762902200058,"[[8, 198, 90], [3, 77, 170], [11, 119, 150]]",0.0028590485586643412,0.0,0.9751439946084528,0.0,0.01797202047193025,72.24986796045992,-48.24362049351021,-12.771424482122299,17.518618811143625,21.89404473238092,-29.410671798368497,-51.02681457898733,3.473935065205761e-06,0.0012332469481480452,287858,2251.027684688568,4.19557688893811,0.7138821042303052,0.7338820301783264,0.7525584904852571,0.9533331787818473,0.7380690486263349,2778.2073092408687,1.078237158692326,1.0189252341545316,0.1863222971644388,0.9150231561435375,0.3042902188703129,5.172975663193628,0.21979087199658454,2.0659138371125234,5.001609753707683,2.112203071160303,5.0,202.1062202984574,1.0,0.37627924524262857,1.1562484832047268,0.42869711906266045,выраженная,фестончатые,выраженный,монотонная,неоднородная,лобуляции слабые,с примесью красного или синего,умеренно вытянутая,тёмный ободок по краю,цвет умеренно неоднородный,грубая,овальная,красноватый,средне упорядоченная,размер:маленький,периметр:средний,выпуклость:средняя,плотность:средняя,заполнение_bbox:среднее,вариация_радиуса:средняя,граница:сильно_изрезанная,форма:умеренно_вытянутая,отношение_периметр_площадь:среднее,красный:норма,зеленый:норма,синий:норма,контраст:выраженный,центр:оттенок_как_периферия,насыщенность_центра:выше,яркость_центра:темнее,ободок:темнее_центра,яркость_асимметрия:слабая,яркость_асимметрия:сильная_низ_верх,насыщенность_асимметрия:слабая,насыщенность_асимметрия:сильная_верх_низ,разнообразие_оттенка:среднее,разнообразие_насыщенности:высокое,разнообразие_яркости:высокое,вариабельность_оттенка:низкая,вариабельность_насыщенности:высокая,вариабельность_яркости:высокая,насыщенность:средняя,яркость:средняя,энергия_текстуры:низкая,энтропия_текстуры:высокая,энтропия_lbp:средняя,среднее_lbp:среднее,разброс_lbp:средний,медиана_lbp:типичная,темные_пиксели:единичные,белые_пиксели:нет,красные_пиксели:преобладают,синие_пиксели:нет,яркие_выбросы:нет,темные_выбросы:нет
/kaggle/input/datasets/mihailodin1/all-image-skin/1309.jpg,success,7.069980260648918,125.65322396688343,143.12570348404563,4.752194354047422,52.00889234943495,56.29765458545072,0.2539246165882082,0.30527148950555494,0.4408038908263941,0.6595421192610509,2.4846055707650976,2.3048598735913424,66.27647561189,26.326368731976793,"[[10, 127, 163], [5, 66, 190], [4, 189, 62]]",0.1219752523193939,0.0010003028954561942,0.9212845758902696,1.6827525344122892e-05,-1.5238507651464488,58.531688357449454,-64.10223055998223,58.43935114443333,-36.18887217986534,7.793119703947184,-8.194599047734528,-54.84468891394624,0.0,0.06385858895590814,534838,2921.1597154140472,3.9943321392357714,0.787628666812915,1.4231843575418994,0.752762738613873,0.9711031987115821,0.7330524503703378,4846.958767824492,1.054583500196761,0.9349925772531965,0.22385495780692224,0.9005007788173324,0.2634316250032323,5.495336278056522,0.2313143166636577,2.0439835741588173,4.908777532045495,2.084458415475184,5.0,234.77371175855853,1.0,0.5879735480778863,1.4063574776323668,0.4206998603836546,выраженная,умеренно неровные,выраженный,монотонная,неоднородная,лобуляции слабые,с примесью красного или синего,вытянутая,тёмный ободок по краю,цвет неоднородный,грубая,овальная,красноватый,средне упорядоченная,размер:средний,периметр:средний,выпуклость:средняя,плотность:высокая,заполнение_bbox:среднее,вариация_радиуса:высокая,граница:сильно_изрезанная,форма:умеренно_вытянутая,отношение_периметр_площадь:среднее,красный:понижен,зеленый:норма,синий:повышен,контраст:выраженный,центр:оттенок_как_периферия,насыщенность_центра:умеренно_выше,яркость_центра:значительно_темнее,ободок:темнее_центра,яркость_асимметрия:сильная_право_лево,яркость_асимметрия:слабая,насыщенность_асимметрия:сильная_лево_право,насыщенность_асимметрия:слабая,разнообразие_оттенка:среднее,разнообразие_насыщенности:высокое,разнообразие_яркости:высокое,вариабельность_оттенка:низкая,вариабельность_насыщенности:высокая,вариабельность_яркости:высокая,насыщенность:средняя,яркость:средняя,энергия_текстуры:низкая,энтропия_текстуры:высокая,энтропия_lbp:средняя,среднее_lbp:среднее,разброс_lbp:средний,медиана_lbp:типичная,темные_пиксели:много,белые_пиксели:единичные,красные_пиксели:много,синие_пиксели:нет,яркие_выбросы:нет,темные_выбросы:много
/kaggle/input/datasets/mihailodin1/all-image-skin/131.jpg,success,5.941893979839916,112.12284135583872,144.34819455794667,11.468029406419998,62.5959721118441,28.41785318302546,0.26334679084100054,0.31059220656023334,0.4260609996436743,1.1623888460405425,2.4772790583436546,1.8934141558756061,63.11647617292775,23.7416259317822,"[[6, 57, 168], [10, 162, 123], [156, 26, 181]]",3.699331766161876e-05,0.0016209799193545676,0.7122592491701726,3.363028878328978e-06,6.303578335993947,99.77569814326367,-45.98316468005841,1.7718246953389212,-5.770115681172044,-9.191484153800701,19.71540168418825,-40.25371954156458,0.0015738975150579619,0.0027206903625681435,297351,2112.209362268448,3.8734884167052814,0.8375395819150832,0.7742857142857142,0.6910681285730514,0.9880182218722275,0.7837401159725883,1416.4980526518282,1.0524383548564196,0.9924031978645318,0.16315327259412676,0.9190132624956794,0.30688958785993975,5.135536590132013,0.21444635623416564,2.0901816095901764,4.993496904255463,2.1637186950842606,5.0,188.51126737381594,2.0,0.3455340642865257,1.5830031113394978,0.41228012479597026,выраженная,умеренно неровные,выраженный,умеренно разнообразная,неоднородная,лобуляции слабые,с примесью красного или синего,умеренно вытянутая,тёмный ободок по краю,цвет неоднородный,грубая,овальная,красноватый,средне упорядоченная,размер:маленький,периметр:средний,выпуклость:средняя,плотность:высокая,заполнение_bbox:среднее,вариация_радиуса:средняя,граница:сильно_изрезанная,форма:умеренно_вытянутая,отношение_периметр_площадь:среднее,красный:понижен,зеленый:повышен,синий:повышен,контраст:выраженный,центр:синее_периферии,насыщенность_центра:выше,яркость_центра:темнее,ободок:слегка_темнее,яркость_асимметрия:слабая,яркость_асимметрия:слабая,насыщенность_асимметрия:слабая,насыщенность_асимметрия:слабая,разнообразие_оттенка:высокое,разнообразие_насыщенности:высокое,разнообразие_яркости:среднее,вариабельность_оттенка:средняя,вариабельность_насыщенности:высокая,вариабельность_яркости:средняя,насыщенность:средняя,яркость:средняя,энергия_текстуры:низкая,энтропия_текстуры:высокая,энтропия_lbp:средняя,среднее_lbp:среднее,разброс_lbp:средний,медиана_lbp:типичная,темные_пиксели:нет,белые_пиксели:единичные,красные_пиксели:умеренно,синие_пиксели:нет,яркие_выбросы:единичные,темные_выбросы:нет
/kaggle/input/datasets/mihailodin1/all-image-skin/1310.jpg,success,15.001705182359299,45.865260856749856,188.29541658479073,8.875337280584526,16.822753237482157,9.422620458249662,0.30108592573187976,0.33225598398601247,0.36665808833310815,1.1166942265121966,1.4952109426653688,0.9923651731671079,4.072449451767107,1.1806980524954753,"[[9, 47, 191], [42, 18, 180], [18, 47, 187]]",0.0,0.012846335232855178,0.20059503340538415,0.0,-4.5345908967300375,14.267923050533327,1.2502220196693372,-0.2992121426418066,5.8980685039329614,10.759359022517572,5.393962919668596,-0.5097610793974638,0.02170121831401061,0.021317424837885637,325696,2276.015492081642,3.9881271987439844,0.7900814425834997,0.7002487562189055,0.7725864980294934,0.9820947188768341,0.7195284677854069,3324.356724000178,1.040241759988758,0.9264259858110081,0.13707280314482287,0.9323115641769227,0.5673348545093548,3.979749567302416,0.16774946941120863,2.200764156537887,5.259230082453652,2.5010410257243803,5.0,42.40333855569364,2.0,0.3862932490147467,0.8374718696048515,0.4245370119091715,слабая,умеренно неровные,низкий,умеренно разнообразная,неоднородная,лобуляции слабые,слабо пигментированная,умеренно вытянутая,без выраженного ободка,цвет однородный,грубая,овальная,желтовато-коричневый,хаотичная,размер:маленький,периметр:средний,выпуклость:высокая,плотность:высокая,заполнение_bbox:среднее,вариация_радиуса:высокая,граница:сильно_изрезанная,форма:умеренно_вытянутая,отношение_периметр_площадь:среднее,красный:понижен,зеленый:повышен,синий:повышен,контраст:очень_слабый,центр:оттенок_как_периферия,насыщенность_центра:равна,яркость_центра:равная,ободок:одинаковый,яркость_асимметрия:слабая,яркость_асимметрия:слабая,насыщенность_асимметрия:слабая,насыщенность_асимметрия:слабая,разнообразие_оттенка:высокое,разнообразие_насыщенности:низкое,разнообразие_яркости:низкое,вариабельность_оттенка:средняя,вариабельность_насыщенности:низкая,вариабельность_яркости:низкая,насыщенность:низкая,яркость:высокая,энергия_текстуры:низкая,энтропия_текстуры:высокая,энтропия_lbp:высокая,среднее_lbp:высокое,разброс_lbp:высокий,медиана_lbp:типичная,темные_пиксели:нет,белые_пиксели:присутствуют,красные_пиксели:мало,синие_пиксели:нет,яркие_выбросы:много,темные_выбросы:умеренно
/kaggle/input/datasets/mihailodin1/all-image-skin/1311.jpg,success,3.7045539516004875,114.86573894265531,138.991224315634,11.32513741019457,50.780021097410284,28.270387064948114,0.26767245469609224,0.29935064737727,0.4329768948107517,1.3923598232126437,2.4807848429718025,1.886035030307147,30.66140245265815,13.006883690747202,"[[13, 163, 113], [170, 72, 164], [6, 85, 151]]",0.0002998766146440187,3.08243216227332e-06,0.7556613270134667,7.4859066798066345e-06,7.490510006553734,44.46973238252622,-17.77699398832121,1.838639262404655,-4.82124547268441,21.126064035439157,-5.20922283478275,-14.572201676596706,4.227335536831982e-05,0.027915826703902448,2270934,7555.964968800545,5.0140386750158665,0.4998440249858927,1.1767918088737201,0.5461208441936742,0.9415270262594586,0.8991447779986221,10121.167114558886,1.2877697851749157,1.0414410440592614,0.14165806525605248,0.930191378279991,0.33743764660896475,4.9633411812325665,0.20613247306892854,2.129987115562101,5.144456016628641,2.2902773451397516,5.0,102.73240798271213,2.0,0.3614563265336972,1.5160986177665638,0.4272219650737153,умеренная,фестончатые,умеренный,умеренно разнообразная,неоднородная,лобуляции слабые,с примесью красного или синего,умеренно вытянутая,без выраженного ободка,цвет неоднородный,грубая,неправильная,красноватый,хаотичная,размер:гигантский,периметр:большой,выпуклость:низкая,плотность:средняя,заполнение_bbox:высокое,вариация_радиуса:высокая,граница:сильно_изрезанная,форма:умеренно_вытянутая,отношение_периметр_площадь:высокое,красный:понижен,зеленый:норма,синий:повышен,контраст:умеренный,центр:синее_периферии,насыщенность_центра:умеренно_выше,яркость_центра:равная,ободок:слегка_темнее,яркость_асимметрия:слабая,яркость_асимметрия:сильная_низ_верх,насыщенность_асимметрия:слабая,насыщенность_асимметрия:слабая,разнообразие_оттенка:высокое,разнообразие_насыщенности:высокое,разнообразие_яркости:среднее,вариабельность_оттенка:средняя,вариабельность_насыщенности:высокая,вариабельность_яркости:средняя,насыщенность:средняя,яркость:средняя,энергия_текстуры:низкая,энтропия_текстуры:высокая,энтропия_lbp:высокая,среднее_lbp:высокое,разброс_lbp:высокий,медиана_lbp:типичная,темные_пиксели:нет,белые_пиксели:нет,красные_пиксели:умеренно,синие_пиксели:нет,яркие_выбросы:нет,темные_выбросы:умеренно
/kaggle/input/datasets/mihailodin1/all-image-skin/1312.jpg,success,2.7456368968106353,95.72259257844507,181.90750360059417,7.020472546508588,48.18447203973689,39.92140417167156,0.28137005206091287,0.2997036871315835,0.41892625850452897,0.9490858786990679,2.2790306751842158,1.9849444847157636,22.167832370203467,7.911314360182495,"[[6, 80, 201], [174, 70, 188], [8, 184, 115]]",0.016552780110624457,0.0010587925783374697,0.8651965518224629,2.1520174356452635e-06,2.36074770898918,-1.624437624834414,17.126799154152906,28.614800290072907,-66.28163434117717,25.363098091998438,-28.394516944074937,-4.843466214891691,0.0,0.07063513028582558,1858721,9064.899288535118,6.648993074449048,0.2842484484730676,1.279317697228145,0.7712859912365325,0.7491809767336127,0.7339181078733318,33715.254412704715,1.4536742894874266,1.0846229976516515,0.1431492040652912,0.9291455135051222,0.3480162773539462,5.071301078945554,0.19276426505248467,2.158606263631036,5.130890889333912,2.3554841240558244,5.0,169.76603415529996,2.0,0.5253018442323387,1.3523459833391378,0.5000721937374506,умеренная,фестончатые,умеренный,умеренно разнообразная,неоднородная,лобуляции выраженные,с примесью красного или синего,вытянутая,без выраженного ободка,цвет неоднородный,грубая,неправильная,красноватый,хаотичная,размер:крупный,периметр:очень_большой,выпуклость:низкая,плотность:низкая,заполнение_bbox:среднее,вариация_радиуса:высокая,граница:сильно_изрезанная,форма:умеренно_вытянутая,отношение_периметр_площадь:высокое,красный:понижен,зеленый:норма,синий:повышен,контраст:умеренный,центр:оттенок_как_периферия,насыщенность_центра:равна,яркость_центра:равная,ободок:одинаковый,яркость_асимметрия:сильная_право_лево,яркость_асимметрия:сильная_низ_верх,насыщенность_асимметрия:сильная_лево_право,насыщенность_асимметрия:сильная_верх_низ,разнообразие_оттенка:высокое,разнообразие_насыщенности:среднее,разнообразие_яркости:среднее,вариабельность_оттенка:средняя,вариабельность_насыщенности:высокая,вариабельность_яркости:высокая,насыщенность:средняя,яркость:высокая,энергия_текстуры:низкая,энтропия_текстуры:высокая,энтропия_lbp:высокая,среднее_lbp:высокое,разброс_lbp:высокий,медиана_lbp:типичная,темные_пиксели:единичные,белые_пиксели:единичные,красные_пиксели:много,синие_пиксели:нет,яркие_выбросы:нет,темные_выбросы:много
/kaggle/input/datasets/mihailodin1/all-image-skin/1313.jpg,success,6.800541190959945,153.79453422894852,146.04817906007625,3.3399756480286595,39.76678271512634,28.9968561608686,0.21449996539677413,0.2826078080019769,0.502892223157918,0.3066907028025634,2.23420388179016,1.9251544213445246,44.56846538135869,19.704991667441607,"[[8, 144, 158], [3, 102, 176], [8, 193, 117]]",3.7776387396852755e-05,0.0,0.9994593254553825,0.0,0.9450422613625733,46.217604738215584,-31.98962259623437,-2.936125518085788,-6.36627226140584,6.8824964552268,-7.788204796637899,-28.743318123137954,1.1805121061516485e-05,0.05679207640274351,423545,2720.9587049484253,4.180923017899091,0.7188950973222566,1.3572453371592539,0.7888540323279164,0.9603781242984996,0.6423557924175187,5183.345121455448,1.0725517821576056,0.9455492863953102,0.16197903776565442,0.9205248298312946,0.3339000224508921,4.984534324152995,0.22577631779113105,2.060476812767376,4.97999781318932,2.1078576151059125,5.0,103.12536862716885,1.0,0.5730496847435851,0.8756415860615456,0.42930369169515015,умеренная,фестончатые,выраженный,монотонная,неоднородная,лобуляции слабые,с примесью красного или синего,вытянутая,тёмный ободок по краю,цвет умеренно неоднородный,грубая,овальная,красноватый,средне упорядоченная,размер:средний,периметр:средний,выпуклость:средняя,плотность:средняя,заполнение_bbox:низкое,вариация_радиуса:высокая,граница:сильно_изрезанная,форма:умеренно_вытянутая,отношение_периметр_площадь:среднее,красный:норма,зеленый:норма,синий:норма,контраст:умеренный,центр:оттенок_как_периферия,насыщенность_центра:умеренно_выше,яркость_центра:темнее,ободок:слегка_темнее,яркость_асимметрия:слабая,яркость_асимметрия:слабая,насыщенность_асимметрия:слабая,насыщенность_асимметрия:слабая,разнообразие_оттенка:низкое,разнообразие_насыщенности:среднее,разнообразие_яркости:среднее,вариабельность_оттенка:низкая,вариабельность_насыщенности:средняя,вариабельность_яркости:средняя,насыщенность:средняя,яркость:средняя,энергия_текстуры:низкая,энтропия_текстуры:высокая,энтропия_lbp:средняя,среднее_lbp:среднее,разброс_lbp:средний,медиана_lbp:типичная,темные_пиксели:нет,белые_пиксели:нет,красные_пиксели:преобладают,синие_пиксели:нет,яркие_выбросы:нет,темные_выбросы:много
/kaggle/input/datasets/mihailodin1/all-image-skin/1314.jpg,success,11.197014351810047,136.20188467144868,169.8627591062943,2.3271562072946304,45.46396833935299,31.851481918427037,0.22773606980627284,0.31401641681121045,0.45824751068476105,0.6952807224800642,2.315617527026165,1.9706994552737207,48.059546188275576,17.466794365392587,"[[12, 142, 174], [11, 89, 199], [10, 193, 127]]",0.0,2.0588501733551845e-06,0.927798183270607,0.0,-1.036618488636833,70.84859641223257,-46.73848564566467,-0.7189184344593684,-3.2360114815397196,20.881520623927543,-17.0034842347837,-34.66451035117322,2.0588501733551845e-06,0.03961845388587382,485708,2746.088647723198,3.9402785495392725,0.8093866095450537,0.7357894736842105,0.6831216158027054,0.9796311871353167,0.73143287403057,2416.0646526758032,1.0570922983959616,0.9252755526709379,0.17632252792034578,0.9134107282770515,0.2956988317021711,5.191184145179243,0.206449609835862,2.1158128271279684,4.981116883654503,2.231590121897273,5.0,160.4636353212444,1.0,0.3415608079013527,1.024546556774304,0.41589320169665694,умеренная,умеренно неровные,выраженный,монотонная,неоднородная,лобуляции слабые,с примесью красного или синего,умеренно вытянутая,тёмный ободок по краю,цвет умеренно неоднородный,грубая,овальная,красноватый,хаотичная,размер:средний,периметр:средний,выпуклость:средняя,плотность:высокая,заполнение_bbox:среднее,вариация_радиуса:средняя,граница:сильно_изрезанная,форма:умеренно_вытянутая,отношение_периметр_площадь:среднее,красный:норма,зеленый:повышен,синий:норма,контраст:умеренный,центр:оттенок_как_периферия,насыщенность_центра:выше,яркость_центра:темнее,ободок:слегка_темнее,яркость_асимметрия:слабая,яркость_асимметрия:сильная_низ_верх,насыщенность_асимметрия:слабая,насыщенность_асимметрия:слабая,разнообразие_оттенка:среднее,разнообразие_насыщенности:высокое,разнообразие_яркости:среднее,вариабельность_оттенка:низкая,вариабельность_насыщенности:высокая,вариабельность_яркости:средняя,насыщенность:средняя,яркость:средняя,энергия_текстуры:низкая,энтропия_текстуры:высокая,энтропия_lbp:высокая,среднее_lbp:среднее,разброс_lbp:средний,медиана_lbp:типичная,темные_пиксели:нет,белые_пиксели:нет,красные_пиксели:много,синие_пиксели:нет,яркие_выбросы:нет,темные_выбросы:умеренно
/kaggle/input/datasets/mihailodin1/all-image-skin/1315.jpg,success,11.755227264470983,129.49725735042318,170.44373746392054,2.8316876341700925,48.921751121609496,31.887391102037828,0.23479992561091836,0.3183084931221976,0.44689157864495377,0.7008332277235364,2.4252626328157634,1.9429814100774618,52.38044926049878,18.38814330333386,"[[12, 82, 197], [10, 196, 122], [13, 144, 169]]",0.0007643950883029206,3.363338388532851e-05,0.8415408981948046,0.0,-0.9356095678060967,78.29731081814036,-49.263528337531,1.5267218041936133,5.819617300947641,-11.114361068717415,10.561767539572472,-35.641868071374375,0.0,0.055385010518076414,327056,2268.920039176941,3.967419562386989,0.7983505029614858,1.076069730586371,0.28934532853004835,0.9508658084173557,0.7633487299538568,510.64977323314383,1.0610533744896133,0.9164203954498965,0.227102243880011,0.8907979169005115,0.2870934484758548,5.315877895951924,0.23052007032387778,2.0688369172469003,4.844625488403026,2.1250203585790897,5.0,157.5189164369086,1.0,0.18270752955820962,1.077689316973027,0.4167404548321402,умеренная,умеренно неровные,выраженный,монотонная,неоднородная,лобуляции слабые,с примесью красного или синего,округлая,тёмный ободок по краю,цвет умеренно неоднородный,грубая,овальная,красноватый,средне упорядоченная,размер:маленький,периметр:средний,выпуклость:средняя,плотность:средняя,заполнение_bbox:среднее,вариация_радиуса:средняя,граница:сильно_изрезанная,форма:округлая,отношение_периметр_площадь:среднее,красный:понижен,зеленый:повышен,синий:норма,контраст:выраженный,центр:оттенок_как_периферия,насыщенность_центра:выше,яркость_центра:темнее,ободок:слегка_темнее,яркость_асимметрия:слабая,яркость_асимметрия:слабая,насыщенность_асимметрия:слабая,насыщенность_асимметрия:слабая,разнообразие_оттенка:высокое,разнообразие_насыщенности:высокое,разнообразие_яркости:среднее,вариабельность_оттенка:низкая,вариабельность_насыщенности:высокая,вариабельность_яркости:средняя,насыщенность:средняя,яркость:высокая,энергия_текстуры:низкая,энтропия_текстуры:высокая,энтропия_lbp:средняя,среднее_lbp:низкое,разброс_lbp:средний,медиана_lbp:типичная,темные_пиксели:нет,белые_пиксели:нет,красные_пиксели:умеренно,синие_пиксели:нет,яркие_выбросы:нет,темные_выбросы:много
/kaggle/input/datasets/mihailodin1/all-image-skin/1316.jpg,success,13.754866467607984,115.23273391251551,191.1751966570533,2.8109111049134015,46.16770395843316,32.62828824348026,0.24578010049745078,0.32799235183501957,0.4262275454380167,0.5031003535548116,2.3493742796213306,1.8748931185337994,43.13342639897673,13.730066391545177,"[[15, 77, 214], [11, 191, 133], [14, 131, 190]]",4.464405296570444e-06,6.250167415198622e-05,0.575765422288097,0.0,-1.3131649223210928,60.07299649281414,-39.17927006712884,23.60180473630487,-22.61446847507176,13.69285076813722,-13.138104237132183,-31.491327732704917,0.0,0.0664928524871202,223994,1862.5697530508041,3.935449586065876,0.811374131547009,1.1623246492985972,0.5727984643842583,0.9705238802930714,0.773940985419114,484.2745086399164,1.0738391487737315,0.9775646650696327,0.23190108146573118,0.889871037278736,0.31279232961582054,5.268699612964307,0.2209234260601749,2.0997772672592543,4.861360013688391,2.1890443532972017,5.0,173.6126596989101,1.0,0.3675615568414278,1.0074320472382838,0.3979265812347544,умеренная,умеренно неровные,умеренный,монотонная,неоднородная,лобуляции слабые,слабо пигментированная,умеренно вытянутая,тёмный ободок по краю,цвет умеренно неоднородный,грубая,овальная,красноватый,средне упорядоченная,размер:маленький,периметр:средний,выпуклость:средняя,плотность:высокая,заполнение_bbox:среднее,вариация_радиуса:низкая,граница:сильно_изрезанная,форма:умеренно_вытянутая,отношение_периметр_площадь:среднее,красный:понижен,зеленый:повышен,синий:норма,контраст:умеренный,центр:оттенок_как_периферия,насыщенность_центра:выше,яркость_центра:темнее,ободок:слегка_темнее,яркость_асимметрия:сильная_право_лево,яркость_асимметрия:слабая,насыщенность_асимметрия:сильная_лево_право,насыщенность_асимметрия:слабая,разнообразие_оттенка:среднее,разнообразие_насыщенности:высокое,разнообразие_яркости:среднее,вариабельность_оттенка:низкая,вариабельность_насыщенности:высокая,вариабельность_яркости:средняя,насыщенность:средняя,яркость:высокая,энергия_текстуры:низкая,энтропия_текстуры:высокая,энтропия_lbp:средняя,среднее_lbp:низкое,разброс_lbp:средний,медиана_lbp:типичная,темные_пиксели:нет,белые_пиксели:нет,красные_пиксели:умеренно,синие_пиксели:нет,яркие_выбросы:нет,темные_выбросы:много
/kaggle/input/datasets/mihailodin1/all-image-skin/1317.jpg,success,12.349185151323292,134.9881685349935,166.00170253372937,2.558979990677129,41.96428208579929,23.85990704053607,0.22461757860518283,0.3190356872114401,0.456346731434328,0.6645269070689588,2.295194760769823,1.7956672181110325,46.402446987801916,16.90187113355238,"[[11, 184, 137], [13, 87, 189], [13, 142, 167]]",0.0,7.042538694348539e-06,0.8160277616875331,0.0,-1.4325834689619512,60.47615182348051,-32.784834482898475,11.935970762807813,-9.468916429117797,-5.069261334779327,13.106930002479459,-24.000932178664982,0.001163779519241096,0.033473186414238604,567977,3028.4633190631866,4.018434956275429,0.778208513914745,0.8378378378378378,0.5790845257159724,0.9565992865636147,0.7325219378569254,1676.8846612745203,1.076806319440884,0.9557742769508778,0.1931967741651007,0.9047441454514052,0.3090162907296919,5.123070793677732,0.2138187252971426,2.086591255068778,4.8955998810012895,2.163023303500626,5.0,134.27464830452533,1.0,0.2895422628579862,0.9096729510531643,0.415840725888392,умеренная,умеренно неровные,выраженный,монотонная,неоднородная,лобуляции слабые,с примесью красного или синего,умеренно вытянутая,тёмный ободок по краю,цвет умеренно неоднородный,грубая,овальная,красноватый,средне упорядоченная,размер:средний,периметр:большой,выпуклость:средняя,плотность:средняя,заполнение_bbox:среднее,вариация_радиуса:средняя,граница:сильно_изрезанная,форма:умеренно_вытянутая,отношение_периметр_площадь:среднее,красный:норма,зеленый:повышен,синий:норма,контраст:умеренный,центр:оттенок_как_периферия,насыщенность_центра:выше,яркость_центра:темнее,ободок:слегка_темнее,яркость_асимметрия:слабая,яркость_асимметрия:слабая,насыщенность_асимметрия:слабая,насыщенность_асимметрия:слабая,разнообразие_оттенка:среднее,разнообразие_насыщенности:среднее,разнообразие_яркости:среднее,вариабельность_оттенка:низкая,вариабельность_насыщенности:средняя,вариабельность_яркости:средняя,насыщенность:средняя,яркость:средняя,энергия_текстуры:низкая,энтропия_текстуры:высокая,энтропия_lbp:средняя,среднее_lbp:низкое,разброс_lbp:средний,медиана_lbp:типичная,темные_пиксели:нет,белые_пиксели:нет,красные_пиксели:умеренно,синие_пиксели:нет,яркие_выбросы:единичные,темные_выбросы:умеренно
/kaggle/input/datasets/mihailodin1/all-image-skin/1318.jpg,success,8.519558562077227,145.19085589234544,126.37278893469876,3.5989929731408448,57.47468805015079,43.96808313487935,0.23354587215265446,0.303229833176335,0.4632242910054724,0.5816405784748856,2.420186025706494,2.2509346616809958,64.45046600548831,28.57296032845863,"[[8, 205, 78], [7, 72, 173], [11, 138, 144]]",0.05081671885768175,0.0,0.9525988707395809,0.0,-0.43906692139863424,83.08827938973774,-66.14101065221135,31.44444770041703,-33.27621481570509,-16.868788606615837,18.892496230392794,-53.08553731257413,0.0,0.008354592607817771,165418,1635.17278444767,4.020427800247133,0.7774372209773575,1.1629464285714286,0.7004987633079022,0.9566157760814249,0.708707499314505,935.1981732786198,1.0642011999584862,0.8975651015966007,0.17702573362536053,0.9133565322933658,0.2786641790699817,5.2992933125263555,0.23047988911074882,2.0377260605064214,4.967691903741291,2.0497665205121414,5.0,250.15030431647847,1.0,0.4317225959396654,1.2798042889070511,0.4197717250309892,выраженная,умеренно неровные,выраженный,монотонная,неоднородная,лобуляции слабые,с примесью красного или синего,умеренно вытянутая,тёмный ободок по краю,цвет умеренно неоднородный,грубая,овальная,красноватый,средне упорядоченная,размер:маленький,периметр:средний,выпуклость:средняя,плотность:средняя,заполнение_bbox:среднее,вариация_радиуса:средняя,граница:сильно_изрезанная,форма:умеренно_вытянутая,отношение_периметр_площадь:среднее,красный:норма,зеленый:норма,синий:норма,контраст:выраженный,центр:оттенок_как_периферия,насыщенность_центра:выше,яркость_центра:значительно_темнее,ободок:темнее_центра,яркость_асимметрия:сильная_право_лево,яркость_асимметрия:сильная_верх_низ,насыщенность_асимметрия:сильная_лево_право,насыщенность_асимметрия:слабая,разнообразие_оттенка:среднее,разнообразие_насыщенности:высокое,разнообразие_яркости:высокое,вариабельность_оттенка:низкая,вариабельность_насыщенности:высокая,вариабельность_яркости:высокая,насыщенность:средняя,яркость:средняя,энергия_текстуры:низкая,энтропия_текстуры:высокая,энтропия_lbp:средняя,среднее_lbp:среднее,разброс_lbp:низкий,медиана_lbp:типичная,темные_пиксели:много,белые_пиксели:нет,красные_пиксели:много,синие_пиксели:нет,яркие_выбросы:нет,темные_выбросы:нет
/kaggle/input/datasets/mihailodin1/all-image-skin/1319.jpg,success,7.706471424747636,136.2726012681612,171.29996454786786,3.4567273339822293,46.686180479645756,40.97068476248496,0.2358002427535941,0.29738516291293104,0.4668145916083452,0.4471519364994839,2.3997121481122674,2.0160269302255522,37.321496070907784,14.483487712897341,"[[7, 214, 85], [7, 97, 199], [10, 160, 165]]",0.024188605343020735,2.2424541418128e-05,0.9906628480876137,0.0,0.9856163133106435,38.15809924336827,-27.27300468565423,-46.18529958674114,55.40426039693125,1.7224747651006282,7.9531787126668405,-29.575740952462354,0.0,0.06860735055110981,936474,4919.8614991903305,5.083993830188296,0.4861830730301878,1.3397565922920893,0.7486112533846752,0.794599121462069,0.7189786457797507,17741.877789129547,1.2031095096824624,0.9589568953467844,0.18333831966956818,0.9096527116572938,0.3021023918272501,5.268742243758316,0.2143823556866452,2.0876875387855742,4.928728767822904,2.1691362547768605,5.0,177.68193370377298,1.0,0.5441839228383822,1.1035808810122523,0.45786668435938355,умеренная,фестончатые,умеренный,монотонная,неоднородная,лобуляции слабые,с примесью красного или синего,вытянутая,тёмный ободок по краю,цвет умеренно неоднородный,грубая,неправильная,красноватый,средне упорядоченная,размер:крупный,периметр:большой,выпуклость:низкая,плотность:низкая,заполнение_bbox:среднее,вариация_радиуса:высокая,граница:сильно_изрезанная,форма:умеренно_вытянутая,отношение_периметр_площадь:высокое,красный:норма,зеленый:норма,синий:норма,контраст:умеренный,центр:оттенок_как_периферия,насыщенность_центра:умеренно_выше,яркость_центра:темнее,ободок:слегка_темнее,яркость_асимметрия:сильная_лево_право,яркость_асимметрия:слабая,насыщенность_асимметрия:сильная_право_лево,насыщенность_асимметрия:слабая,разнообразие_оттенка:среднее,разнообразие_насыщенности:высокое,разнообразие_яркости:среднее,вариабельность_оттенка:низкая,вариабельность_насыщенности:высокая,вариабельность_яркости:высокая,насыщенность:средняя,яркость:высокая,энергия_текстуры:низкая,энтропия_текстуры:высокая,энтропия_lbp:средняя,среднее_lbp:среднее,разброс_lbp:средний,медиана_lbp:типичная,темные_пиксели:единичные,белые_пиксели:нет,красные_пиксели:преобладают,синие_пиксели:нет,яркие_выбросы:нет,темные_выбросы:много
/kaggle/input/datasets/mihailodin1/all-image-skin/132.jpg,success,10.5665098314569,179.0913823436103,131.86105903729126,4.1074344710085215,53.91365678990064,58.38990303265817,0.1885811773259507,0.30727699297203903,0.5041418258787296,0.7115489987187127,2.3580921319570125,2.548447216174579,97.65249460322609,39.28606886477158,"[[6, 222, 62], [15, 107, 197], [11, 199, 143]]",0.12105961410896086,1.442044241917342e-05,0.8301127678597179,0.0,-5.746830321363348,65.77729878556684,-89.39367540441091,21.389941497816935,-6.333540918585101,-14.905577836783735,-5.853994809394209,-76.06540341223534,0.0,0.00012257376056297407,138692,1433.2833943367004,3.8486317985862737,0.8483931169293714,1.1313131313131313,0.6517651999704671,0.9826415949894433,0.7817685786435786,526.5828021187923,1.0449044727328165,0.8680230097616466,0.39297737617342915,0.8377855162576312,0.2219231278178793,5.840955371822097,0.1891809313187013,2.193239721520292,4.865154480179833,2.4258906762776205,5.0,209.40085957392108,1.0,0.3915391656417992,1.437837330272217,0.4126760430741256,выраженная,умеренно неровные,выраженный,монотонная,неоднородная,лобуляции слабые,с примесью красного или синего,умеренно вытянутая,тёмный ободок по краю,цвет неоднородный,грубая,овальная,красноватый,хаотичная,размер:маленький,периметр:средний,выпуклость:высокая,плотность:высокая,заполнение_bbox:среднее,вариация_радиуса:средняя,граница:сильно_изрезанная,форма:умеренно_вытянутая,отношение_периметр_площадь:среднее,красный:норма,зеленый:норма,синий:понижен,контраст:сильный,центр:краснее_периферии,насыщенность_центра:выше,яркость_центра:значительно_темнее,ободок:темнее_центра,яркость_асимметрия:сильная_право_лево,яркость_асимметрия:слабая,насыщенность_асимметрия:слабая,насыщенность_асимметрия:слабая,разнообразие_оттенка:высокое,разнообразие_насыщенности:высокое,разнообразие_яркости:высокое,вариабельность_оттенка:низкая,вариабельность_насыщенности:высокая,вариабельность_яркости:высокая,насыщенность:высокая,яркость:средняя,энергия_текстуры:низкая,энтропия_текстуры:высокая,энтропия_lbp:высокая,среднее_lbp:низкое,разброс_lbp:высокий,медиана_lbp:типичная,темные_пиксели:много,белые_пиксели:нет,красные_пиксели:умеренно,синие_пиксели:нет,яркие_выбросы:нет,темные_выбросы:нет
/kaggle/input/datasets/mihailodin1/all-image-skin/1320.jpg,success,6.8924526032783175,170.93867570093704,138.21688532358692,2.567210311327449,41.650462445279565,40.19601605789237,0.19719690171798918,0.2750381762256188,0.5277649182380095,0.16296164148668146,2.2319062043628746,2.2641251679173062,57.23966266645486,26.51472203463497,"[[8, 170, 149], [6, 211, 96], [6, 113, 186]]",0.004631459891662063,0.0,0.9995889546619611,0.0,-1.2528927682560607,51.83527691640077,-56.33004162196066,6.752528310232464,-6.077195215880209,28.20845705877005,-27.106248746286468,-51.20235240794881,5.236246344445521e-06,0.023515982332904833,381953,2599.152575135231,4.205588838493951,0.710487172251991,1.0662824207492796,0.5314239940505856,0.9671777471101376,0.7437358828569203,701.5156103025237,1.1444869666470674,0.9299457354690746,0.17960169634908396,0.9123670777838644,0.2855782283857428,5.253792100261361,0.23138862165759544,2.0403535240058543,4.937288649332507,2.062902254510179,5.0,177.56264063778667,1.0,0.2988532073999326,0.944778872447638,0.40957307289292616,умеренная,фестончатые,выраженный,монотонная,неоднородная,лобуляции слабые,с примесью красного или синего,умеренно вытянутая,тёмный ободок по краю,цвет умеренно неоднородный,грубая,овальная,красноватый,средне упорядоченная,размер:маленький,периметр:средний,выпуклость:низкая,плотность:средняя,заполнение_bbox:среднее,вариация_радиуса:средняя,граница:сильно_изрезанная,форма:умеренно_вытянутая,отношение_периметр_площадь:высокое,красный:повышен,зеленый:понижен,синий:понижен,контраст:выраженный,центр:оттенок_как_периферия,насыщенность_центра:умеренно_выше,яркость_центра:значительно_темнее,ободок:темнее_центра,яркость_асимметрия:слабая,яркость_асимметрия:сильная_низ_верх,насыщенность_асимметрия:слабая,насыщенность_асимметрия:сильная_верх_низ,разнообразие_оттенка:низкое,разнообразие_насыщенности:среднее,разнообразие_яркости:высокое,вариабельность_оттенка:низкая,вариабельность_насыщенности:средняя,вариабельность_яркости:высокая,насыщенность:высокая,яркость:средняя,энергия_текстуры:низкая,энтропия_текстуры:высокая,энтропия_lbp:средняя,среднее_lbp:среднее,разброс_lbp:средний,медиана_lbp:типичная,темные_пиксели:единичные,белые_пиксели:нет,красные_пиксели:преобладают,синие_пиксели:нет,яркие_выбросы:нет,темные_выбросы:умеренно
/kaggle/input/datasets/mihailodin1/all-image-skin/1321.jpg,success,6.937470528380998,148.9913038599641,159.97072700265025,2.529754152706555,32.43851388677927,27.437297765424617,0.2168969143375449,0.28388145143236,0.499221631109389,0.11083852294797111,2.092070855617287,1.813849406673149,36.42491975140512,15.50790797380466,"[[7, 195, 113], [6, 116, 182], [8, 161, 159]]",0.005564995297939642,0.0,0.9999118363682996,0.0,0.5895289402190969,25.700271728908717,-18.88797223994868,10.056724680104224,3.888334695581449,15.299405928574942,-10.834399535958113,-24.057249021454368,0.0,0.051324591775668976,374304,2499.454090833664,4.085384436228056,0.7529116270159862,1.4619205298013245,0.84828087347473,0.9635834727764191,0.7018217545543863,6584.8998743257625,1.0488413247845356,0.9207692551236584,0.1600824393663661,0.9206687354105091,0.3584225070582206,4.901445453510839,0.21455359807292662,2.09869075364934,5.024757838817302,2.1905261225662547,5.0,85.25663774929522,1.0,0.6551007016380272,0.7107928856825835,0.42925143528174353,умеренная,умеренно неровные,выраженный,монотонная,неоднородная,лобуляции слабые,с примесью красного или синего,вытянутая,тёмный ободок по краю,цвет однородный,грубая,овальная,красноватый,средне упорядоченная,размер:маленький,периметр:средний,выпуклость:высокая,плотность:средняя,заполнение_bbox:среднее,вариация_радиуса:высокая,граница:сильно_изрезанная,форма:сильно_вытянутая,отношение_периметр_площадь:среднее,красный:норма,зеленый:норма,синий:норма,контраст:умеренный,центр:оттенок_как_периферия,насыщенность_центра:умеренно_выше,яркость_центра:равная,ободок:слегка_темнее,яркость_асимметрия:слабая,яркость_асимметрия:сильная_низ_верх,насыщенность_асимметрия:слабая,насыщенность_асимметрия:слабая,разнообразие_оттенка:низкое,разнообразие_насыщенности:среднее,разнообразие_яркости:среднее,вариабельность_оттенка:низкая,вариабельность_насыщенности:средняя,вариабельность_яркости:средняя,насыщенность:средняя,яркость:средняя,энергия_текстуры:низкая,энтропия_текстуры:высокая,энтропия_lbp:средняя,среднее_lbp:среднее,разброс_lbp:средний,медиана_lbp:типичная,темные_пиксели:единичные,белые_пиксели:нет,красные_пиксели:преобладают,синие_пиксели:нет,яркие_выбросы:нет,темные_выбросы:много
/kaggle/input/datasets/mihailodin1/all-image-skin/1322.jpg,success,7.722535059513719,123.70420070255945,157.24257979157682,4.157560196635724,47.30521907621673,27.27592710210284,0.24655469093199864,0.3036512654199644,0.44979404078752644,0.5189187169765117,2.3598266284037424,1.8868234148843248,50.62739925732612,19.288465399454672,"[[10, 166, 134], [9, 95, 175], [0, 60, 189]]",0.0,2.9308200853287332e-05,0.9557488035973724,0.0,2.8000359166106676,73.78203808243268,-42.02522564179404,-2.417796365826348,3.5786693030777172,-3.1441685124763126,5.944787141191114,-33.88053546966103,7.117705921512639e-05,0.017790077917945412,238841,1936.5525081157684,3.962550742371581,0.8003135884442425,1.0053191489361701,0.2918118596718939,0.9656422966050643,0.7468729283150087,373.1775103814514,1.0721803248230903,0.9945565443180104,0.2543535447460346,0.8758546815210946,0.2849702423730283,5.263335245769947,0.14871996217302463,2.2634527953970993,5.040148943715487,2.7492199640317376,5.0,133.69272096340887,1.0,0.148565504304032,1.014126480915181,0.31157921653610254,умеренная,умеренно неровные,выраженный,монотонная,неоднородная,лобуляции слабые,с примесью красного или синего,округлая,тёмный ободок по краю,цвет умеренно неоднородный,грубая,овальная,красноватый,хаотичная,размер:маленький,периметр:средний,выпуклость:средняя,плотность:средняя,заполнение_bbox:среднее,вариация_радиуса:низкая,граница:сильно_изрезанная,форма:округлая,отношение_периметр_площадь:среднее,красный:понижен,зеленый:норма,синий:норма,контраст:выраженный,центр:оттенок_как_периферия,насыщенность_центра:выше,яркость_центра:темнее,ободок:слегка_темнее,яркость_асимметрия:слабая,яркость_асимметрия:слабая,насыщенность_асимметрия:слабая,насыщенность_асимметрия:слабая,разнообразие_оттенка:среднее,разнообразие_насыщенности:высокое,разнообразие_яркости:среднее,вариабельность_оттенка:низкая,вариабельность_насыщенности:высокая,вариабельность_яркости:средняя,насыщенность:средняя,яркость:средняя,энергия_текстуры:низкая,энтропия_текстуры:высокая,энтропия_lbp:высокая,среднее_lbp:среднее,разброс_lbp:высокий,медиана_lbp:типичная,темные_пиксели:нет,белые_пиксели:нет,красные_пиксели:много,синие_пиксели:нет,яркие_выбросы:нет,темные_выбросы:умеренно
/kaggle/input/datasets/mihailodin1/all-image-skin/1323.jpg,success,9.495695837264858,126.89512097437475,157.2309455525915,3.3203370336248454,48.19072901412199,27.822110719487647,0.2405067206929041,0.3096552262097401,0.4498380502363528,0.6593984185815853,2.363888413981937,1.8880002972263874,53.744322161694754,20.129346207276612,"[[11, 101, 175], [4, 58, 191], [10, 171, 132]]",0.0,0.00014303798373658126,0.9253055648927573,0.0,1.034733315666216,71.97757176330437,-41.889276535077784,4.829025207487149,-4.287283282973533,-0.5714890105645054,1.030705993463613,-36.045180930004705,3.5759495934145313e-06,0.012315570399719646,279646,2106.2581326961517,3.9829723295482995,0.7921278550086229,1.0542763157894737,0.48767752707210626,0.9690583037338647,0.7175414648164874,598.8593644078841,1.0790445519211864,0.8981023059477985,0.2012113771294619,0.901643832893872,0.2979528732345767,5.173708223240877,0.23720292834216886,2.032606850528456,4.8674564535324025,2.0523088655466593,5.0,125.62008510853717,1.0,0.27097692143079,1.035655903102321,0.41250955913976656,умеренная,умеренно неровные,выраженный,монотонная,неоднородная,лобуляции слабые,с примесью красного или синего,умеренно вытянутая,тёмный ободок по краю,цвет умеренно неоднородный,грубая,овальная,красноватый,средне упорядоченная,размер:маленький,периметр:средний,выпуклость:средняя,плотность:средняя,заполнение_bbox:среднее,вариация_радиуса:средняя,граница:сильно_изрезанная,форма:округлая,отношение_периметр_площадь:среднее,красный:понижен,зеленый:норма,синий:норма,контраст:выраженный,центр:оттенок_как_периферия,насыщенность_центра:выше,яркость_центра:темнее,ободок:слегка_темнее,яркость_асимметрия:слабая,яркость_асимметрия:слабая,насыщенность_асимметрия:слабая,насыщенность_асимметрия:слабая,разнообразие_оттенка:среднее,разнообразие_насыщенности:высокое,разнообразие_яркости:среднее,вариабельность_оттенка:низкая,вариабельность_насыщенности:высокая,вариабельность_яркости:средняя,насыщенность:средняя,яркость:средняя,энергия_текстуры:низкая,энтропия_текстуры:высокая,энтропия_lbp:средняя,среднее_lbp:низкое,разброс_lbp:средний,медиана_lbp:типичная,темные_пиксели:нет,белые_пиксели:единичные,красные_пиксели:много,синие_пиксели:нет,яркие_выбросы:нет,темные_выбросы:умеренно
/kaggle/input/datasets/mihailodin1/all-image-skin/1324.jpg,success,5.802945539294712,130.24473545842918,180.27388432467959,3.5874187241320894,40.86791122201764,25.233525593220087,0.2411433729918437,0.2891165449050011,0.46974007949745283,0.2976559510742901,2.2505709986829534,1.8232552758658636,50.35289357762867,17.862890499681654,"[[7, 170, 155], [7, 116, 191], [1, 76, 210]]",0.0,0.0,0.9966151823858035,0.0,2.167444398287671,61.85824665491586,-38.561231799794825,0.04755323540604195,-3.477169448460046,9.580759772452012,-9.44200874294755,-30.20313667960093,0.00018402891883010188,0.016076240552086757,304300,2245.755606532097,4.071097620292088,0.7582053267729184,1.0728682170542636,0.6212021986861817,0.95521207403129,0.6817672626249048,1185.438687951077,1.0847296714921013,0.9223778004165107,0.18768328317273955,0.9069090641737106,0.3075713991503845,5.101317881264974,0.21716316802427463,2.0810053397242427,4.913571331559996,2.146104809164714,5.0,125.134414052264,1.0,0.34703520787022263,0.8550089800586861,0.41741342007427623,умеренная,умеренно неровные,выраженный,монотонная,неоднородная,лобуляции слабые,с примесью красного или синего,умеренно вытянутая,тёмный ободок по краю,цвет умеренно неоднородный,грубая,овальная,красноватый,средне упорядоченная,размер:маленький,периметр:средний,выпуклость:низкая,плотность:средняя,заполнение_bbox:низкое,вариация_радиуса:средняя,граница:сильно_изрезанная,форма:умеренно_вытянутая,отношение_периметр_площадь:среднее,красный:норма,зеленый:норма,синий:норма,контраст:выраженный,центр:оттенок_как_периферия,насыщенность_центра:выше,яркость_центра:темнее,ободок:слегка_темнее,яркость_асимметрия:слабая,яркость_асимметрия:слабая,насыщенность_асимметрия:слабая,насыщенность_асимметрия:слабая,разнообразие_оттенка:низкое,разнообразие_насыщенности:среднее,разнообразие_яркости:среднее,вариабельность_оттенка:низкая,вариабельность_насыщенности:средняя,вариабельность_яркости:средняя,насыщенность:средняя,яркость:высокая,энергия_текстуры:низкая,энтропия_текстуры:высокая,энтропия_lbp:средняя,среднее_lbp:среднее,разброс_lbp:средний,медиана_lbp:типичная,темные_пиксели:нет,белые_пиксели:нет,красные_пиксели:преобладают,синие_пиксели:нет,яркие_выбросы:нет,темные_выбросы:умеренно
/kaggle/input/datasets/mihailodin1/all-image-skin/1325.jpg,success,169.93227940571293,65.8373527255729,207.81763362265875,9.019794784544795,18.345432088980683,14.15117343326687,0.32136532064827056,0.29091868160433254,0.3877159958808359,1.2505373714006687,1.5074100386067029,1.3408436695594763,5.890627533951288,1.8760064240192993,"[[168, 68, 207], [0, 68, 214], [157, 58, 198]]",0.0,0.0028790888905415027,0.5930391917303218,0.00023160198455278506,7.981811097075138,12.741130913173684,6.7505420137486,1.7782209336764652,-9.574027020281832,-8.522175904978639,1.0962598947978535,14.498474559083576,0.006692022480266024,0.028402052546028237,941270,20461.50582563877,21.09018955181452,0.02825198050579691,1.3265306122448979,0.8523004088289539,0.4741025863163175,0.2886056465855573,62834.29496326981,3.735643326781957,1.1874055808450068,0.1522651290287204,0.9243561595629086,0.4477920790569037,4.454211573948177,0.1834055476728979,2.176559633375738,5.111104819504079,2.3989240537648002,5.0,48.44416777773221,2.0,0.5894155105369259,0.9382602242241358,0.898571218351502,слабая,фестончатые,низкий,умеренно разнообразная,неоднородная,лобуляции выраженные,слабо пигментированная,вытянутая,без выраженного ободка,цвет умеренно неоднородный,грубая,неправильная,красноватый,хаотичная,размер:крупный,периметр:очень_большой,неопределенная,плотность:низкая,заполнение_bbox:низкое,вариация_радиуса:высокая,граница:сильно_изрезанная,форма:сильно_вытянутая,отношение_периметр_площадь:высокое,красный:понижен,зеленый:норма,синий:повышен,контраст:очень_слабый,центр:синее_периферии,насыщенность_центра:равна,яркость_центра:равная,ободок:светлее,яркость_асимметрия:слабая,яркость_асимметрия:слабая,насыщенность_асимметрия:слабая,насыщенность_асимметрия:слабая,разнообразие_оттенка:высокое,разнообразие_насыщенности:низкое,разнообразие_яркости:низкое,вариабельность_оттенка:средняя,вариабельность_насыщенности:низкая,вариабельность_яркости:низкая,насыщенность:низкая,яркость:высокая,энергия_текстуры:низкая,энтропия_текстуры:высокая,энтропия_lbp:высокая,среднее_lbp:высокое,разброс_lbp:высокий,медиана_lbp:типичная,темные_пиксели:нет,белые_пиксели:единичные,красные_пиксели:умеренно,синие_пиксели:единичные,яркие_выбросы:единичные,темные_выбросы:умеренно
/kaggle/input/datasets/mihailodin1/all-image-skin/1326.jpg,success,174.35119762078304,71.25999178644764,192.6034681724846,8.807746074372753,22.45514821768307,13.04309208801497,0.3092409905528297,0.29452562472226895,0.3962333826675828,1.189424309005017,1.6371261366736507,1.279195040227974,9.168069024921989,2.8531990450842017,"[[165, 62, 190], [6, 94, 193], [174, 64, 195]]",0.0,0.001862422997946612,0.7664517453798768,6.160164271047228e-06,7.346358610866815,20.28112128088481,-4.409596897124658,10.566409077466915,3.7932976069632787,14.641620753418778,5.966835201876307,-17.26454872160889,0.028275154004106778,0.01162422997946612,487000,9735.94530081749,13.95126681673037,0.0645628323887942,1.0907335907335907,0.6476995315979425,0.5560439811378921,0.4159975398913452,17530.468656977395,2.7611273484405428,1.1252370606194915,0.14678758055219612,0.9270565649696637,0.46029593497071336,4.420580363005239,0.1876404423659149,2.168666908219823,5.12674274420449,2.37402304070275,5.0,67.00523942860156,2.0,0.36921656116576657,0.9459300161206596,0.655506806722615,слабая,фестончатые,низкий,умеренно разнообразная,неоднородная,лобуляции выраженные,с примесью красного или синего,умеренно вытянутая,без выраженного ободка,цвет умеренно неоднородный,грубая,неправильная,красноватый,хаотичная,размер:средний,периметр:очень_большой,неопределенная,плотность:низкая,заполнение_bbox:низкое,вариация_радиуса:высокая,граница:сильно_изрезанная,форма:умеренно_вытянутая,отношение_периметр_площадь:высокое,красный:понижен,зеленый:норма,синий:повышен,контраст:очень_слабый,центр:синее_периферии,насыщенность_центра:умеренно_выше,яркость_центра:равная,ободок:слегка_темнее,яркость_асимметрия:слабая,яркость_асимметрия:слабая,насыщенность_асимметрия:слабая,насыщенность_асимметрия:слабая,разнообразие_оттенка:высокое,разнообразие_насыщенности:низкое,разнообразие_яркости:низкое,вариабельность_оттенка:средняя,вариабельность_насыщенности:низкая,вариабельность_яркости:низкая,насыщенность:низкая,яркость:высокая,энергия_текстуры:низкая,энтропия_текстуры:высокая,энтропия_lbp:высокая,среднее_lbp:высокое,разброс_lbp:высокий,медиана_lbp:типичная,темные_пиксели:нет,белые_пиксели:единичные,красные_пиксели:умеренно,синие_пиксели:нет,яркие_выбросы:много,темные_выбросы:умеренно
/kaggle/input/datasets/mihailodin1/all-image-skin/1327.jpg,success,140.69376770639292,31.06494335742529,204.7931708150595,19.93292542926223,17.81257500806367,13.994788395146115,0.34661340055951173,0.3147736901138023,0.33861290759216994,1.9579833905254937,1.2881274159591642,1.3266996632888899,9.993057817622821,3.109344459328553,"[[146, 29, 205], [124, 29, 205], [176, 43, 203]]",0.0,0.37203664455322966,0.036961415899491284,0.013870011361490244,18.18669415276281,4.171745242429388,6.164146794464898,7.36995071123448,-2.2064286708479166,6.604870862461269,4.70803500304417,9.995795346738475,0.015096992352727807,0.033830261134410324,3335830,7938.842707633972,4.346655713587456,0.6651190386050054,0.9811320754716981,0.25560421937887473,0.9880720357809306,0.9880720357809306,12883.682936521363,1.08070279167356,0.9768380025104598,0.14088898417597578,0.9297936986607725,0.46888425906176523,4.3839114970641795,0.1728906331054244,2.1955865527097367,5.162116284522924,2.4702261186930556,5.0,49.41187143724493,3.0,0.12780210968943737,1.4720003293055457,0.43928834101699116,слабая,фестончатые,низкий,умеренно разнообразная,неоднородная,лобуляции слабые,с выраженными обесцвеченными участками,округлая,без выраженного ободка,цвет неоднородный,грубая,неправильная,фиолетовый,хаотичная,размер:гигантский,периметр:большой,выпуклость:низкая,плотность:высокая,заполнение_bbox:высокое,вариация_радиуса:высокая,граница:сильно_изрезанная,форма:округлая,отношение_периметр_площадь:высокое,красный:понижен,зеленый:повышен,синий:повышен,контраст:очень_слабый,центр:синее_периферии,насыщенность_центра:равна,яркость_центра:равная,ободок:одинаковый,яркость_асимметрия:слабая,яркость_асимметрия:слабая,насыщенность_асимметрия:слабая,насыщенность_асимметрия:слабая,разнообразие_оттенка:высокое,разнообразие_насыщенности:низкое,разнообразие_яркости:низкое,вариабельность_оттенка:средняя,вариабельность_насыщенности:низкая,вариабельность_яркости:низкая,насыщенность:низкая,яркость:высокая,энергия_текстуры:низкая,энтропия_текстуры:высокая,энтропия_lbp:высокая,среднее_lbp:высокое,разброс_lbp:высокий,медиана_lbp:типичная,темные_пиксели:нет,белые_пиксели:присутствуют,красные_пиксели:мало,синие_пиксели:присутствуют,яркие_выбросы:много,темные_выбросы:умеренно
/kaggle/input/datasets/mihailodin1/all-image-skin/1328.jpg,success,7.485216892809001,92.05378692653645,192.42289218239952,5.78335955113502,43.84590233987299,17.245630372200484,0.27164262174242765,0.31449606436115085,0.4138613117456302,0.8897252223470065,2.2928389899532067,1.4656690268508807,36.60212136317364,11.431592201632595,"[[11, 140, 175], [8, 69, 202], [177, 43, 208]]",0.0,0.020097212198840527,0.7581547843791371,0.0,5.255250445245366,68.62568121081198,-25.388925081654207,-5.519150598639982,8.93782024316883,0.7548616030653363,7.354887795122977,-18.292798309503127,0.00041102502951255297,0.035099625776048714,209233,1824.0672268867493,3.987730035264788,0.7902388289251316,0.788961038961039,0.6252842530430942,0.963390489170473,0.6988970391748169,871.3581291991663,1.0630443856873977,0.9695174972317289,0.18249893856394742,0.9095952033539061,0.35454619857064285,4.9125203648368885,0.20246806459387803,2.135296721855681,4.998544227524705,2.274065547860023,5.0,121.83657697770867,2.0,0.3126421265215471,1.026125284411987,0.4176664369386398,умеренная,умеренно неровные,умеренный,умеренно разнообразная,неоднородная,лобуляции слабые,с примесью красного или синего,умеренно вытянутая,без выраженного ободка,цвет умеренно неоднородный,грубая,овальная,красноватый,хаотичная,размер:маленький,периметр:средний,выпуклость:средняя,плотность:средняя,заполнение_bbox:низкое,вариация_радиуса:средняя,граница:сильно_изрезанная,форма:умеренно_вытянутая,отношение_периметр_площадь:среднее,красный:понижен,зеленый:повышен,синий:повышен,контраст:умеренный,центр:синее_периферии,насыщенность_центра:выше,яркость_центра:темнее,ободок:слегка_темнее,яркость_асимметрия:слабая,яркость_асимметрия:слабая,насыщенность_асимметрия:слабая,насыщенность_асимметрия:слабая,разнообразие_оттенка:высокое,разнообразие_насыщенности:среднее,разнообразие_яркости:низкое,вариабельность_оттенка:средняя,вариабельность_насыщенности:средняя,вариабельность_яркости:низкая,насыщенность:средняя,яркость:высокая,энергия_текстуры:низкая,энтропия_текстуры:высокая,энтропия_lbp:высокая,среднее_lbp:среднее,разброс_lbp:высокий,медиана_lbp:типичная,темные_пиксели:нет,белые_пиксели:присутствуют,красные_пиксели:умеренно,синие_пиксели:нет,яркие_выбросы:нет,темные_выбросы:умеренно
/kaggle/input/datasets/mihailodin1/all-image-skin/1329.jpg,success,171.1159147268698,70.26374217696878,199.76023264340475,14.41717096162842,35.34541556072743,9.753936167946714,0.3099187077194671,0.2964781990999329,0.3936030912023602,1.543801268003239,2.1044174141254857,1.0116158096257324,17.43336918589116,4.991175340541787,"[[167, 54, 203], [3, 98, 198], [145, 32, 200]]",0.0,0.04636086541741378,0.5935471278918538,0.00025537146515729973,11.381293855243598,25.925037015640882,-4.221119860053733,2.86910944302943,8.315199735879744,-0.9395675639668752,48.5931244523924,-1.510640450654563,0.01383110096110875,0.0379992740154062,1096442,5891.171031594276,5.62611752157932,0.3970016068774383,1.2879078694817658,0.6535140898752668,0.8691918030837529,0.7840891212874473,12410.384773794662,1.3991152337360024,1.0059121684539154,0.14732234224446003,0.9265894269384808,0.42246396187513596,4.582310315472351,0.1856096005629281,2.1750290857742343,5.1230342411282015,2.3980788080828193,5.0,102.24445192620666,3.0,0.47071097967851633,1.3175161996751652,0.4397242439976483,умеренная,фестончатые,низкий,умеренно разнообразная,неоднородная,лобуляции слабые,слабо пигментированная,умеренно вытянутая,без выраженного ободка,цвет неоднородный,грубая,неправильная,красноватый,хаотичная,размер:крупный,периметр:большой,выпуклость:низкая,плотность:низкая,заполнение_bbox:среднее,вариация_радиуса:высокая,граница:сильно_изрезанная,форма:умеренно_вытянутая,отношение_периметр_площадь:высокое,красный:понижен,зеленый:норма,синий:повышен,контраст:очень_слабый,центр:синее_периферии,насыщенность_центра:умеренно_выше,яркость_центра:равная,ободок:одинаковый,яркость_асимметрия:слабая,яркость_асимметрия:слабая,насыщенность_асимметрия:слабая,насыщенность_асимметрия:сильная_низ_верх,разнообразие_оттенка:высокое,разнообразие_насыщенности:среднее,разнообразие_яркости:низкое,вариабельность_оттенка:средняя,вариабельность_насыщенности:средняя,вариабельность_яркости:низкая,насыщенность:низкая,яркость:высокая,энергия_текстуры:низкая,энтропия_текстуры:высокая,энтропия_lbp:высокая,среднее_lbp:высокое,разброс_lbp:высокий,медиана_lbp:типичная,темные_пиксели:нет,белые_пиксели:присутствуют,красные_пиксели:умеренно,синие_пиксели:единичные,яркие_выбросы:много,темные_выбросы:умеренно
/kaggle/input/datasets/mihailodin1/all-image-skin/133.jpg,success,7.751252068747,163.53283011219253,118.78676848699595,3.3694235393223693,40.831495385836845,50.56774495588417,0.20852803475558834,0.29040674144763573,0.5010652195784968,0.43665416331453505,2.1905479007878244,2.3787516607053725,90.66898629912036,40.43979615666065,"[[9, 178, 124], [5, 193, 68], [10, 113, 180]]",0.05289827601091522,7.50702845539136e-06,0.9878104625455583,3.5658385163108963e-05,-4.423883339459763,40.8066639850592,-77.89493182583584,-5.516013384684214,-9.820287244519903,8.499092558322573,-4.706423048304316,-80.79659585667214,0.0002871438384187195,0.0,532834,2891.960792899132,3.961835472762795,0.8006025916930618,1.0068337129840548,0.5985994429743461,0.9712560813557345,0.6865072820787681,1424.4732417485468,1.0706668566947737,0.9539249780354039,0.23431937128559474,0.892602092511619,0.28337178337505314,5.3883013437535245,0.14623222229775149,2.2485411453046593,5.15201965271641,2.6924768775661003,5.0,151.6672953861858,1.0,0.30271657797920043,1.1354700622232563,0.41343760344877756,умеренная,умеренно неровные,выраженный,монотонная,неоднородная,лобуляции слабые,с примесью красного или синего,умеренно вытянутая,тёмный ободок по краю,цвет умеренно неоднородный,грубая,овальная,красноватый,хаотичная,размер:средний,периметр:средний,выпуклость:средняя,плотность:высокая,заполнение_bbox:низкое,вариация_радиуса:средняя,граница:сильно_изрезанная,форма:умеренно_вытянутая,отношение_периметр_площадь:среднее,красный:норма,зеленый:норма,синий:норма,контраст:сильный,центр:оттенок_как_периферия,насыщенность_центра:умеренно_выше,яркость_центра:значительно_темнее,ободок:темнее_центра,яркость_асимметрия:слабая,яркость_асимметрия:слабая,насыщенность_асимметрия:слабая,насыщенность_асимметрия:слабая,разнообразие_оттенка:среднее,разнообразие_насыщенности:среднее,разнообразие_яркости:высокое,вариабельность_оттенка:низкая,вариабельность_насыщенности:средняя,вариабельность_яркости:высокая,насыщенность:высокая,яркость:средняя,энергия_текстуры:низкая,энтропия_текстуры:высокая,энтропия_lbp:высокая,среднее_lbp:высокое,разброс_lbp:высокий,медиана_lbp:типичная,темные_пиксели:много,белые_пиксели:нет,красные_пиксели:преобладают,синие_пиксели:нет,яркие_выбросы:нет,темные_выбросы:нет
/kaggle/input/datasets/mihailodin1/all-image-skin/1330.jpg,success,8.675488549262276,85.65065666676543,177.00247387511692,6.4436010763660585,45.37311503237541,13.666549025797298,0.27515354081411453,0.3192321733974765,0.4056142834967476,0.9612376496754316,2.3431462645581833,1.2671469293338995,33.54094781509274,10.810030275791307,"[[11, 133, 164], [10, 60, 184], [175, 31, 190]]",0.0,0.0023447849696743967,0.6696434995704049,0.0,4.12930924158438,76.09883226929531,-20.23697667642898,0.13778314579931816,3.9805147296170844,4.345338958684721,2.3715282843512,-13.403803591827852,0.0008676550880564103,0.04246430974863397,472538,2669.377970814705,3.8832173794900764,0.8333481173688073,0.8546511627906976,0.6640018262111522,0.978917166443968,0.7475684227179243,1926.4132981159962,1.0456019953519997,1.0315651514909738,0.15053159583846096,0.925303143218129,0.37295089172557927,4.7513168922860345,0.19319527948566895,2.1614030850679966,5.107070775813851,2.3533291383542965,5.0,111.300283305761,2.0,0.3320009131055761,1.0454927555461202,0.41506070485615587,умеренная,умеренно неровные,умеренный,умеренно разнообразная,неоднородная,лобуляции слабые,слабо пигментированная,умеренно вытянутая,без выраженного ободка,цвет умеренно неоднородный,грубая,овальная,красноватый,хаотичная,размер:средний,периметр:средний,выпуклость:высокая,плотность:высокая,заполнение_bbox:среднее,вариация_радиуса:средняя,граница:сильно_изрезанная,форма:умеренно_вытянутая,отношение_периметр_площадь:среднее,красный:понижен,зеленый:повышен,синий:повышен,контраст:умеренный,центр:оттенок_как_периферия,насыщенность_центра:выше,яркость_центра:темнее,ободок:слегка_темнее,яркость_асимметрия:слабая,яркость_асимметрия:слабая,насыщенность_асимметрия:слабая,насыщенность_асимметрия:слабая,разнообразие_оттенка:высокое,разнообразие_насыщенности:высокое,разнообразие_яркости:низкое,вариабельность_оттенка:средняя,вариабельность_насыщенности:высокая,вариабельность_яркости:низкая,насыщенность:средняя,яркость:высокая,энергия_текстуры:низкая,энтропия_текстуры:высокая,энтропия_lbp:высокая,среднее_lbp:высокое,разброс_lbp:высокий,медиана_lbp:типичная,темные_пиксели:нет,белые_пиксели:единичные,красные_пиксели:умеренно,синие_пиксели:нет,яркие_выбросы:нет,темные_выбросы:много
/kaggle/input/datasets/mihailodin1/all-image-skin/1331.jpg,success,6.259811713512914,130.8809071144287,166.4842212114924,4.161482676193653,54.378245437139505,33.50956949747324,0.24441593550583218,0.2947846947126895,0.460799367013645,0.4225261332173982,2.452314101331451,2.0165037398919887,60.545013926066076,21.92362835606054,"[[8, 185, 133], [0, 58, 203], [8, 107, 186]]",0.0,0.0012674626631297354,0.9323851665741307,0.0,1.6638122359148042,84.52303509918859,-54.25396753159967,-4.554277217113025,3.183839879785353,1.044562060493405,4.084051603577336,-42.00786477023237,1.1216483744510934e-05,0.017660353655732465,534927,2937.561736345291,4.016425752643248,0.7789873011035356,1.3898071625344353,0.7230985467013527,0.9626235160528129,0.7302418727321872,3448.115912572568,1.0703548187347975,0.9571455775895795,0.17050813907164544,0.9154838488336882,0.2849947888068917,5.253509376614261,0.21406328742600547,2.093019447302677,4.95902752183168,2.174099285904812,5.0,153.3075456276722,1.0,0.556452854617894,1.123225771856932,0.41762548582780434,умеренная,умеренно неровные,выраженный,монотонная,неоднородная,лобуляции слабые,с примесью красного или синего,вытянутая,тёмный ободок по краю,цвет умеренно неоднородный,грубая,овальная,красноватый,средне упорядоченная,размер:средний,периметр:средний,выпуклость:средняя,плотность:средняя,заполнение_bbox:среднее,вариация_радиуса:высокая,граница:сильно_изрезанная,форма:умеренно_вытянутая,отношение_периметр_площадь:среднее,красный:норма,зеленый:норма,синий:норма,контраст:выраженный,центр:оттенок_как_периферия,насыщенность_центра:выше,яркость_центра:значительно_темнее,ободок:слегка_темнее,яркость_асимметрия:слабая,яркость_асимметрия:слабая,насыщенность_асимметрия:слабая,насыщенность_асимметрия:слабая,разнообразие_оттенка:среднее,разнообразие_насыщенности:высокое,разнообразие_яркости:среднее,вариабельность_оттенка:низкая,вариабельность_насыщенности:высокая,вариабельность_яркости:средняя,насыщенность:средняя,яркость:средняя,энергия_текстуры:низкая,энтропия_текстуры:высокая,энтропия_lbp:средняя,среднее_lbp:среднее,разброс_lbp:средний,медиана_lbp:типичная,темные_пиксели:нет,белые_пиксели:единичные,красные_пиксели:много,синие_пиксели:нет,яркие_выбросы:нет,темные_выбросы:умеренно
/kaggle/input/datasets/mihailodin1/all-image-skin/1332.jpg,success,0.8118699635877773,134.4178787349583,161.3422440103452,5.05679762411553,35.75963729533861,28.02189340763502,0.2523601483002158,0.262755032298691,0.4848848163957726,0.6967444105195022,2.147405458614825,1.9452552393920295,57.1496856098297,22.64211252914662,"[[2, 119, 173], [173, 89, 196], [4, 168, 135]]",0.0,0.0,0.9926943259403405,0.0,4.1092448472877265,40.365210583289894,-34.34677859607433,-4.844739764086995,7.791638936099616,4.058778565714505,-0.15299468448134235,-36.79040314083022,0.004178828929970312,0.009788023185223994,240498,2015.1799247264862,4.109207702538912,0.7442068737596129,1.8486997635933806,0.8306127820126177,0.9783500122040517,0.7270501169940686,3546.906590394433,1.0555346658806206,0.9409881147249314,0.17484479456381088,0.9136453404652074,0.3158284524608162,5.072395775819221,0.22942185357425912,2.0449490971318562,4.935828136990552,2.0684853182390155,5.0,95.66938597703441,2.0,0.8396562728029991,0.9805613304634627,0.4290301779262322,умеренная,умеренно неровные,выраженный,умеренно разнообразная,неоднородная,лобуляции слабые,с примесью красного или синего,вытянутая,тёмный ободок по краю,цвет умеренно неоднородный,грубая,овальная,красноватый,средне упорядоченная,размер:маленький,периметр:средний,выпуклость:средняя,плотность:высокая,заполнение_bbox:среднее,вариация_радиуса:высокая,граница:сильно_изрезанная,форма:сильно_вытянутая,отношение_периметр_площадь:среднее,красный:норма,зеленый:понижен,синий:повышен,контраст:выраженный,центр:оттенок_как_периферия,насыщенность_центра:умеренно_выше,яркость_центра:темнее,ободок:слегка_темнее,яркость_асимметрия:слабая,яркость_асимметрия:слабая,насыщенность_асимметрия:слабая,насыщенность_асимметрия:слабая,разнообразие_оттенка:среднее,разнообразие_насыщенности:среднее,разнообразие_яркости:среднее,вариабельность_оттенка:средняя,вариабельность_насыщенности:средняя,вариабельность_яркости:средняя,насыщенность:средняя,яркость:средняя,энергия_текстуры:низкая,энтропия_текстуры:высокая,энтропия_lbp:средняя,среднее_lbp:среднее,разброс_lbp:средний,медиана_lbp:типичная,темные_пиксели:нет,белые_пиксели:нет,красные_пиксели:преобладают,синие_пиксели:нет,яркие_выбросы:единичные,темные_выбросы:нет
/kaggle/input/datasets/mihailodin1/all-image-skin/1333.jpg,success,7.688189709071721,102.11221862280921,176.19233325026997,4.7138161167499835,37.32458865683464,22.49979492917038,0.2637502496736274,0.3103143881458074,0.42593535976311975,0.6789022689267493,2.1680863687068195,1.742369011825466,46.10885256052231,15.756750895761531,"[[8, 78, 191], [178, 49, 203], [10, 134, 158]]",0.0,0.0016612675471384666,0.8911869756624304,0.0,3.6925478301277934,56.14962575496625,-33.36361258907698,-1.0190132027027516,-1.166786581039247,4.641606043190649,2.2727763325743666,-27.73514723668316,0.00047761441980230914,0.020288229919428524,48156,824.8670928478241,3.758882717905387,0.889390145834371,0.8560606060606061,0.5591144768041502,0.9875317857435814,0.8071198712791633,80.91532482490167,1.0334791194337585,0.885058998816178,0.23252841798450877,0.8873221064059756,0.31492292665163946,5.079995025389193,0.2501473187978786,2.02076750323742,4.793964138395488,2.0295864311808414,5.0,102.30596833367804,2.0,0.2795572384020751,0.9250966069834037,0.07410472787269783,умеренная,ровные,выраженный,умеренно разнообразная,неоднородная,лобуляции отсутствуют,с примесью красного или синего,умеренно вытянутая,тёмный ободок по краю,цвет умеренно неоднородный,грубая,округлая,красноватый,средне упорядоченная,размер:очень_маленький,периметр:маленький,выпуклость:высокая,плотность:высокая,заполнение_bbox:высокое,вариация_радиуса:низкая,граница:сильно_изрезанная,форма:умеренно_вытянутая,отношение_периметр_площадь:среднее,красный:понижен,зеленый:повышен,синий:повышен,контраст:умеренный,центр:оттенок_как_периферия,насыщенность_центра:умеренно_выше,яркость_центра:темнее,ободок:слегка_темнее,яркость_асимметрия:слабая,яркость_асимметрия:слабая,насыщенность_асимметрия:слабая,насыщенность_асимметрия:слабая,разнообразие_оттенка:среднее,разнообразие_насыщенности:среднее,разнообразие_яркости:среднее,вариабельность_оттенка:низкая,вариабельность_насыщенности:средняя,вариабельность_яркости:средняя,насыщенность:средняя,яркость:высокая,энергия_текстуры:низкая,энтропия_текстуры:высокая,энтропия_lbp:средняя,среднее_lbp:низкое,разброс_lbp:низкий,медиана_lbp:типичная,темные_пиксели:нет,белые_пиксели:единичные,красные_пиксели:много,синие_пиксели:нет,яркие_выбросы:нет,темные_выбросы:умеренно
/kaggle/input/datasets/mihailodin1/all-image-skin/1334.jpg,success,7.880424844516429,112.82720438253978,176.43484468791888,3.5478946014976116,36.41767259059191,19.66397952650733,0.25292376906119496,0.30591990996179436,0.44115631847661846,0.444836488432216,2.171611774429424,1.6180453044764598,37.38536453548693,13.284294981686234,"[[8, 98, 185], [10, 149, 158], [2, 67, 198]]",0.0,0.0,0.9879509295413486,0.0,3.1146423734099073,59.31142997813524,-31.820614695999552,6.084747786791297,-10.678854524840588,0.28170293658860146,-1.534655480304238,-27.56407995118812,0.0028410746547001572,0.02823591118363541,68636,975.3767592906952,3.7230290117727503,0.9066027311961179,1.1159420289855073,0.4560102574368813,0.9941051228944281,0.8074063617541879,61.556453564696454,1.0300923755294347,0.9474406550299482,0.17639187195905046,0.912128809946399,0.3495174408845178,4.887026270717543,0.2108910745093413,2.0944862552469545,4.94787442676615,2.159555337544839,5.0,112.82664777606942,1.0,0.2859761432111943,0.7902887966623002,0.056944626075883034,умеренная,ровные,умеренный,монотонная,неоднородная,лобуляции отсутствуют,с примесью красного или синего,умеренно вытянутая,тёмный ободок по краю,цвет однородный,грубая,округлая,красноватый,средне упорядоченная,размер:очень_маленький,периметр:маленький,выпуклость:высокая,плотность:высокая,заполнение_bbox:высокое,вариация_радиуса:низкая,граница:сильно_изрезанная,форма:округлая,отношение_периметр_площадь:среднее,красный:понижен,зеленый:норма,синий:повышен,контраст:умеренный,центр:оттенок_как_периферия,насыщенность_центра:умеренно_выше,яркость_центра:темнее,ободок:слегка_темнее,яркость_асимметрия:слабая,яркость_асимметрия:слабая,насыщенность_асимметрия:слабая,насыщенность_асимметрия:слабая,разнообразие_оттенка:среднее,разнообразие_насыщенности:среднее,разнообразие_яркости:среднее,вариабельность_оттенка:низкая,вариабельность_насыщенности:средняя,вариабельность_яркости:низкая,насыщенность:средняя,яркость:высокая,энергия_текстуры:низкая,энтропия_текстуры:высокая,энтропия_lbp:средняя,среднее_lbp:среднее,разброс_lbp:средний,медиана_lbp:типичная,темные_пиксели:нет,белые_пиксели:нет,красные_пиксели:преобладают,синие_пиксели:нет,яркие_выбросы:единичные,темные_выбросы:умеренно
/kaggle/input/datasets/mihailodin1/all-image-skin/1335.jpg,success,177.1639532519149,70.68336380255941,181.6162705667276,8.06339580461764,20.88448942971229,8.60221424578709,0.3042018531348872,0.29813243032554515,0.3976657143499042,1.0790446673700815,1.5971167529495538,0.8803251384903257,11.283300759458877,3.8187079349966133,"[[175, 64, 184], [6, 85, 177], [166, 58, 185]]",0.0,6.093845216331505e-05,0.8414270677524791,2.2159437150296382e-05,10.463079217358626,19.223612295480848,-4.3092440939607,6.426991706278727,-3.6105722054538916,5.76321297939748,-6.006399143028958,-6.2062215690081075,0.013611434269569553,0.035582516204088414,180510,3911.6051193475723,9.206708073222694,0.14825219034478554,2.3095238095238093,0.9327355552824308,0.6935010449963118,0.4430780559646539,11900.019817148643,1.7546894826666641,1.0273836118718438,0.16350203540363073,0.9194999919333244,0.5233829274940287,4.197500997284243,0.18829486241757246,2.162982948472958,5.088667381086031,2.3544288723522357,5.0,55.80311164095923,2.0,1.12112968240312,0.8334080637514355,0.6015962606917029,слабая,фестончатые,низкий,умеренно разнообразная,неоднородная,лобуляции выраженные,с примесью красного или синего,вытянутая,без выраженного ободка,цвет однородный,грубая,неправильная,красноватый,хаотичная,размер:маленький,периметр:большой,выпуклость:низкая,плотность:низкая,заполнение_bbox:низкое,вариация_радиуса:высокая,граница:сильно_изрезанная,форма:сильно_вытянутая,отношение_периметр_площадь:высокое,красный:понижен,зеленый:норма,синий:повышен,контраст:очень_слабый,центр:синее_периферии,насыщенность_центра:равна,яркость_центра:равная,ободок:одинаковый,яркость_асимметрия:слабая,яркость_асимметрия:слабая,насыщенность_асимметрия:слабая,насыщенность_асимметрия:слабая,разнообразие_оттенка:высокое,разнообразие_насыщенности:низкое,разнообразие_яркости:низкое,вариабельность_оттенка:средняя,вариабельность_насыщенности:низкая,вариабельность_яркости:низкая,насыщенность:низкая,яркость:высокая,энергия_текстуры:низкая,энтропия_текстуры:высокая,энтропия_lbp:высокая,среднее_lbp:среднее,разброс_lbp:высокий,медиана_lbp:типичная,темные_пиксели:нет,белые_пиксели:нет,красные_пиксели:умеренно,синие_пиксели:нет,яркие_выбросы:много,темные_выбросы:умеренно
/kaggle/input/datasets/mihailodin1/all-image-skin/1336.jpg,success,7.318743751663701,132.08483281382829,160.10237791631246,2.8905167094247783,39.59169732261642,22.776218024579357,0.23589367173095957,0.2951657192124751,0.4689406061275559,0.2121531000779737,2.2244609978569074,1.6581984803057765,36.51361414813863,14.545508337245838,"[[9, 129, 166], [4, 91, 180], [9, 185, 129]]",0.0,4.722773212430339e-05,0.9989727968262964,0.0,2.140848942911674,58.82449139803384,-31.637649027103862,-2.399130378831842,5.680886054114524,-17.44829502865315,25.790095742655467,-23.87655102183257,0.00028336639274582036,0.04574005856238783,84696,1129.0996288061142,3.8797238500036397,0.8348495835024862,0.7734375,0.6252677863189385,0.9795975017349063,0.7426346801346801,298.7146470434642,1.048140531911337,0.94131162820279,0.184705748425217,0.9100971631197811,0.35684700101754946,4.892271822761934,0.216142189051156,2.080791052760713,4.936177592785293,2.134641221221614,5.0,143.92139657230436,1.0,0.31263389315946927,0.7730679854722772,0.2530088468116432,умеренная,умеренно неровные,умеренный,монотонная,неоднородная,лобуляции слабые,с примесью красного или синего,умеренно вытянутая,тёмный ободок по краю,цвет однородный,грубая,овальная,красноватый,средне упорядоченная,размер:очень_маленький,периметр:средний,выпуклость:высокая,плотность:высокая,заполнение_bbox:среднее,вариация_радиуса:низкая,граница:сильно_изрезанная,форма:умеренно_вытянутая,отношение_периметр_площадь:среднее,красный:норма,зеленый:норма,синий:норма,контраст:умеренный,центр:оттенок_как_периферия,насыщенность_центра:умеренно_выше,яркость_центра:темнее,ободок:слегка_темнее,яркость_асимметрия:слабая,яркость_асимметрия:сильная_верх_низ,насыщенность_асимметрия:слабая,насыщенность_асимметрия:сильная_низ_верх,разнообразие_оттенка:низкое,разнообразие_насыщенности:среднее,разнообразие_яркости:среднее,вариабельность_оттенка:низкая,вариабельность_насыщенности:средняя,вариабельность_яркости:средняя,насыщенность:средняя,яркость:средняя,энергия_текстуры:низкая,энтропия_текстуры:высокая,энтропия_lbp:средняя,среднее_lbp:среднее,разброс_lbp:средний,медиана_lbp:типичная,темные_пиксели:нет,белые_пиксели:нет,красные_пиксели:преобладают,синие_пиксели:нет,яркие_выбросы:нет,темные_выбросы:много
/kaggle/input/datasets/mihailodin1/all-image-skin/1337.jpg,success,10.792026122798996,126.9111158906646,137.33158775727765,2.553132886328376,44.155610389186855,31.47069141013866,0.23994246036485353,0.3148959307013537,0.44516160569228364,0.6800736329553327,2.3356828304225186,1.9747388247213051,51.07348137900428,21.46004424977289,"[[12, 134, 138], [10, 81, 167], [10, 182, 95]]",0.0,0.0,0.9277425025949858,0.0,-0.6801010991241441,66.10400584961587,-48.375603052655705,5.560051956334178,-0.29062699185912777,6.867709196693227,-19.477091764183456,-37.931352216131614,0.0,0.023705546256206925,106937,1317.5676651000977,4.029108196619962,0.7740909749160648,0.7731481481481481,0.669662387117571,0.9746443186685989,0.7411357839875804,446.1429117105864,1.0780992635953817,0.9979056262536259,0.173382096321929,0.9145897584523971,0.3095356954992195,5.102070159870246,0.22153983004334085,2.0694289977338487,4.963955182921059,2.110032492355728,5.0,147.3551899104657,1.0,0.3348311935587855,1.0113858557763675,0.3731676650363518,умеренная,умеренно неровные,выраженный,монотонная,неоднородная,лобуляции слабые,с примесью красного или синего,умеренно вытянутая,тёмный ободок по краю,цвет умеренно неоднородный,грубая,овальная,красноватый,средне упорядоченная,размер:маленький,периметр:средний,выпуклость:средняя,плотность:высокая,заполнение_bbox:среднее,вариация_радиуса:низкая,граница:сильно_изрезанная,форма:умеренно_вытянутая,отношение_периметр_площадь:среднее,красный:понижен,зеленый:повышен,синий:норма,контраст:выраженный,центр:оттенок_как_периферия,насыщенность_центра:выше,яркость_центра:темнее,ободок:слегка_темнее,яркость_асимметрия:слабая,яркость_асимметрия:слабая,насыщенность_асимметрия:слабая,насыщенность_асимметрия:слабая,разнообразие_оттенка:среднее,разнообразие_насыщенности:высокое,разнообразие_яркости:среднее,вариабельность_оттенка:низкая,вариабельность_насыщенности:средняя,вариабельность_яркости:средняя,насыщенность:средняя,яркость:средняя,энергия_текстуры:низкая,энтропия_текстуры:высокая,энтропия_lbp:средняя,среднее_lbp:среднее,разброс_lbp:средний,медиана_lbp:типичная,темные_пиксели:нет,белые_пиксели:нет,красные_пиксели:много,синие_пиксели:нет,яркие_выбросы:нет,темные_выбросы:умеренно
/kaggle/input/datasets/mihailodin1/all-image-skin/1338.jpg,success,8.573742559398347,98.58077514610889,159.91071977852968,4.856106127585634,41.06496469337459,20.647949412813457,0.26603387668328343,0.3141484721099382,0.4198176485809817,0.7141159426189818,2.290883278805328,1.645281406878822,32.89310112086595,12.310660299548333,"[[0, 47, 182], [11, 142, 140], [9, 77, 170]]",0.0,0.002553060596739465,0.8485235312211628,7.689941556444171e-05,3.0290375812164996,63.26950432182241,-28.453814552120292,11.267832218193348,-18.91738734373928,-2.8238678376573887,2.014512745842822,-25.373127461644344,0.003368194401722547,0.036957859120270685,65020,1283.7401144504547,5.034468521309146,0.49579552732552357,1.1228070175438596,0.4869694638363174,0.8899534629071996,0.712938596491228,348.3188506250167,1.3078928227897397,0.9130777226546217,0.1626619036124223,0.9206114772872338,0.3464385234121614,4.921558869094395,0.2139135333051683,2.102744556045038,5.039493655040761,2.1839412178222273,5.0,129.77595660059205,1.0,0.30488824069008846,0.9575283309694804,0.3013723727612774,умеренная,фестончатые,умеренный,монотонная,неоднородная,лобуляции слабые,с примесью красного или синего,умеренно вытянутая,тёмный ободок по краю,цвет умеренно неоднородный,грубая,неправильная,красноватый,средне упорядоченная,размер:очень_маленький,периметр:средний,выпуклость:низкая,плотность:низкая,заполнение_bbox:среднее,вариация_радиуса:низкая,граница:сильно_изрезанная,форма:округлая,отношение_периметр_площадь:высокое,красный:понижен,зеленый:повышен,синий:повышен,контраст:умеренный,центр:оттенок_как_периферия,насыщенность_центра:выше,яркость_центра:темнее,ободок:слегка_темнее,яркость_асимметрия:слабая,яркость_асимметрия:слабая,насыщенность_асимметрия:слабая,насыщенность_асимметрия:слабая,разнообразие_оттенка:высокое,разнообразие_насыщенности:среднее,разнообразие_яркости:среднее,вариабельность_оттенка:низкая,вариабельность_насыщенности:средняя,вариабельность_яркости:средняя,насыщенность:средняя,яркость:средняя,энергия_текстуры:низкая,энтропия_текстуры:высокая,энтропия_lbp:высокая,среднее_lbp:среднее,разброс_lbp:средний,медиана_lbp:типичная,темные_пиксели:нет,белые_пиксели:единичные,красные_пиксели:умеренно,синие_пиксели:нет,яркие_выбросы:единичные,темные_выбросы:умеренно
/kaggle/input/datasets/mihailodin1/all-image-skin/1339.jpg,success,177.71061570520266,143.03545569508572,141.64652824750758,3.1371876375389562,20.920470875583373,16.88293864405752,0.25286052891988986,0.23228856680122756,0.5148509006441171,0.6810729632513961,1.688794298672109,1.4670089048119508,23.257647640188328,11.2899149484542,"[[179, 159, 131], [172, 116, 160], [178, 134, 147]]",0.0,0.0,0.996900273505279,0.0,3.138199696640271,21.2834828586939,-11.707970968383165,-18.342326712627766,5.693640596747599,-16.363056730279084,10.782624430386818,9.535832738861416,0.04049936770284975,0.0004940740522895038,340030,2612.8367788791656,4.480780430731709,0.6258965218417984,1.240677966101695,0.5821780806550734,0.9514815219003327,0.7873251829211818,1589.3177300801187,1.162525530781813,1.0958012329106672,0.11575304277717409,0.9444522179207003,0.47643268344041384,4.328590917471757,0.20886559247990338,2.123166922112649,5.311689772337126,2.277005155356775,5.0,87.3113019937586,1.0,0.41142802337838413,0.6528752572605565,0.4248008730703343,умеренная,фестончатые,умеренный,монотонная,неоднородная,лобуляции слабые,с примесью красного или синего,умеренно вытянутая,без выраженного ободка,цвет однородный,средняя,неправильная,красноватый,хаотичная,размер:маленький,периметр:средний,выпуклость:низкая,плотность:средняя,заполнение_bbox:среднее,вариация_радиуса:средняя,граница:сильно_изрезанная,форма:умеренно_вытянутая,отношение_периметр_площадь:высокое,красный:норма,зеленый:понижен,синий:повышен,контраст:умеренный,центр:оттенок_как_периферия,насыщенность_центра:умеренно_выше,яркость_центра:равная,ободок:одинаковый,яркость_асимметрия:сильная_лево_право,яркость_асимметрия:сильная_верх_низ,насыщенность_асимметрия:слабая,насыщенность_асимметрия:слабая,разнообразие_оттенка:среднее,разнообразие_насыщенности:низкое,разнообразие_яркости:низкое,вариабельность_оттенка:низкая,вариабельность_насыщенности:низкая,вариабельность_яркости:низкая,насыщенность:средняя,яркость:средняя,энергия_текстуры:низкая,энтропия_текстуры:высокая,энтропия_lbp:высокая,среднее_lbp:высокое,разброс_lbp:высокий,медиана_lbp:типичная,темные_пиксели:нет,белые_пиксели:нет,красные_пиксели:преобладают,синие_пиксели:нет,яркие_выбросы:много,темные_выбросы:нет
/kaggle/input/datasets/mihailodin1/all-image-skin/134.jpg,success,10.048897912913619,164.87169551577378,160.92320433504455,2.463757561822716,45.500288454542755,37.140598149546044,0.19696184520297805,0.3001704894831565,0.5028676621889733,0.6075929252464424,2.3472383595551416,2.137190154826885,57.4945470605247,22.56063475649018,"[[11, 176, 163], [11, 116, 196], [7, 218, 111]]",0.0,0.0,0.9756455399061033,0.0,-2.66765620935891,62.587112634493934,-53.97925996392604,16.359593885583337,-17.425153832409393,12.171375695647868,-12.100111068104638,-44.632277382177335,5.484621122372866e-05,0.028635206879908736,364656,2427.8804969787598,4.02055145488615,0.7773894005518908,1.3387096774193548,0.7323689878808664,0.9639053582898727,0.708620287602021,2577.362874688975,1.0614741909752534,0.9171130704684018,0.26108093269957044,0.8751867059467973,0.2581644249875232,5.461596342110374,0.15433864332845587,2.2612222321207,5.0806741945280365,2.7736019409611474,5.0,177.29026328952412,1.0,0.5355393326501106,1.0604323494132557,0.42059910182388527,умеренная,умеренно неровные,выраженный,монотонная,неоднородная,лобуляции слабые,с примесью красного или синего,вытянутая,тёмный ободок по краю,цвет умеренно неоднородный,грубая,овальная,красноватый,хаотичная,размер:маленький,периметр:средний,выпуклость:средняя,плотность:средняя,заполнение_bbox:среднее,вариация_радиуса:средняя,граница:сильно_изрезанная,форма:умеренно_вытянутая,отношение_периметр_площадь:среднее,красный:норма,зеленый:норма,синий:понижен,контраст:выраженный,центр:оттенок_как_периферия,насыщенность_центра:выше,яркость_центра:значительно_темнее,ободок:слегка_темнее,яркость_асимметрия:сильная_право_лево,яркость_асимметрия:слабая,насыщенность_асимметрия:слабая,насыщенность_асимметрия:слабая,разнообразие_оттенка:среднее,разнообразие_насыщенности:высокое,разнообразие_яркости:высокое,вариабельность_оттенка:низкая,вариабельность_насыщенности:высокая,вариабельность_яркости:высокая,насыщенность:высокая,яркость:средняя,энергия_текстуры:низкая,энтропия_текстуры:высокая,энтропия_lbp:высокая,среднее_lbp:среднее,разброс_lbp:высокий,медиана_lbp:типичная,темные_пиксели:нет,белые_пиксели:нет,красные_пиксели:преобладают,синие_пиксели:нет,яркие_выбросы:нет,темные_выбросы:умеренно
/kaggle/input/datasets/mihailodin1/all-image-skin/1340.jpg,success,7.502220762898509,129.78089738889568,171.42953888142083,2.554896855829604,37.90069574380329,23.265571319578687,0.23762079990969473,0.2964991770120705,0.4658800203606168,0.16185443302597063,2.1786947201260114,1.7170294673819853,38.22796189234924,14.468377053219722,"[[9, 173, 145], [9, 123, 179], [5, 89, 193]]",0.0,0.0,0.9995213654324006,0.0,1.7204275910089848,58.589501466441064,-33.14416301409622,-7.651862076772318,11.287011742157844,5.335881033822119,-8.310476103116883,-22.77725686267192,1.0183714204244572e-05,0.03528656971770744,98196,1239.3422694206238,3.9549806545941024,0.8033802240461972,0.7917675544794189,0.7037560356516653,0.9767539017039181,0.7271030943865651,565.1824364863771,1.0535674454055861,1.0854941876005144,0.20212319803837478,0.9004599992491285,0.3324095329012554,4.995062199779637,0.22578252179109398,2.067725416635626,4.889375425003606,2.1214325939509773,5.0,126.03932302741543,1.0,0.35187801782583267,0.737289507417966,0.4180533154728819,умеренная,умеренно неровные,умеренный,монотонная,неоднородная,лобуляции слабые,с примесью красного или синего,умеренно вытянутая,тёмный ободок по краю,цвет однородный,грубая,овальная,красноватый,средне упорядоченная,размер:очень_маленький,периметр:средний,выпуклость:средняя,плотность:высокая,заполнение_bbox:среднее,вариация_радиуса:средняя,граница:сильно_изрезанная,форма:умеренно_вытянутая,отношение_периметр_площадь:среднее,красный:норма,зеленый:норма,синий:норма,контраст:умеренный,центр:оттенок_как_периферия,насыщенность_центра:умеренно_выше,яркость_центра:темнее,ободок:слегка_темнее,яркость_асимметрия:слабая,яркость_асимметрия:слабая,насыщенность_асимметрия:слабая,насыщенность_асимметрия:слабая,разнообразие_оттенка:низкое,разнообразие_насыщенности:среднее,разнообразие_яркости:среднее,вариабельность_оттенка:низкая,вариабельность_насыщенности:средняя,вариабельность_яркости:средняя,насыщенность:средняя,яркость:высокая,энергия_текстуры:низкая,энтропия_текстуры:высокая,энтропия_lbp:средняя,среднее_lbp:низкое,разброс_lbp:средний,медиана_lbp:типичная,темные_пиксели:нет,белые_пиксели:нет,красные_пиксели:преобладают,синие_пиксели:нет,яркие_выбросы:нет,темные_выбросы:умеренно
/kaggle/input/datasets/mihailodin1/all-image-skin/1341.jpg,success,2.8839444576069804,85.10620550495219,164.15704886817386,8.770902732585913,30.172371812705958,14.656606935629208,0.28402148040819936,0.3043632324568774,0.41161528462660885,0.845182666670824,1.9854597765367763,1.366999225821679,31.57120069515382,11.401069766703364,"[[7, 100, 159], [160, 42, 176], [178, 55, 176]]",0.0,0.0,0.8055220041777387,0.00028419990621403096,8.16744021748724,32.25861845515743,-9.48562358138642,-9.888988115242057,3.011284813195175,-18.810917915206204,23.197681505877924,-3.932548721341334,0.015602574851150299,0.010302246600258622,140746,1620.8742331266403,4.320472924543805,0.6732049309106414,1.6835820895522389,0.7959681493776697,0.9689647100940422,0.7449243145972266,2553.9074956543036,1.046147258310514,0.9789970779682537,0.2099753739356179,0.8953105309764755,0.3690703739091037,4.763117111000836,0.1857008884148131,2.2531396612793797,5.2454773887333825,2.9787915714960187,6.0,104.82055460355245,3.0,0.7397751194649542,0.9519488785705881,0.4476912918476312,умеренная,фестончатые,умеренный,умеренно разнообразная,неоднородная,лобуляции слабые,с примесью красного или синего,вытянутая,без выраженного ободка,цвет умеренно неоднородный,грубая,неправильная,красноватый,хаотичная,размер:маленький,периметр:средний,выпуклость:высокая,плотность:средняя,заполнение_bbox:среднее,вариация_радиуса:средняя,граница:сильно_изрезанная,форма:умеренно_вытянутая,отношение_периметр_площадь:высокое,красный:понижен,зеленый:норма,синий:повышен,контраст:умеренный,центр:синее_периферии,насыщенность_центра:умеренно_выше,яркость_центра:равная,ободок:одинаковый,яркость_асимметрия:слабая,яркость_асимметрия:сильная_верх_низ,насыщенность_асимметрия:слабая,насыщенность_асимметрия:сильная_низ_верх,разнообразие_оттенка:высокое,разнообразие_насыщенности:низкое,разнообразие_яркости:низкое,вариабельность_оттенка:средняя,вариабельность_насыщенности:средняя,вариабельность_яркости:низкая,насыщенность:средняя,яркость:средняя,энергия_текстуры:низкая,энтропия_текстуры:высокая,энтропия_lbp:высокая,среднее_lbp:высокое,разброс_lbp:высокий,медиана_lbp:выше_нормы,темные_пиксели:нет,белые_пиксели:нет,красные_пиксели:умеренно,синие_пиксели:единичные,яркие_выбросы:много,темные_выбросы:умеренно
/kaggle/input/datasets/mihailodin1/all-image-skin/1342.jpg,success,6.051244206241754,109.2972580352279,210.396520131403,3.261256182415419,27.18472364107034,15.140421893070979,0.25747321525417194,0.2981766814935962,0.44435010114026674,0.21732270377302584,1.9058254702122732,1.3973077352870582,29.86438546490741,9.394512265964195,"[[1, 73, 226], [6, 98, 218], [8, 137, 196]]",0.0,0.0,0.9994882546180893,0.0,3.0835831607208775,36.21151105754333,-19.72790863913272,-1.0451544233922334,1.1343768856822152,4.345525390929936,-7.254962764366084,-17.31436550348704,0.010862208428941677,0.02869075721808607,60577,961.4356343746185,3.9063066579380097,0.8235257748619722,1.3823529411764706,0.7330803060812379,0.9725776671750823,0.7736328573982785,412.9512566428635,1.0455200289439468,0.9198359679323935,0.2804896687794583,0.8640710899542831,0.35165919682157615,4.865427537237671,0.16465191039078458,2.2725674578032984,5.071158289522151,2.891708720938368,5.0,72.8030223217674,1.0,0.5577166236288542,0.5862906706985169,0.3471779959764575,слабая,умеренно неровные,умеренный,монотонная,неоднородная,лобуляции слабые,с примесью красного или синего,вытянутая,без выраженного ободка,цвет однородный,грубая,овальная,красноватый,хаотичная,размер:очень_маленький,периметр:маленький,выпуклость:высокая,плотность:высокая,заполнение_bbox:среднее,вариация_радиуса:низкая,граница:сильно_изрезанная,форма:умеренно_вытянутая,отношение_периметр_площадь:среднее,красный:понижен,зеленый:норма,синий:повышен,контраст:умеренный,центр:оттенок_как_периферия,насыщенность_центра:умеренно_выше,яркость_центра:равная,ободок:слегка_темнее,яркость_асимметрия:слабая,яркость_асимметрия:слабая,насыщенность_асимметрия:слабая,насыщенность_асимметрия:слабая,разнообразие_оттенка:низкое,разнообразие_насыщенности:низкое,разнообразие_яркости:низкое,вариабельность_оттенка:низкая,вариабельность_насыщенности:низкая,вариабельность_яркости:низкая,насыщенность:средняя,яркость:высокая,энергия_текстуры:низкая,энтропия_текстуры:высокая,энтропия_lbp:высокая,среднее_lbp:среднее,разброс_lbp:высокий,медиана_lbp:типичная,темные_пиксели:нет,белые_пиксели:нет,красные_пиксели:преобладают,синие_пиксели:нет,яркие_выбросы:много,темные_выбросы:умеренно
/kaggle/input/datasets/mihailodin1/all-image-skin/1343.jpg,success,0.00950907664600042,110.95407303370787,174.5055711610487,3.523208831772665,21.470969366687658,12.884261036059018,0.2697843906296033,0.2719782494051323,0.4582373573393461,0.6790458209670798,1.7092913770947091,1.252640435412117,26.303813140209144,10.17010840240848,"[[0, 105, 177], [175, 90, 187], [4, 134, 162]]",0.0,0.0,1.0,0.0,3.2344846775508245,21.932907496182636,-10.758576114970055,-5.530027069350609,5.882639778946199,-1.3592470212722105,0.8234080143579234,-12.050881283584118,0.0056179775280898875,0.031062734082397004,42720,814.2224313020706,3.9393760545715635,0.8097575063599137,1.158590308370044,0.6551550353973573,0.9745414727621133,0.7155659034187032,241.87450465296203,1.0515738685905454,0.8829735314372053,0.24623913713699433,0.8803722172081393,0.40438143714058467,4.622288940891393,0.1607687905379626,2.26682818930043,5.101678748569248,2.8330957888434374,5.0,49.52129017263046,2.0,0.40687267188370063,0.6307540536616589,0.21098064723807328,слабая,умеренно неровные,умеренный,умеренно разнообразная,неоднородная,лобуляции слабые,с примесью красного или синего,умеренно вытянутая,без выраженного ободка,цвет однородный,грубая,овальная,красноватый,хаотичная,размер:очень_маленький,периметр:маленький,выпуклость:средняя,плотность:высокая,заполнение_bbox:среднее,вариация_радиуса:низкая,граница:сильно_изрезанная,форма:умеренно_вытянутая,отношение_периметр_площадь:среднее,красный:норма,зеленый:понижен,синий:повышен,контраст:умеренный,центр:оттенок_как_периферия,насыщенность_центра:умеренно_выше,яркость_центра:равная,ободок:слегка_темнее,яркость_асимметрия:слабая,яркость_асимметрия:слабая,насыщенность_асимметрия:слабая,насыщенность_асимметрия:слабая,разнообразие_оттенка:среднее,разнообразие_насыщенности:низкое,разнообразие_яркости:низкое,вариабельность_оттенка:низкая,вариабельность_насыщенности:низкая,вариабельность_яркости:низкая,насыщенность:средняя,яркость:высокая,энергия_текстуры:низкая,энтропия_текстуры:высокая,энтропия_lbp:высокая,среднее_lbp:высокое,разброс_lbp:высокий,медиана_lbp:типичная,темные_пиксели:нет,белые_пиксели:нет,красные_пиксели:преобладают,синие_пиксели:нет,яркие_выбросы:единичные,темные_выбросы:умеренно
/kaggle/input/datasets/mihailodin1/all-image-skin/1344.jpg,success,139.28661504165063,41.26127610740903,197.51480634380667,13.730603419070396,14.859607048818086,14.472177221091526,0.3563608917943835,0.3050835773263048,0.33855552904387276,1.5520813222837138,1.181939460087161,1.3597130719980384,15.537910037961767,5.323571958519574,"[[144, 37, 198], [129, 42, 199], [168, 57, 192]]",0.0,0.06799074959631905,0.03891936411244581,0.09661265888830341,14.635877010500565,-2.4524713154870597,9.067265854284074,-1.757113136930002,-3.886252483627082,2.2701106834418283,5.9854971118954055,16.22323973056706,0.01780316568742545,0.0345842380542696,4247166,8266.0,4.0109364695161185,0.7811209713615759,1.1740273396424816,0.5239177041480827,1.0,1.0,21151.351589187572,1.0,0.9765117588731616,0.2348758356330104,0.8836640658636106,0.43176754214273033,4.566745620550048,0.19857170640375252,2.2393037470107107,5.2475248200800255,3.081659934603182,6.0,40.054587596166016,2.0,0.34897252189528216,1.1390249539057045,0.4383202352137089,слабая,умеренно неровные,умеренный,умеренно разнообразная,неоднородная,лобуляции слабые,слабо пигментированная,умеренно вытянутая,без выраженного ободка,цвет умеренно неоднородный,грубая,овальная,фиолетовый,хаотичная,размер:гигантский,периметр:очень_большой,выпуклость:высокая,плотность:высокая,заполнение_bbox:высокое,вариация_радиуса:высокая,граница:сильно_изрезанная,форма:умеренно_вытянутая,отношение_периметр_площадь:среднее,красный:понижен,зеленый:норма,синий:повышен,контраст:очень_слабый,центр:синее_периферии,насыщенность_центра:равна,яркость_центра:равная,ободок:светлее,яркость_асимметрия:слабая,яркость_асимметрия:слабая,насыщенность_асимметрия:слабая,насыщенность_асимметрия:слабая,разнообразие_оттенка:высокое,разнообразие_насыщенности:низкое,разнообразие_яркости:низкое,вариабельность_оттенка:средняя,вариабельность_насыщенности:низкая,вариабельность_яркости:низкая,насыщенность:низкая,яркость:высокая,энергия_текстуры:низкая,энтропия_текстуры:высокая,энтропия_lbp:высокая,среднее_lbp:высокое,разброс_lbp:высокий,медиана_lbp:выше_нормы,темные_пиксели:нет,белые_пиксели:присутствуют,красные_пиксели:мало,синие_пиксели:присутствуют,яркие_выбросы:много,темные_выбросы:умеренно
/kaggle/input/datasets/mihailodin1/all-image-skin/1345.jpg,success,4.916958217534744,118.18065243005685,196.160634885141,4.4720519865754005,35.47685532713036,17.82852722980249,0.25250380364216674,0.29152975897184,0.45596643506153894,0.42501169592193,2.1540024900957038,1.536227686835374,36.86584965522839,12.054594921803101,"[[6, 106, 203], [178, 74, 215], [8, 155, 179]]",0.0,1.7200897886869695e-05,0.9953557575705452,0.0,4.528995327400764,48.65110050107572,-22.893037692960092,-3.5690100712929507,2.332066216163156,7.65910414052172,-13.429476375066287,-20.46482085108275,0.005512887772741737,0.026846301376931878,232546,1963.9667216539383,4.0726743725347525,0.7576183559432547,1.1636029411764706,0.694919200219626,0.9668428120621484,0.6753147941641111,1775.578975140881,1.0630487868949026,0.9379505487159714,0.28477810760520544,0.8641564020812371,0.3197811957228332,5.064004120125448,0.15743203662320193,2.2701225234300457,5.046260658263002,2.822166844380616,5.0,103.06279032448069,2.0,0.4292610706980483,0.7883751491023243,0.4240359418716357,умеренная,умеренно неровные,умеренный,умеренно разнообразная,неоднородная,лобуляции слабые,с примесью красного или синего,умеренно вытянутая,тёмный ободок по краю,цвет однородный,грубая,овальная,красноватый,хаотичная,размер:маленький,периметр:средний,выпуклость:средняя,плотность:средняя,заполнение_bbox:низкое,вариация_радиуса:средняя,граница:сильно_изрезанная,форма:умеренно_вытянутая,отношение_периметр_площадь:среднее,красный:норма,зеленый:норма,синий:повышен,контраст:умеренный,центр:оттенок_как_периферия,насыщенность_центра:умеренно_выше,яркость_центра:темнее,ободок:слегка_темнее,яркость_асимметрия:слабая,яркость_асимметрия:слабая,насыщенность_асимметрия:слабая,насыщенность_асимметрия:слабая,разнообразие_оттенка:среднее,разнообразие_насыщенности:среднее,разнообразие_яркости:низкое,вариабельность_оттенка:низкая,вариабельность_насыщенности:средняя,вариабельность_яркости:низкая,насыщенность:средняя,яркость:высокая,энергия_текстуры:низкая,энтропия_текстуры:высокая,энтропия_lbp:высокая,среднее_lbp:среднее,разброс_lbp:высокий,медиана_lbp:типичная,темные_пиксели:нет,белые_пиксели:нет,красные_пиксели:преобладают,синие_пиксели:нет,яркие_выбросы:единичные,темные_выбросы:умеренно
/kaggle/input/datasets/mihailodin1/all-image-skin/1346.jpg,success,7.870495196089365,121.54465088201758,167.9071299215239,2.722404441353919,41.78850923461484,25.19467487588096,0.24639270951044656,0.30248613555865395,0.45112115224416927,0.23601672655209796,2.289156711162077,1.7382375351930648,41.32260223953911,15.286692838595302,"[[9, 118, 175], [9, 179, 132], [5, 75, 190]]",0.0,0.0,0.9916426319672681,0.0,1.193203453566042,56.23664390046666,-31.50125441977906,5.025212039693514,-5.608336824513003,-17.977862347691655,20.814209133218526,-23.407345572310703,1.3414715943389899e-05,0.04882956603393923,74545,1089.9453008174896,3.9920451431775823,0.7885313718498631,0.6590330788804071,0.7886605571668694,0.9670368160236619,0.7323626789275645,806.4152842574592,1.0468933290960456,0.9009651216288537,0.2769836331339028,0.8659882772859323,0.3077734009385099,5.188592790931469,0.14546789589622255,2.2652058032203333,5.00111500911044,2.742653708467517,5.0,138.35672211892847,1.0,0.3943302785834347,0.8195828374547798,0.422835387009505,умеренная,умеренно неровные,выраженный,монотонная,неоднородная,лобуляции слабые,с примесью красного или синего,умеренно вытянутая,тёмный ободок по краю,цвет однородный,грубая,овальная,красноватый,хаотичная,размер:очень_маленький,периметр:средний,выпуклость:высокая,плотность:средняя,заполнение_bbox:среднее,вариация_радиуса:средняя,граница:сильно_изрезанная,форма:умеренно_вытянутая,отношение_периметр_площадь:среднее,красный:норма,зеленый:норма,синий:норма,контраст:умеренный,центр:оттенок_как_периферия,насыщенность_центра:умеренно_выше,яркость_центра:темнее,ободок:слегка_темнее,яркость_асимметрия:слабая,яркость_асимметрия:сильная_верх_низ,насыщенность_асимметрия:слабая,насыщенность_асимметрия:сильная_низ_верх,разнообразие_оттенка:низкое,разнообразие_насыщенности:среднее,разнообразие_яркости:среднее,вариабельность_оттенка:низкая,вариабельность_насыщенности:средняя,вариабельность_яркости:средняя,насыщенность:средняя,яркость:средняя,энергия_текстуры:низкая,энтропия_текстуры:высокая,энтропия_lbp:высокая,среднее_lbp:среднее,разброс_lbp:высокий,медиана_lbp:типичная,темные_пиксели:нет,белые_пиксели:нет,красные_пиксели:преобладают,синие_пиксели:нет,яркие_выбросы:нет,темные_выбросы:много
/kaggle/input/datasets/mihailodin1/all-image-skin/1347.jpg,success,179.9647823162594,70.86833906812498,160.41508379787254,12.01306076987631,41.46699458373672,10.576204866801987,0.29597526710215816,0.31060228750252855,0.39342244294084144,1.2128619708264095,2.1563472063542095,1.019626695677237,25.63478135883467,8.898531544564541,"[[177, 42, 167], [158, 30, 169], [8, 104, 153]]",0.0,3.0738242170336874e-05,0.5565122582301644,1.4465055138982057e-05,15.139960686790943,62.80049124915076,-12.847107195481215,2.6106035204895193,-5.002876079371262,0.5461216953993073,1.2341024252762907,-8.912078441542349,0.003298032571687909,0.045968137099792604,553057,2979.2185904979706,4.006059750937542,0.78302390141877,1.031322505800464,0.7782040041276237,0.9783026694473779,0.7217069154058758,4975.45313559946,1.0533561612532818,0.9340548467677807,0.19731093461092172,0.9018826533614642,0.4132137026102946,4.648228427010538,0.18839992440816683,2.2497453600313038,5.251909784054484,2.9986372333365154,6.0,100.1812628519593,3.0,0.40476325496404386,1.2240828462078663,0.42194763294433113,умеренная,умеренно неровные,умеренный,умеренно разнообразная,неоднородная,лобуляции слабые,слабо пигментированная,умеренно вытянутая,без выраженного ободка,цвет умеренно неоднородный,грубая,овальная,красноватый,хаотичная,размер:средний,периметр:средний,выпуклость:средняя,плотность:высокая,заполнение_bbox:среднее,вариация_радиуса:высокая,граница:сильно_изрезанная,форма:умеренно_вытянутая,отношение_периметр_площадь:среднее,красный:понижен,зеленый:повышен,синий:повышен,контраст:умеренный,центр:синее_периферии,насыщенность_центра:выше,яркость_центра:равная,ободок:одинаковый,яркость_асимметрия:слабая,яркость_асимметрия:слабая,насыщенность_асимметрия:слабая,насыщенность_асимметрия:слабая,разнообразие_оттенка:высокое,разнообразие_насыщенности:среднее,разнообразие_яркости:низкое,вариабельность_оттенка:средняя,вариабельность_насыщенности:средняя,вариабельность_яркости:низкая,насыщенность:низкая,яркость:средняя,энергия_текстуры:низкая,энтропия_текстуры:высокая,энтропия_lbp:высокая,среднее_lbp:высокое,разброс_lbp:высокий,медиана_lbp:выше_нормы,темные_пиксели:нет,белые_пиксели:нет,красные_пиксели:умеренно,синие_пиксели:нет,яркие_выбросы:единичные,темные_выбросы:много
/kaggle/input/datasets/mihailodin1/all-image-skin/1348.jpg,success,4.962762957808059,128.75712143262814,147.447516594491,4.203127122379749,51.4206433266057,29.55353421388044,0.2486707025224081,0.2892801701851713,0.4620491241587691,0.4066257169484423,2.398106034711529,1.8960927911310126,54.121388159108065,21.90973491151221,"[[7, 178, 119], [178, 61, 180], [7, 105, 165]]",0.0,0.0,0.9559336397841829,0.0,2.579231229542387,75.21571354400756,-45.884839970466146,-1.0542921907990603,2.15064467294809,-0.5745211471243294,0.4558645586125749,-38.64683305448986,0.0,0.017031538406928864,450752,2718.868304371834,4.049667257452126,0.7662512264010541,1.446319018404908,0.8135419052798699,0.9782050586486398,0.7331255814558679,5469.965283332968,1.0643112421019174,1.0345791670589959,0.2055620215281925,0.8978719467024118,0.2947651565360919,5.207782225270837,0.16835018338240645,2.259781862932291,5.1936598574461295,2.852689532178581,5.0,127.91510731350014,2.0,0.6299304618423889,1.0515024420546302,0.42193167167833423,умеренная,умеренно неровные,выраженный,умеренно разнообразная,неоднородная,лобуляции слабые,с примесью красного или синего,вытянутая,тёмный ободок по краю,цвет умеренно неоднородный,грубая,овальная,красноватый,хаотичная,размер:средний,периметр:средний,выпуклость:средняя,плотность:высокая,заполнение_bbox:среднее,вариация_радиуса:высокая,граница:сильно_изрезанная,форма:сильно_вытянутая,отношение_периметр_площадь:среднее,красный:норма,зеленый:норма,синий:норма,контраст:выраженный,центр:оттенок_как_периферия,насыщенность_центра:выше,яркость_центра:темнее,ободок:слегка_темнее,яркость_асимметрия:слабая,яркость_асимметрия:слабая,насыщенность_асимметрия:слабая,насыщенность_асимметрия:слабая,разнообразие_оттенка:среднее,разнообразие_насыщенности:высокое,разнообразие_яркости:среднее,вариабельность_оттенка:низкая,вариабельность_насыщенности:высокая,вариабельность_яркости:средняя,насыщенность:средняя,яркость:средняя,энергия_текстуры:низкая,энтропия_текстуры:высокая,энтропия_lbp:высокая,среднее_lbp:высокое,разброс_lbp:высокий,медиана_lbp:типичная,темные_пиксели:нет,белые_пиксели:нет,красные_пиксели:много,синие_пиксели:нет,яркие_выбросы:нет,темные_выбросы:умеренно
/kaggle/input/datasets/mihailodin1/all-image-skin/1349.jpg,success,1.7699373643685157,76.8274859947044,171.2790184761888,8.261539221097593,40.717009519882,12.789370789647466,0.2909551564949278,0.3067587535374087,0.4022860876186616,0.9207441136024681,2.1503196615070697,1.20331140459964,25.441288086941736,8.611969899806477,"[[8, 115, 161], [1, 52, 178], [166, 39, 180]]",0.0,0.0003109044253522854,0.6497508385661613,0.0,9.130680885508895,44.78685155402176,-12.076650174107868,-0.280822921500004,7.336304262031817,-2.1810340800560084,8.69298597081442,-8.611031278525132,0.0028623642165062518,0.05050518320006773,685098,3644.93135535717,4.403652126379625,0.6480132056436944,1.769736842105263,0.871597610164949,0.950534859521332,0.6702191351985912,15768.613059465537,1.070249694570136,0.932971629604917,0.2198458323521799,0.8913218145130003,0.3797485510784919,4.7859703884218145,0.18417774543363083,2.2561658836172307,5.210559907506173,2.9797152105992004,6.0,84.48532984804078,2.0,0.820667226135106,1.0406344721991647,0.4466990011074311,умеренная,фестончатые,умеренный,умеренно разнообразная,неоднородная,лобуляции слабые,слабо пигментированная,вытянутая,без выраженного ободка,цвет умеренно неоднородный,грубая,неправильная,красноватый,хаотичная,размер:средний,периметр:большой,выпуклость:средняя,плотность:средняя,заполнение_bbox:низкое,вариация_радиуса:высокая,граница:сильно_изрезанная,форма:сильно_вытянутая,отношение_периметр_площадь:высокое,красный:понижен,зеленый:норма,синий:повышен,контраст:умеренный,центр:синее_периферии,насыщенность_центра:умеренно_выше,яркость_центра:равная,ободок:одинаковый,яркость_асимметрия:слабая,яркость_асимметрия:слабая,насыщенность_асимметрия:слабая,насыщенность_асимметрия:слабая,разнообразие_оттенка:высокое,разнообразие_насыщенности:среднее,разнообразие_яркости:низкое,вариабельность_оттенка:средняя,вариабельность_насыщенности:средняя,вариабельность_яркости:низкая,насыщенность:низкая,яркость:высокая,энергия_текстуры:низкая,энтропия_текстуры:высокая,энтропия_lbp:высокая,среднее_lbp:высокое,разброс_lbp:высокий,медиана_lbp:выше_нормы,темные_пиксели:нет,белые_пиксели:единичные,красные_пиксели:умеренно,синие_пиксели:нет,яркие_выбросы:единичные,темные_выбросы:много
/kaggle/input/datasets/mihailodin1/all-image-skin/135.jpg,success,7.566688153822173,173.95497290901164,138.32537211185152,2.2392681358457476,38.75742596230859,45.2942065693309,0.19152759714910744,0.27951847794494966,0.5289539210819246,0.11087828939646882,2.2101133058895157,2.263135792378989,57.5387156367178,26.758887088452905,"[[9, 132, 183], [6, 215, 84], [8, 176, 148]]",0.006757177554960453,0.0001245562682942019,0.9972753316310643,1.556953353677524e-05,-2.186712426474415,53.511729589539556,-70.62127450175835,20.94483656713257,-16.165886549389143,-1.3107316954812518,-3.3834244627133216,-53.518532140323714,0.00065392040854456,0.004110356853708663,64228,959.8620405197144,3.7874474664996365,0.8760252589470042,0.9075907590759076,0.6378739316681921,0.9939645300071187,0.7708130813081309,198.7736904428031,1.0380299046167687,0.7886304906034827,0.3732510636604842,0.8530384082622993,0.2592546087465428,5.4954718254332455,0.1621178178146594,2.230976396274814,4.940475814848705,2.57121585400181,5.0,168.1245957924886,1.0,0.31893696583409603,0.9428781688603705,0.1691685409566846,умеренная,умеренно неровные,выраженный,монотонная,неоднородная,лобуляции отсутствуют,с примесью красного или синего,умеренно вытянутая,тёмный ободок по краю,цвет умеренно неоднородный,грубая,округлая,красноватый,хаотичная,размер:очень_маленький,периметр:маленький,выпуклость:высокая,плотность:высокая,заполнение_bbox:среднее,вариация_радиуса:низкая,граница:сильно_изрезанная,форма:умеренно_вытянутая,отношение_периметр_площадь:среднее,красный:повышен,зеленый:понижен,синий:понижен,контраст:выраженный,центр:оттенок_как_периферия,насыщенность_центра:умеренно_выше,яркость_центра:значительно_темнее,ободок:темнее_центра,яркость_асимметрия:сильная_право_лево,яркость_асимметрия:слабая,насыщенность_асимметрия:слабая,насыщенность_асимметрия:слабая,разнообразие_оттенка:низкое,разнообразие_насыщенности:среднее,разнообразие_яркости:высокое,вариабельность_оттенка:низкая,вариабельность_насыщенности:средняя,вариабельность_яркости:высокая,насыщенность:высокая,яркость:средняя,энергия_текстуры:низкая,энтропия_текстуры:высокая,энтропия_lbp:высокая,среднее_lbp:среднее,разброс_lbp:высокий,медиана_lbp:типичная,темные_пиксели:единичные,белые_пиксели:единичные,красные_пиксели:преобладают,синие_пиксели:нет,яркие_выбросы:нет,темные_выбросы:нет
/kaggle/input/datasets/mihailodin1/all-image-skin/1350.jpg,success,4.552842653677946,125.58512163037716,179.40950857008227,4.072508408062262,42.1063377073535,30.918235933428257,0.24996805845689293,0.2868355972220785,0.463196341739246,0.4023303587797441,2.264674273799077,1.9977640045285519,47.10140397970978,17.026517889847046,"[[6, 116, 190], [7, 173, 145], [179, 77, 211]]",0.0,0.0,0.9978108495474447,0.0,4.185479001957546,66.6761841045303,-46.19348693120463,5.880173854052487,-12.423373589844317,15.92932534998593,-15.972298538990103,-28.584792917697143,6.871772721025661e-05,0.033318280878801565,101866,1261.727045416832,3.9532181979586154,0.8040967230427187,0.8325242718446602,0.5623574965552903,0.9638734340108247,0.7208384047100116,310.0966873373188,1.0574479949683502,0.8878640795138615,0.29651082677390533,0.8596233814219083,0.2713791737301425,5.375166719476603,0.13853179133369734,2.260237314842619,4.953948478681689,2.698281003744524,5.0,167.2603213705653,2.0,0.28117874827764516,0.9665786063714957,0.26483431622624615,умеренная,умеренно неровные,выраженный,умеренно разнообразная,неоднородная,лобуляции слабые,с примесью красного или синего,умеренно вытянутая,тёмный ободок по краю,цвет умеренно неоднородный,грубая,овальная,красноватый,хаотичная,размер:маленький,периметр:средний,выпуклость:средняя,плотность:средняя,заполнение_bbox:среднее,вариация_радиуса:низкая,граница:сильно_изрезанная,форма:умеренно_вытянутая,отношение_периметр_площадь:среднее,красный:норма,зеленый:норма,синий:норма,контраст:умеренный,центр:оттенок_как_периферия,насыщенность_центра:выше,яркость_центра:темнее,ободок:слегка_темнее,яркость_асимметрия:слабая,яркость_асимметрия:сильная_низ_верх,насыщенность_асимметрия:слабая,насыщенность_асимметрия:слабая,разнообразие_оттенка:среднее,разнообразие_насыщенности:среднее,разнообразие_яркости:среднее,вариабельность_оттенка:низкая,вариабельность_насыщенности:средняя,вариабельность_яркости:средняя,насыщенность:средняя,яркость:высокая,энергия_текстуры:низкая,энтропия_текстуры:высокая,энтропия_lbp:высокая,среднее_lbp:среднее,разброс_lbp:высокий,медиана_lbp:типичная,темные_пиксели:нет,белые_пиксели:нет,красные_пиксели:преобладают,синие_пиксели:нет,яркие_выбросы:нет,темные_выбросы:умеренно
/kaggle/input/datasets/mihailodin1/all-image-skin/1351.jpg,success,3.7797509816394976,122.95055959074868,164.43623795287996,4.94919554594418,45.14322367423179,30.21732328344079,0.25560484364991437,0.2871665757899006,0.45722857777960213,0.5319241450184867,2.2537373741947198,1.9226136854648046,50.257883167187046,19.116361067431882,"[[5, 101, 181], [7, 167, 136], [176, 68, 199]]",0.0,0.0,0.9923211414140324,0.0,4.988896179445518,73.0608132524626,-49.784029197221514,3.08570674543833,-4.854927499081171,2.2588859323985844,-2.438518267038134,-37.511754799278265,2.1584985484097263e-05,0.014650808897331016,185314,1678.0184564590454,3.8980070307303833,0.8270364065053843,0.9702380952380952,0.6371761251218327,0.9684455871900999,0.7519151491544129,640.0139480300616,1.0542685958046163,0.97639766891487,0.2346150741616603,0.884206698982189,0.292473936879638,5.22060452777823,0.15633434915106662,2.2667444584693146,5.085241619503701,2.798832060265098,5.0,140.47177707308583,2.0,0.3185880625609164,1.0515596906961535,0.4135699485633939,умеренная,умеренно неровные,выраженный,умеренно разнообразная,неоднородная,лобуляции слабые,с примесью красного или синего,умеренно вытянутая,тёмный ободок по краю,цвет умеренно неоднородный,грубая,овальная,красноватый,хаотичная,размер:маленький,периметр:средний,выпуклость:средняя,плотность:средняя,заполнение_bbox:среднее,вариация_радиуса:средняя,граница:сильно_изрезанная,форма:умеренно_вытянутая,отношение_периметр_площадь:среднее,красный:норма,зеленый:норма,синий:повышен,контраст:выраженный,центр:оттенок_как_периферия,насыщенность_центра:выше,яркость_центра:темнее,ободок:слегка_темнее,яркость_асимметрия:слабая,яркость_асимметрия:слабая,насыщенность_асимметрия:слабая,насыщенность_асимметрия:слабая,разнообразие_оттенка:среднее,разнообразие_насыщенности:среднее,разнообразие_яркости:среднее,вариабельность_оттенка:низкая,вариабельность_насыщенности:высокая,вариабельность_яркости:средняя,насыщенность:средняя,яркость:средняя,энергия_текстуры:низкая,энтропия_текстуры:высокая,энтропия_lbp:высокая,среднее_lbp:среднее,разброс_lbp:высокий,медиана_lbp:типичная,темные_пиксели:нет,белые_пиксели:нет,красные_пиксели:преобладают,синие_пиксели:нет,яркие_выбросы:нет,темные_выбросы:умеренно
/kaggle/input/datasets/mihailodin1/all-image-skin/1352.jpg,success,175.78105324574338,133.0536047140207,137.91417593238512,5.119174806349766,23.615687230297866,17.425619073852296,0.26926585669625636,0.2385310259718823,0.4922031137627622,0.88832641654262,1.8056198595132056,1.508836397816518,23.614227095112227,11.450359718697127,"[[174, 121, 147], [179, 148, 134], [165, 96, 135]]",0.0,7.402107133163907e-05,0.946655481260332,0.0001099100756136459,3.876734701532172,22.06334284253093,-7.78435167260983,-20.46513175649659,-13.014517853775232,-6.564286165541574,-12.575820556096104,19.149890904483982,0.040913464881487775,0.004625195426843629,445819,2893.152575135231,4.333033540704205,0.6693076092301551,1.0025220680958387,0.7268107126301643,0.9376819336709797,0.7071609285651971,3605.0766737981376,1.1120399940511627,1.1136088328141995,0.235404824320385,0.904734186142374,0.45308292601268024,4.486780774839516,0.17762805972170498,2.248836902871812,5.295999368024286,2.8807405275417515,6.0,86.34418554858243,1.0,0.36466639036300147,0.8031338273888156,0.4288655173374666,умеренная,фестончатые,умеренный,монотонная,неоднородная,лобуляции слабые,с примесью красного или синего,умеренно вытянутая,без выраженного ободка,цвет однородный,грубая,неправильная,красноватый,хаотичная,размер:средний,периметр:средний,выпуклость:низкая,плотность:средняя,заполнение_bbox:среднее,вариация_радиуса:высокая,граница:сильно_изрезанная,форма:умеренно_вытянутая,отношение_периметр_площадь:высокое,красный:норма,зеленый:понижен,синий:повышен,контраст:умеренный,центр:оттенок_как_периферия,насыщенность_центра:умеренно_выше,яркость_центра:равная,ободок:светлее,яркость_асимметрия:сильная_лево_право,яркость_асимметрия:слабая,насыщенность_асимметрия:слабая,насыщенность_асимметрия:слабая,разнообразие_оттенка:высокое,разнообразие_насыщенности:низкое,разнообразие_яркости:низкое,вариабельность_оттенка:средняя,вариабельность_насыщенности:низкая,вариабельность_яркости:низкая,насыщенность:средняя,яркость:средняя,энергия_текстуры:низкая,энтропия_текстуры:высокая,энтропия_lbp:высокая,среднее_lbp:высокое,разброс_lbp:высокий,медиана_lbp:выше_нормы,темные_пиксели:нет,белые_пиксели:нет,красные_пиксели:много,синие_пиксели:единичные,яркие_выбросы:много,темные_выбросы:нет
/kaggle/input/datasets/mihailodin1/all-image-skin/1353.jpg,success,6.088776753558553,126.65289358415889,137.21532948004779,8.400769886967092,69.61159089532205,48.001035828982964,0.2599001620694378,0.30761283317147553,0.43248700160630993,0.9279050384507448,2.4614126085630588,2.3096069267208215,83.68994959577563,31.820834706767936,"[[9, 73, 177], [8, 186, 97], [167, 26, 196]]",0.008585425892630894,0.035171286184885305,0.7472729356967891,0.0,1.9035165190466046,104.00570782172086,-81.52090677362563,7.4919287223485185,-12.624947426675632,5.163235190196588,-4.270300943866758,-66.77252430477554,1.5083320261122441e-05,0.0006063494744971221,331492,2200.8022890090942,3.822473674822864,0.8600443710473181,1.0837282780410742,0.4715448589637225,0.9886901850371625,0.7633878195828094,353.3472649985796,1.0542074393505563,0.9100141822803066,0.28619943749912685,0.8649911507143496,0.2447298630080703,5.6278447663354205,0.1551703196263839,2.240945583469667,4.955016670614171,2.6094166051004133,5.0,216.98054339748057,2.0,0.2776365685023984,1.6881281897546394,0.2906011058054116,выраженная,умеренно неровные,выраженный,умеренно разнообразная,неоднородная,лобуляции слабые,с примесью красного или синего,умеренно вытянутая,тёмный ободок по краю,цвет неоднородный,грубая,округлая,красноватый,хаотичная,размер:маленький,периметр:средний,выпуклость:средняя,плотность:высокая,заполнение_bbox:среднее,вариация_радиуса:низкая,граница:сильно_изрезанная,форма:округлая,отношение_периметр_площадь:среднее,красный:понижен,зеленый:норма,синий:повышен,контраст:сильный,центр:оттенок_как_периферия,насыщенность_центра:значительно_выше,яркость_центра:значительно_темнее,ободок:темнее_центра,яркость_асимметрия:слабая,яркость_асимметрия:слабая,насыщенность_асимметрия:слабая,насыщенность_асимметрия:слабая,разнообразие_оттенка:высокое,разнообразие_насыщенности:высокое,разнообразие_яркости:высокое,вариабельность_оттенка:средняя,вариабельность_насыщенности:высокая,вариабельность_яркости:высокая,насыщенность:средняя,яркость:средняя,энергия_текстуры:низкая,энтропия_текстуры:высокая,энтропия_lbp:высокая,среднее_lbp:среднее,разброс_lbp:высокий,медиана_lbp:типичная,темные_пиксели:единичные,белые_пиксели:присутствуют,красные_пиксели:умеренно,синие_пиксели:нет,яркие_выбросы:нет,темные_выбросы:нет
/kaggle/input/datasets/mihailodin1/all-image-skin/1354.jpg,success,12.732655962904182,77.16703381465672,168.36391447303913,4.789371501082716,42.2003939653186,23.860863796283965,0.2808679994306431,0.3285382708930562,0.39059372735630227,0.7738861537414334,2.2330572846371286,1.7141346879489614,38.563388032780814,13.08009221117544,"[[5, 35, 189], [15, 51, 183], [13, 122, 144]]",0.0,0.006628274099397965,0.45610892855975577,0.0,0.14571720995510873,68.04086400066998,-36.52147940879206,-7.338107323132988,10.83435020654403,-3.456132948093739,-3.64649880614823,-26.8448891602134,0.0,0.03625286800321609,152981,1523.0062638521194,3.8938833918126856,0.8287890040963238,0.7175141242937854,0.6825033226506428,0.9747241124448862,0.7561674847141282,710.7942881201558,1.0488120019430989,0.9901833440344329,0.22905143859362379,0.8867244952167654,0.3206091538265132,5.105172573675785,0.1775506166325925,2.2624546344155814,5.170038910505837,2.9380385877420983,5.0,129.98314990333614,1.0,0.3412516613253214,1.0137298327541413,0.41489765380302174,умеренная,умеренно неровные,умеренный,монотонная,неоднородная,лобуляции слабые,слабо пигментированная,умеренно вытянутая,тёмный ободок по краю,цвет умеренно неоднородный,грубая,овальная,красноватый,хаотичная,размер:маленький,периметр:средний,выпуклость:высокая,плотность:высокая,заполнение_bbox:среднее,вариация_радиуса:средняя,граница:сильно_изрезанная,форма:умеренно_вытянутая,отношение_периметр_площадь:среднее,красный:понижен,зеленый:повышен,синий:повышен,контраст:умеренный,центр:оттенок_как_периферия,насыщенность_центра:выше,яркость_центра:темнее,ободок:слегка_темнее,яркость_асимметрия:слабая,яркость_асимметрия:слабая,насыщенность_асимметрия:слабая,насыщенность_асимметрия:слабая,разнообразие_оттенка:высокое,разнообразие_насыщенности:среднее,разнообразие_яркости:среднее,вариабельность_оттенка:низкая,вариабельность_насыщенности:средняя,вариабельность_яркости:средняя,насыщенность:низкая,яркость:средняя,энергия_текстуры:низкая,энтропия_текстуры:высокая,энтропия_lbp:высокая,среднее_lbp:высокое,разброс_lbp:высокий,медиана_lbp:типичная,темные_пиксели:нет,белые_пиксели:присутствуют,красные_пиксели:мало,синие_пиксели:нет,яркие_выбросы:нет,темные_выбросы:умеренно
/kaggle/input/datasets/mihailodin1/all-image-skin/1355.jpg,success,149.50829867857524,41.528787109529546,141.0869971971806,14.247143670225249,16.634367324271192,9.239684455885877,0.34734195715462446,0.3030509843477018,0.3496070559426854,1.6443857226950356,1.1454268702765753,0.9796473457832524,2.505333502319467,0.9874929247175109,"[[134, 39, 141], [167, 51, 143], [152, 38, 140]]",0.0,0.0,0.05081799695525143,0.02245890138414527,14.618350051526221,5.798662005879116,6.060683567424746,2.6137137303633153,2.9034786791364837,1.100797919622977,-5.971550979235921,6.370183815208833,0.012357317637847564,0.02799411949331931,2641269,8579.856111764908,5.279267734358328,0.450881575553164,0.7606973058637084,0.6755162161935199,0.9689458971649938,0.9689458971649938,32305.21703529647,1.2878799327176385,1.091195237928072,0.19362237197661536,0.9033077549169545,0.5540239782173028,3.9911864554866416,0.204925593850739,2.224328549363209,5.345774656961615,3.077697659412525,6.0,39.06723693318878,2.0,0.33775810809675993,1.144741737482838,0.4470811002615831,слабая,фестончатые,низкий,умеренно разнообразная,неоднородная,лобуляции слабые,слабо пигментированная,умеренно вытянутая,без выраженного ободка,цвет умеренно неоднородный,грубая,неправильная,фиолетовый,хаотичная,размер:гигантский,периметр:очень_большой,выпуклость:низкая,плотность:средняя,заполнение_bbox:высокое,вариация_радиуса:высокая,граница:сильно_изрезанная,форма:умеренно_вытянутая,отношение_периметр_площадь:высокое,красный:понижен,зеленый:норма,синий:повышен,контраст:очень_слабый,центр:синее_периферии,насыщенность_центра:равна,яркость_центра:равная,ободок:одинаковый,яркость_асимметрия:слабая,яркость_асимметрия:слабая,насыщенность_асимметрия:слабая,насыщенность_асимметрия:слабая,разнообразие_оттенка:высокое,разнообразие_насыщенности:низкое,разнообразие_яркости:низкое,вариабельность_оттенка:средняя,вариабельность_насыщенности:низкая,вариабельность_яркости:низкая,насыщенность:низкая,яркость:средняя,энергия_текстуры:низкая,энтропия_текстуры:высокая,энтропия_lbp:высокая,среднее_lbp:высокое,разброс_lbp:высокий,медиана_lbp:выше_нормы,темные_пиксели:нет,белые_пиксели:нет,красные_пиксели:мало,синие_пиксели:присутствуют,яркие_выбросы:много,темные_выбросы:умеренно
/kaggle/input/datasets/mihailodin1/all-image-skin/1356.jpg,success,4.204843789968419,126.85355638597713,148.12773537701491,7.207561974947285,57.520863097555974,31.77463160721835,0.25377893624689196,0.29314384301411267,0.45307721768008324,0.6697736275012528,2.406557414709267,1.9967149227047274,65.42572302816568,25.216293770157268,"[[7, 173, 123], [170, 44, 189], [5, 82, 173]]",0.0,0.0009302656997181493,0.8405643348006461,0.0,3.5531572540659937,84.4171739798301,-49.90264604357475,3.9899837681724932,-11.262501795480688,8.590007217407589,-8.276347232264882,-50.49244571949984,3.166861956487317e-05,0.008677201760775247,252616,1914.084471821785,3.8082957929231855,0.8664599994229184,0.9722703639514731,0.13470753262223586,0.9817955693742713,0.7804088391304214,158.88290390745885,1.0518605625434778,0.9911081715756113,0.18007542280354819,0.9109817328381005,0.2968328307430305,5.218193034397791,0.2271226979191581,2.0482927578738113,4.937064498126445,2.0740692927149516,5.0,169.9918172907965,2.0,0.06735376631111793,1.3006504197546327,0.13467033883216267,умеренная,умеренно неровные,выраженный,умеренно разнообразная,неоднородная,лобуляции отсутствуют,с примесью красного или синего,округлая,тёмный ободок по краю,цвет неоднородный,грубая,округлая,красноватый,средне упорядоченная,размер:маленький,периметр:средний,выпуклость:средняя,плотность:высокая,заполнение_bbox:среднее,вариация_радиуса:низкая,граница:сильно_изрезанная,форма:округлая,отношение_периметр_площадь:среднее,красный:норма,зеленый:норма,синий:повышен,контраст:выраженный,центр:оттенок_как_периферия,насыщенность_центра:выше,яркость_центра:темнее,ободок:темнее_центра,яркость_асимметрия:слабая,яркость_асимметрия:слабая,насыщенность_асимметрия:слабая,насыщенность_асимметрия:слабая,разнообразие_оттенка:среднее,разнообразие_насыщенности:высокое,разнообразие_яркости:среднее,вариабельность_оттенка:средняя,вариабельность_насыщенности:высокая,вариабельность_яркости:средняя,насыщенность:средняя,яркость:средняя,энергия_текстуры:низкая,энтропия_текстуры:высокая,энтропия_lbp:средняя,среднее_lbp:среднее,разброс_lbp:средний,медиана_lbp:типичная,темные_пиксели:нет,белые_пиксели:единичные,красные_пиксели:умеренно,синие_пиксели:нет,яркие_выбросы:нет,темные_выбросы:нет
/kaggle/input/datasets/mihailodin1/all-image-skin/1357.jpg,success,5.44660804687621,133.44186304456227,116.9590217771858,5.737933007146373,41.955591708104585,41.13276273618783,0.23895141206604134,0.292277480502398,0.4687711034233861,0.7246401596073758,2.2746213209639543,2.2790881443099917,79.61648247384633,35.9560997092098,"[[7, 169, 104], [9, 96, 164], [178, 111, 83]]",0.020831022579640226,3.857953991969669e-06,0.9523938122275922,4.822442489962086e-06,-5.640211659950452,-5.568001295578284,-52.56358324232333,-14.461509466129385,2.7527803376644613,-0.1576043275526473,-19.44820197456349,-66.38865547906454,0.003743179860708571,9.259089580727205e-05,1036819,4615.676522135735,4.532980921694797,0.6115642380506257,2.7565982404692084,0.9345299258396347,0.9726904887661373,0.8086502464591002,42663.107028302016,1.0547943721584385,0.939694611547096,0.11828647452831004,0.9420210873291257,0.32755875714129895,5.048699419691699,0.21219244996818074,2.1203977575253985,5.293710825238064,2.2965709523071935,5.0,100.59189230376205,2.0,1.3455640831544216,1.2033080179163138,0.46103525747957824,умеренная,фестончатые,выраженный,умеренно разнообразная,неоднородная,лобуляции слабые,с примесью красного или синего,вытянутая,тёмный ободок по краю,цвет умеренно неоднородный,средняя,неправильная,красноватый,средне упорядоченная,размер:крупный,периметр:большой,выпуклость:средняя,плотность:высокая,заполнение_bbox:высокое,вариация_радиуса:высокая,граница:сильно_изрезанная,форма:сильно_вытянутая,отношение_периметр_площадь:высокое,красный:норма,зеленый:норма,синий:норма,контраст:выраженный,центр:краснее_периферии,насыщенность_центра:равна,яркость_центра:значительно_темнее,ободок:темнее_центра,яркость_асимметрия:слабая,яркость_асимметрия:слабая,насыщенность_асимметрия:слабая,насыщенность_асимметрия:слабая,разнообразие_оттенка:высокое,разнообразие_насыщенности:среднее,разнообразие_яркости:высокое,вариабельность_оттенка:средняя,вариабельность_насыщенности:средняя,вариабельность_яркости:высокая,насыщенность:средняя,яркость:средняя,энергия_текстуры:низкая,энтропия_текстуры:высокая,энтропия_lbp:высокая,среднее_lbp:высокое,разброс_lbp:высокий,медиана_lbp:типичная,темные_пиксели:единичные,белые_пиксели:нет,красные_пиксели:много,синие_пиксели:нет,яркие_выбросы:единичные,темные_выбросы:нет
/kaggle/input/datasets/mihailodin1/all-image-skin/1358.jpg,success,6.755183312360025,134.09061666372997,167.12476011347914,5.593855390970706,49.0094798542025,24.159428948475554,0.23598216334682995,0.2963988008749137,0.4676190329799177,0.5517742504398448,2.355868384909216,1.805503132761801,63.02619161469391,22.231871363770384,"[[7, 91, 189], [173, 48, 200], [9, 168, 152]]",0.0,0.0031579651886242226,0.9212530237653271,5.4636075927754715e-06,4.40151330742404,75.77761024790118,-36.38962795369639,8.752312093031293,-15.571167904475402,-1.5378672698414846,13.016372394937733,-33.860683223766216,0.001117307752722584,0.029641437092705128,732117,4065.1192967891693,4.750978328514066,0.5567288986511078,1.0432595573440644,0.5400942815251695,0.8548214969595636,0.7102567187114975,4981.653798382044,1.1843276932305158,1.0068076763144753,0.1558768230586601,0.9222662529864647,0.3214232077911476,5.070201208246255,0.20896559776375162,2.118807833011079,5.033130266962452,2.233153967630253,5.0,155.4464711713075,2.0,0.29167691943461693,1.056094497002432,0.43852506666940017,умеренная,фестончатые,выраженный,умеренно разнообразная,неоднородная,лобуляции слабые,с примесью красного или синего,умеренно вытянутая,тёмный ободок по краю,цвет умеренно неоднородный,грубая,неправильная,красноватый,хаотичная,размер:средний,периметр:большой,выпуклость:низкая,плотность:низкая,заполнение_bbox:среднее,вариация_радиуса:высокая,граница:сильно_изрезанная,форма:умеренно_вытянутая,отношение_периметр_площадь:высокое,красный:норма,зеленый:норма,синий:норма,контраст:выраженный,центр:оттенок_как_периферия,насыщенность_центра:выше,яркость_центра:темнее,ободок:слегка_темнее,яркость_асимметрия:слабая,яркость_асимметрия:слабая,насыщенность_асимметрия:слабая,насыщенность_асимметрия:слабая,разнообразие_оттенка:среднее,разнообразие_насыщенности:высокое,разнообразие_яркости:среднее,вариабельность_оттенка:средняя,вариабельность_насыщенности:высокая,вариабельность_яркости:средняя,насыщенность:средняя,яркость:средняя,энергия_текстуры:низкая,энтропия_текстуры:высокая,энтропия_lbp:высокая,среднее_lbp:среднее,разброс_lbp:средний,медиана_lbp:типичная,темные_пиксели:нет,белые_пиксели:единичные,красные_пиксели:много,синие_пиксели:нет,яркие_выбросы:единичные,темные_выбросы:умеренно
/kaggle/input/datasets/mihailodin1/all-image-skin/1359.jpg,success,2.638634893118652,90.28724332546132,165.48477364607933,10.479660611817513,51.403224765341584,19.69821964420971,0.2815836701927903,0.30680877914083526,0.4116075481773751,1.092775226875062,2.4138635250054143,1.546507262578612,38.3436353074644,13.30399419721038,"[[158, 32, 184], [9, 129, 153], [0, 52, 179]]",0.0,0.0019973582035784335,0.6921199749162764,1.3342406169528613e-06,9.073370811928442,69.2119731186774,-25.01147694238412,5.90830071559688,-13.979682595409386,4.572950155048659,-0.1464409305487493,-19.64933781301906,0.0015890805747908578,0.0526011020827496,749490,3434.421688914299,3.96707760897285,0.7984881410281041,1.4883720930232558,0.7497090750373963,0.9900243315430319,0.7544148199445984,6254.443415259954,1.0558189912167981,0.941570636562193,0.15852502476634292,0.9210703605822469,0.33862622102784257,4.977091708289352,0.20253237510353866,2.130284199752706,5.023303909137941,2.265584926211523,5.0,127.90419526959364,2.0,0.619040584030326,1.3335302712081956,0.41828512330792433,умеренная,умеренно неровные,умеренный,умеренно разнообразная,неоднородная,лобуляции слабые,слабо пигментированная,вытянутая,без выраженного ободка,цвет неоднородный,грубая,овальная,красноватый,хаотичная,размер:средний,периметр:большой,выпуклость:средняя,плотность:высокая,заполнение_bbox:среднее,вариация_радиуса:высокая,граница:сильно_изрезанная,форма:умеренно_вытянутая,отношение_периметр_площадь:среднее,красный:понижен,зеленый:норма,синий:повышен,контраст:умеренный,центр:синее_периферии,насыщенность_центра:выше,яркость_центра:темнее,ободок:слегка_темнее,яркость_асимметрия:слабая,яркость_асимметрия:слабая,насыщенность_асимметрия:слабая,насыщенность_асимметрия:слабая,разнообразие_оттенка:высокое,разнообразие_насыщенности:высокое,разнообразие_яркости:низкое,вариабельность_оттенка:средняя,вариабельность_насыщенности:высокая,вариабельность_яркости:низкая,насыщенность:средняя,яркость:средняя,энергия_текстуры:низкая,энтропия_текстуры:высокая,энтропия_lbp:высокая,среднее_lbp:среднее,разброс_lbp:высокий,медиана_lbp:типичная,темные_пиксели:нет,белые_пиксели:единичные,красные_пиксели:умеренно,синие_пиксели:нет,яркие_выбросы:единичные,темные_выбросы:много
/kaggle/input/datasets/mihailodin1/all-image-skin/136.jpg,success,15.737711460455694,118.6872766830474,149.75050811650038,12.321353832632457,65.40759324849131,27.92979763496161,0.2483014417103156,0.32410063186407817,0.42759792355726334,1.28995452268014,2.6477225782596476,1.9246186396142673,61.9597645637219,22.128290934467433,"[[68, 16, 180], [11, 165, 134], [21, 54, 173]]",0.0002321678533688473,0.0021924304503697332,0.5506466991675067,6.063490328533469e-05,-10.007421558608115,98.40335869106404,-47.16086407411103,0.046686867897932416,1.6817414936981265,-7.007191783127979,-10.628080118662282,-34.525162016567464,0.0018294188583325322,0.032153652036235734,2506807,6006.44849717617,3.793650415056101,0.873162845946695,1.126376811594203,0.4044793646875399,0.9915409939035509,0.7479266336980763,1767.1781543953575,1.0515309604167489,0.985687364953674,0.228287169552538,0.8903936842762236,0.2664270855238174,5.427512027400447,0.17748964149162522,2.2574916196484773,5.208553968228575,2.917514638642111,5.0,174.9353445871695,2.0,0.2654280881408715,1.6665743339256462,0.4065644930041829,умеренная,умеренно неровные,выраженный,умеренно разнообразная,неоднородная,лобуляции слабые,слабо пигментированная,умеренно вытянутая,тёмный ободок по краю,цвет неоднородный,грубая,округлая,желтовато-коричневый,хаотичная,размер:гигантский,периметр:большой,выпуклость:средняя,плотность:высокая,заполнение_bbox:среднее,вариация_радиуса:средняя,граница:сильно_изрезанная,форма:округлая,отношение_периметр_площадь:среднее,красный:понижен,зеленый:повышен,синий:норма,контраст:выраженный,центр:краснее_периферии,насыщенность_центра:выше,яркость_центра:темнее,ободок:слегка_темнее,яркость_асимметрия:слабая,яркость_асимметрия:слабая,насыщенность_асимметрия:слабая,насыщенность_асимметрия:слабая,разнообразие_оттенка:высокое,разнообразие_насыщенности:высокое,разнообразие_яркости:среднее,вариабельность_оттенка:средняя,вариабельность_насыщенности:высокая,вариабельность_яркости:средняя,насыщенность:средняя,яркость:средняя,энергия_текстуры:низкая,энтропия_текстуры:высокая,энтропия_lbp:высокая,среднее_lbp:высокое,разброс_lbp:высокий,медиана_lbp:типичная,темные_пиксели:нет,белые_пиксели:единичные,красные_пиксели:умеренно,синие_пиксели:нет,яркие_выбросы:единичные,темные_выбросы:умеренно
/kaggle/input/datasets/mihailodin1/all-image-skin/1360.jpg,success,9.05368940708349,178.89589521033304,126.06628166697067,2.1303524414416763,34.571237843564205,32.582647349415176,0.1771762802815272,0.28706823564205103,0.5357554798266296,0.3995036272640322,1.9835556790995907,2.008229405014701,66.95499464709224,31.565853596835534,"[[7, 207, 95], [11, 129, 169], [10, 182, 134]]",0.0,0.0,0.9957668388611076,0.0,-2.699712631470561,48.92056753221638,-52.39556940086041,2.0156272990421797,-4.701401429669602,0.011601836856812042,0.6777999992707748,-48.25785337911496,0.0017827459105254281,0.00030286030912401096,290563,2170.743413925171,4.027062191221617,0.7748777502737404,0.7606951871657754,0.6817853763735547,0.9724558473592085,0.6826945668825127,1762.0971887150415,1.0616026423719174,1.002524051696154,0.1806643399394073,0.9113595729267937,0.3426059099364544,4.99091369767108,0.22968646481184074,2.0331646956362013,4.953037361295626,2.043911303372638,5.0,111.42228012938672,1.0,0.34089268818677737,0.8424265067938577,0.4210488716300461,умеренная,умеренно неровные,выраженный,монотонная,неоднородная,лобуляции слабые,с примесью красного или синего,умеренно вытянутая,тёмный ободок по краю,цвет однородный,грубая,овальная,красноватый,средне упорядоченная,размер:маленький,периметр:средний,выпуклость:средняя,плотность:высокая,заполнение_bbox:низкое,вариация_радиуса:средняя,граница:сильно_изрезанная,форма:умеренно_вытянутая,отношение_периметр_площадь:среднее,красный:повышен,зеленый:норма,синий:понижен,контраст:выраженный,центр:оттенок_как_периферия,насыщенность_центра:умеренно_выше,яркость_центра:значительно_темнее,ободок:слегка_темнее,яркость_асимметрия:слабая,яркость_асимметрия:слабая,насыщенность_асимметрия:слабая,насыщенность_асимметрия:слабая,разнообразие_оттенка:низкое,разнообразие_насыщенности:низкое,разнообразие_яркости:среднее,вариабельность_оттенка:низкая,вариабельность_насыщенности:средняя,вариабельность_яркости:средняя,насыщенность:высокая,яркость:средняя,энергия_текстуры:низкая,энтропия_текстуры:высокая,энтропия_lbp:средняя,среднее_lbp:среднее,разброс_lbp:низкий,медиана_lbp:типичная,темные_пиксели:нет,белые_пиксели:нет,красные_пиксели:преобладают,синие_пиксели:нет,яркие_выбросы:единичные,темные_выбросы:нет
/kaggle/input/datasets/mihailodin1/all-image-skin/1361.jpg,success,9.873888817078521,111.58588220869073,176.63684048244562,3.0878450281474,32.27474475835018,16.826466015682612,0.25009919182686263,0.3134901258289455,0.4364106798735257,0.6808081148893206,2.102338873095277,1.3570769584511244,19.699607938796774,7.063853505542052,"[[10, 165, 145], [6, 75, 190], [11, 115, 178]]",0.0,0.0,0.9619088661734504,0.0,0.8531684150959506,11.69725827618656,-1.5882389823575238,13.203488860338126,-17.476216999624384,2.099996778510757,-14.709807546606896,-3.2407668404490266,0.00023080071620347248,0.04880533582405773,554591,3436.3556735515594,4.614362396750868,0.5901826863771473,1.3465753424657534,0.6913761447644718,0.9313609745693687,0.7728521857885422,3900.244628645286,1.1719857945292949,0.9877842087030991,0.16871576409904657,0.9164117282812335,0.41261804225495297,4.679837571929849,0.20492912949159178,2.1197807705107534,4.972106687254545,2.2370819532284982,5.0,61.6281758587202,1.0,0.5189757436151126,0.7641423040675714,0.43198144139752664,слабая,фестончатые,умеренный,монотонная,неоднородная,лобуляции слабые,с примесью красного или синего,вытянутая,без выраженного ободка,цвет однородный,грубая,неправильная,красноватый,хаотичная,размер:средний,периметр:большой,выпуклость:низкая,плотность:средняя,заполнение_bbox:среднее,вариация_радиуса:высокая,граница:сильно_изрезанная,форма:умеренно_вытянутая,отношение_периметр_площадь:высокое,красный:понижен,зеленый:повышен,синий:повышен,контраст:очень_слабый,центр:оттенок_как_периферия,насыщенность_центра:равна,яркость_центра:равная,ободок:одинаковый,яркость_асимметрия:слабая,яркость_асимметрия:слабая,насыщенность_асимметрия:слабая,насыщенность_асимметрия:слабая,разнообразие_оттенка:среднее,разнообразие_насыщенности:среднее,разнообразие_яркости:низкое,вариабельность_оттенка:низкая,вариабельность_насыщенности:средняя,вариабельность_яркости:низкая,насыщенность:средняя,яркость:высокая,энергия_текстуры:низкая,энтропия_текстуры:высокая,энтропия_lbp:высокая,среднее_lbp:среднее,разброс_lbp:средний,медиана_lbp:типичная,темные_пиксели:нет,белые_пиксели:нет,красные_пиксели:много,синие_пиксели:нет,яркие_выбросы:нет,темные_выбросы:много
/kaggle/input/datasets/mihailodin1/all-image-skin/1362.jpg,success,8.194044239377254,133.84169120937096,172.35901357250503,2.276872364389587,31.923063695673783,16.95102462598417,0.22974827537829443,0.29760135843733965,0.47265036344209893,0.1803638517137879,2.01094005907234,1.4852954599184838,42.46671248404959,15.701327710920197,"[[9, 161, 159], [5, 84, 195], [9, 120, 180]]",0.0,7.568725137294448e-05,0.9977494173194692,1.113047814308007e-05,0.6251690338378779,44.37514742204459,-23.829657503822006,-5.6856073578414055,-1.3544701203271643,4.391408324507154,1.3977547069269463,-24.089660789308766,0.018627968220258806,0.004821723131582287,449217,2610.46628344059,3.894843364177013,0.8283805068003883,0.9859872611464968,0.33821825522077315,0.9701242411742983,0.7393423196563472,724.5377337159119,1.0599925135765573,0.9330042284183389,0.16189215489811126,0.9241790483668706,0.384282267992701,4.715274277727499,0.20212923192683396,2.143397573438742,5.127545650392121,2.3046932511305793,5.0,81.65921446930714,1.0,0.16910912761038657,0.6097275916246794,0.41161549824030874,умеренная,умеренно неровные,выраженный,монотонная,неоднородная,лобуляции слабые,с примесью красного или синего,округлая,тёмный ободок по краю,цвет однородный,грубая,овальная,красноватый,хаотичная,размер:средний,периметр:средний,выпуклость:средняя,плотность:высокая,заполнение_bbox:среднее,вариация_радиуса:средняя,граница:сильно_изрезанная,форма:округлая,отношение_периметр_площадь:среднее,красный:норма,зеленый:норма,синий:норма,контраст:умеренный,центр:оттенок_как_периферия,насыщенность_центра:умеренно_выше,яркость_центра:темнее,ободок:слегка_темнее,яркость_асимметрия:слабая,яркость_асимметрия:слабая,насыщенность_асимметрия:слабая,насыщенность_асимметрия:слабая,разнообразие_оттенка:низкое,разнообразие_насыщенности:среднее,разнообразие_яркости:низкое,вариабельность_оттенка:низкая,вариабельность_насыщенности:средняя,вариабельность_яркости:низкая,насыщенность:средняя,яркость:высокая,энергия_текстуры:низкая,энтропия_текстуры:высокая,энтропия_lbp:высокая,среднее_lbp:высокое,разброс_lbp:высокий,медиана_lbp:типичная,темные_пиксели:нет,белые_пиксели:нет,красные_пиксели:преобладают,синие_пиксели:нет,яркие_выбросы:много,темные_выбросы:нет
